UDI,Product ID,Type,Air temperature [K],Process temperature [K],Rotational speed [rpm],Torque [Nm],Tool wear [min],Machine failure,TWF,HDF,PWF,OSF,RNF
1,M10000,M,302.4,314.4,1925,21.2,0,0,0,0,0,0,0
2,L10001,L,302.4,314.6,1366,51.3,3,0,0,0,0,0,0
3,H10002,H,302.4,314.6,1332,51.8,5,0,0,0,0,0,0
4,M10003,M,302.3,314.6,1716,35.3,10,0,0,0,0,0,0
5,L10004,L,302.2,314.5,1450,45.2,13,0,0,0,0,0,0
6,H10005,H,302.3,314.6,1627,37.8,15,0,0,0,0,0,0
7,M10006,M,302.3,314.6,1606,42.4,20,0,0,0,0,0,0
8,M10007,M,302.3,314.6,1780,28.5,23,0,0,0,0,0,0
9,L10008,L,302.2,314.6,1376,46.2,26,0,0,0,0,0,0
10,L10009,L,302.3,314.6,1748,23.6,28,0,0,0,0,0,0
11,L10010,L,302.3,314.7,1833,21.7,30,0,0,0,0,0,0
12,H10011,H,302.3,314.7,1598,38.8,32,0,0,0,0,0,0
13,M10012,M,302.3,314.6,1599,37.9,37,0,0,0,0,0,0
14,H10013,H,302.3,314.7,1615,42.7,40,0,0,0,0,0,0
15,L10014,L,302.3,314.6,1673,33.5,45,0,0,0,0,0,0
16,L10015,L,302.3,314.7,1199,58.9,47,0,0,0,0,0,0
17,M10016,M,302.2,314.7,1447,41.6,49,0,0,0,0,0,0
18,L10017,L,302.3,314.7,1564,42.3,52,0,0,0,0,0,0
19,H10018,H,302.2,314.6,1504,42.0,54,0,0,0,0,0,0
20,M10019,M,302.2,314.6,1283,50.0,59,0,0,0,0,0,0
21,M10020,M,302.3,314.7,1441,45.8,62,0,0,0,0,0,0
22,L10021,L,302.3,314.7,1407,44.4,65,0,0,0,0,0,0
23,H10022,H,302.2,314.5,1389,47.4,67,0,0,0,0,0,0
24,H10023,H,302.2,314.5,1849,21.8,72,0,0,0,0,0,0
25,M10024,M,302.1,314.4,1791,22.1,77,0,0,0,0,0,0
26,L10025,L,302.1,314.4,1524,39.2,80,0,0,0,0,0,0
27,L10026,L,302.2,314.3,1530,38.0,82,0,0,0,0,0,0
28,L10027,L,302.2,314.4,1399,45.8,84,0,0,0,0,0,0
29,L10028,L,302.2,314.4,1478,40.2,86,0,0,0,0,0,0
30,M10029,M,302.1,314.3,1412,45.8,88,0,0,0,0,0,0
31,M10030,M,302.1,314.3,1700,27.5,91,0,0,0,0,0,0
32,H10031,H,302.1,314.3,1573,39.9,94,0,0,0,0,0,0
33,L10032,L,302.1,314.4,1777,26.6,99,0,0,0,0,0,0
34,L10033,L,302.2,314.6,1539,43.9,101,0,0,0,0,0,0
35,L10034,L,302.1,314.5,1963,21.2,103,0,0,0,0,0,0
36,L10035,L,302.0,314.3,1517,43.5,105,0,0,0,0,0,0
37,L10036,L,301.9,314.1,1813,25.3,107,0,0,0,0,0,0
38,L10037,L,301.9,314.3,1645,36.2,109,0,0,0,0,0,0
39,L10038,L,301.9,314.3,1412,48.9,111,0,0,0,0,0,0
40,M10039,M,302.0,314.3,1502,42.3,113,0,0,0,0,0,0
41,L10040,L,302.0,314.3,1816,23.5,116,0,0,0,0,0,0
42,H10041,H,301.9,314.2,1595,33.3,118,0,0,0,0,0,0
43,M10042,M,302.0,314.3,1840,25.0,123,0,0,0,0,0,0
44,L10043,L,301.9,314.3,1824,23.1,126,0,0,0,0,0,0
45,H10044,H,301.9,314.3,1599,41.2,128,0,0,0,0,0,0
46,H10045,H,301.9,314.4,1494,45.6,133,0,0,0,0,0,0
47,L10046,L,301.9,314.5,1428,44.4,138,0,0,0,0,0,0
48,L10047,L,302.0,314.4,1505,46.0,140,0,0,0,0,0,0
49,M10048,M,302.0,314.5,1397,39.9,142,0,0,0,0,0,0
50,L10049,L,302.0,314.4,1692,37.3,145,0,0,0,0,0,0
51,L10050,L,301.9,314.3,1646,29.3,147,0,0,0,0,0,0
52,L10051,L,302.0,314.4,1641,35.6,149,0,0,0,0,0,0
53,M10052,M,301.9,314.3,1787,26.8,151,0,0,0,0,0,0
54,M10053,M,301.9,314.3,1745,31.5,154,0,0,0,0,0,0
55,M10054,M,301.9,314.2,1505,40.9,157,0,0,0,0,0,0
56,M10055,M,301.9,314.3,1438,38.8,160,0,0,0,0,0,0
57,L10056,L,301.9,314.2,1100,70.6,163,1,0,0,0,1,0
58,M10057,M,301.9,314.1,1755,26.5,165,0,0,0,0,0,0
59,L10058,L,301.9,314.1,1445,38.7,168,0,0,0,0,0,0
60,L10059,L,301.9,314.1,1783,25.8,170,0,0,0,0,0,0
61,M10060,M,301.9,314.1,1544,36.1,172,0,0,0,0,0,0
62,L10061,L,301.9,314.0,1633,36.5,175,0,0,0,0,0,0
63,M10062,M,301.9,314.0,1381,48.4,177,0,0,0,0,0,0
64,M10063,M,301.9,314.0,1724,35.5,180,0,0,0,0,0,0
65,M10064,M,301.9,314.0,1556,38.1,183,0,0,0,0,0,0
66,M10065,M,301.9,314.0,1635,35.7,186,0,0,0,0,0,0
67,M10066,M,301.9,313.9,1764,26.0,189,0,0,0,0,0,0
68,L10067,L,301.9,313.8,1558,33.5,192,0,0,0,0,0,0
69,L10068,L,302.0,313.9,1592,36.2,194,0,0,0,0,0,0
70,L10069,L,302.1,313.9,1568,40.7,196,0,0,0,0,0,0
71,L10070,L,302.0,313.8,1477,45.6,198,0,0,0,0,0,0
72,L10071,L,302.0,313.8,1562,37.7,200,0,0,0,0,0,0
73,H10072,H,302.0,313.9,1499,37.5,202,0,0,0,0,0,0
74,L10073,L,302.0,313.9,1867,22.8,207,0,0,0,0,0,0
75,L10074,L,302.1,314.0,1470,45.4,0,0,0,0,0,0,0
76,L10075,L,302.1,313.9,1703,33.0,2,0,0,0,0,0,0
77,L10076,L,302.1,313.8,1396,47.5,4,0,0,0,0,0,0
78,M10077,M,302.1,314.0,1220,53.2,6,0,0,0,0,0,0
79,M10078,M,302.0,313.9,1600,38.1,9,0,0,0,0,0,0
80,M10079,M,301.9,313.9,1712,29.8,12,0,0,0,0,0,0
81,M10080,M,302.1,314.0,1619,39.8,15,0,0,0,0,0,0
82,L10081,L,302.1,314.1,1480,43.5,18,0,0,0,0,0,0
83,H10082,H,302.1,314.2,1589,36.8,20,0,0,0,0,0,0
84,L10083,L,302.0,314.1,1657,34.4,25,0,0,0,0,0,0
85,L10084,L,302.0,314.2,1409,45.6,27,0,0,0,0,0,0
86,L10085,L,302.0,314.0,1417,45.0,29,0,0,0,0,0,0
87,M10086,M,302.1,314.1,1591,36.5,31,0,0,0,0,0,0
88,L10087,L,302.1,314.1,1768,23.5,34,0,0,0,0,0,0
89,L10088,L,301.9,313.9,1448,44.6,36,0,0,0,0,0,0
90,M10089,M,301.9,313.9,1777,32.3,38,0,0,0,0,0,0
91,L10090,L,302.0,313.9,1560,42.1,41,0,0,0,0,0,0
92,M10091,M,302.0,313.8,1530,41.5,43,0,0,0,0,0,0
93,L10092,L,301.9,313.8,1946,21.1,46,0,0,0,0,0,0
94,L10093,L,301.9,313.8,1478,40.8,48,0,0,0,0,0,0
95,L10094,L,301.9,313.8,1590,45.1,50,0,0,0,0,0,0
96,M10095,M,301.8,313.6,1404,46.4,52,0,0,0,0,0,0
97,L10096,L,301.8,313.6,1630,41.2,55,0,0,0,0,0,0
98,L10097,L,301.7,313.6,1986,20.2,57,0,0,0,0,0,0
99,L10098,L,301.7,313.4,1223,52.8,59,0,0,0,0,0,0
100,H10099,H,301.8,313.4,1550,44.1,61,0,0,0,0,0,0
101,H10100,H,301.7,313.3,1727,28.0,66,0,0,0,0,0,0
102,M10101,M,301.7,313.2,1640,32.1,71,0,0,0,0,0,0
103,L10102,L,301.7,313.3,1528,42.3,74,0,0,0,0,0,0
104,H10103,H,301.8,313.2,1366,46.8,76,0,0,0,0,0,0
105,M10104,M,301.8,313.2,1649,35.1,81,0,0,0,0,0,0
106,M10105,M,301.7,313.2,1345,48.3,84,0,0,0,0,0,0
107,L10106,L,301.8,313.3,1853,22.1,87,0,0,0,0,0,0
108,L10107,L,301.8,313.3,1790,29.6,89,0,0,0,0,0,0
109,L10108,L,301.8,313.2,1911,19.4,91,0,0,0,0,0,0
110,H10109,H,301.8,313.3,1670,31.0,93,0,0,0,0,0,0
111,L10110,L,301.8,313.2,1312,55.1,98,0,0,0,0,0,0
112,L10111,L,301.8,313.3,1109,60.6,100,0,0,0,0,0,0
113,L10112,L,301.7,313.2,1451,42.3,102,0,0,0,0,0,0
114,M10113,M,301.7,313.2,1623,33.6,104,0,0,0,0,0,0
115,L10114,L,301.7,313.1,1620,37.8,107,0,0,0,0,0,0
116,H10115,H,301.7,313.1,1480,44.7,109,0,0,0,0,0,0
117,M10116,M,301.7,313.1,1834,24.4,114,0,0,0,0,0,0
118,M10117,M,301.7,313.1,1634,34.3,117,0,0,0,0,0,0
119,L10118,L,301.6,312.9,1250,54.3,120,0,0,0,0,0,0
120,M10119,M,301.6,312.9,1799,29.5,122,0,0,0,0,0,0
121,M10120,M,301.6,312.9,1626,32.5,125,0,0,0,0,0,0
122,M10121,M,301.5,312.8,1559,40.1,128,0,0,0,0,0,0
123,L10122,L,301.4,312.7,1484,42.8,131,0,0,0,0,0,0
124,L10123,L,301.4,312.9,1676,33.7,133,0,0,0,0,0,0
125,L10124,L,301.4,312.9,1491,40.8,135,0,0,0,0,0,0
126,L10125,L,301.4,312.8,1493,46.1,137,0,0,0,0,0,0
127,L10126,L,301.4,312.9,1281,59.6,139,0,0,0,0,0,0
128,L10127,L,301.3,312.8,1615,38.7,141,0,0,0,0,0,0
129,L10128,L,301.3,312.8,1554,39.6,143,0,0,0,0,0,0
130,M10129,M,301.3,312.9,1254,55.3,145,0,0,0,0,0,0
131,L10130,L,301.3,312.8,1789,34.5,148,0,0,0,0,0,0
132,H10131,H,301.4,313.0,1708,26.8,150,0,0,0,0,0,0
133,M10132,M,301.4,313.0,1545,42.5,155,0,0,0,0,0,0
134,L10133,L,301.4,313.2,1374,50.8,158,0,0,0,0,0,0
135,M10134,M,301.4,313.1,1473,43.6,160,0,0,0,0,0,0
136,L10135,L,301.3,313.0,1565,39.0,163,0,0,0,0,0,0
137,H10136,H,301.4,313.2,1756,25.5,165,0,0,0,0,0,0
138,L10137,L,301.4,313.2,1572,39.4,170,0,0,0,0,0,0
139,M10138,M,301.4,313.2,1346,52.3,172,0,0,0,0,0,0
140,L10139,L,301.4,313.2,1898,27.7,175,0,0,0,0,0,0
141,L10140,L,301.4,313.2,1639,37.6,177,0,0,0,0,0,0
142,L10141,L,301.4,313.3,1633,36.1,179,0,0,0,0,0,0
143,H10142,H,301.3,313.2,1689,33.0,181,0,0,0,0,0,0
144,M10143,M,301.4,313.2,1599,42.5,186,0,0,0,0,0,0
145,L10144,L,301.4,313.3,1408,44.4,189,0,0,0,0,0,0
146,L10145,L,301.4,313.2,1454,44.3,191,0,0,0,0,0,0
147,L10146,L,301.4,313.2,1598,30.2,193,0,0,0,0,0,0
148,M10147,M,301.4,313.1,1849,23.5,195,0,0,0,0,0,0
149,L10148,L,301.3,313.1,1541,42.6,198,0,0,0,0,0,0
150,L10149,L,301.3,313.2,1568,34.9,200,0,0,0,0,0,0
151,H10150,H,301.2,313.1,1306,58.4,202,0,0,0,0,0,0
152,H10151,H,301.2,313.0,1177,58.8,207,0,0,0,0,0,0
153,L10152,L,301.3,313.0,1180,59.9,212,1,0,0,0,1,0
154,M10153,M,301.3,313.1,1705,30.6,214,0,0,0,0,0,0
155,L10154,L,301.3,313.2,1530,45.7,217,0,0,0,0,0,0
156,M10155,M,301.3,313.2,1342,48.7,219,0,0,0,0,0,0
157,L10156,L,301.3,313.2,1425,47.6,222,1,1,0,0,0,0
158,M10157,M,301.4,313.3,1642,36.5,0,0,0,0,0,0,0
159,M10158,M,301.4,313.3,1352,52.8,3,0,0,0,0,0,0
160,M10159,M,301.5,313.6,1572,40.0,6,0,0,0,0,0,0
161,L10160,L,301.5,313.6,1559,41.3,9,0,0,0,0,0,0
162,H10161,H,301.4,313.6,1769,24.6,11,0,0,0,0,0,0
163,L10162,L,301.4,313.5,1523,46.4,16,0,0,0,0,0,0
164,L10163,L,301.4,313.5,1576,37.4,18,0,0,0,0,0,0
165,M10164,M,301.4,313.7,1445,44.6,20,0,0,0,0,0,0
166,L10165,L,301.5,313.7,1573,42.4,23,0,0,0,0,0,0
167,H10166,H,301.5,313.8,1472,41.8,25,0,0,0,0,0,0
168,H10167,H,301.5,313.7,1564,39.5,30,0,0,0,0,0,0
169,L10168,L,301.4,313.6,1364,47.9,35,0,0,0,0,0,0
170,H10169,H,301.3,313.5,1713,38.0,37,0,0,0,0,0,0
171,L10170,L,301.3,313.5,1914,25.4,42,0,0,0,0,0,0
172,M10171,M,301.3,313.5,1435,45.7,44,0,0,0,0,0,0
173,L10172,L,301.2,313.4,1705,31.9,47,0,0,0,0,0,0
174,H10173,H,301.3,313.5,1763,26.8,49,0,0,0,0,0,0
175,L10174,L,301.4,313.6,1692,29.8,54,0,0,0,0,0,0
176,L10175,L,301.3,313.5,1497,42.8,56,0,0,0,0,0,0
177,L10176,L,301.4,313.5,1552,39.0,58,0,0,0,0,0,0
178,H10177,H,301.4,313.5,1816,18.7,60,0,0,0,0,0,0
179,H10178,H,301.4,313.4,1618,36.2,65,0,0,0,0,0,0
180,M10179,M,301.4,313.3,1337,51.7,70,0,0,0,0,0,0
181,H10180,H,301.4,313.3,1632,35.5,73,0,0,0,0,0,0
182,H10181,H,301.4,313.3,1562,38.3,78,0,0,0,0,0,0
183,M10182,M,301.4,313.4,1340,50.4,83,0,0,0,0,0,0
184,L10183,L,301.4,313.5,1452,48.0,86,0,0,0,0,0,0
185,M10184,M,301.4,313.5,1394,50.2,88,0,0,0,0,0,0
186,M10185,M,301.5,313.5,2088,12.3,91,1,0,0,1,0,0
187,L10186,L,301.5,313.5,1271,57.3,94,0,0,0,0,0,0
188,L10187,L,301.5,313.7,1419,46.4,96,0,0,0,0,0,0
189,M10188,M,301.5,313.6,1154,64.6,98,0,0,0,0,0,0
190,L10189,L,301.4,313.5,1560,32.2,101,0,0,0,0,0,0
191,H10190,H,301.5,313.5,1955,22.4,103,0,0,0,0,0,0
192,L10191,L,301.6,313.6,1552,40.1,108,0,0,0,0,0,0
193,L10192,L,301.6,313.7,1707,37.2,110,0,0,0,0,0,0
194,H10193,H,301.6,313.7,1378,46.5,112,0,0,0,0,0,0
195,L10194,L,301.6,313.8,1293,50.7,117,0,0,0,0,0,0
196,L10195,L,301.7,313.7,1573,39.1,119,0,0,0,0,0,0
197,M10196,M,301.6,313.6,1599,37.6,121,0,0,0,0,0,0
198,H10197,H,301.6,313.7,1468,45.2,124,0,0,0,0,0,0
199,L10198,L,301.5,313.6,1592,37.4,129,0,0,0,0,0,0
200,L10199,L,301.5,313.5,1561,36.6,131,0,0,0,0,0,0
201,M10200,M,301.5,313.5,1279,50.4,133,0,0,0,0,0,0
202,H10201,H,301.6,313.6,1340,52.6,136,0,0,0,0,0,0
203,M10202,M,301.5,313.5,1282,50.8,141,0,0,0,0,0,0
204,L10203,L,301.5,313.4,1490,38.3,144,0,0,0,0,0,0
205,L10204,L,301.5,313.5,1881,18.6,146,0,0,0,0,0,0
206,L10205,L,301.5,313.5,1587,38.5,148,0,0,0,0,0,0
207,L10206,L,301.6,313.5,1778,32.4,150,0,0,0,0,0,0
208,M10207,M,301.5,313.4,1615,38.7,152,0,0,0,0,0,0
209,L10208,L,301.5,313.4,1732,33.3,155,0,0,0,0,0,0
210,M10209,M,301.5,313.4,1578,39.8,157,0,0,0,0,0,0
211,M10210,M,301.6,313.5,1735,29.6,160,0,0,0,0,0,0
212,M10211,M,301.6,313.3,1896,27.2,163,0,0,0,0,0,0
213,L10212,L,301.6,313.4,1256,52.2,166,0,0,0,0,0,0
214,H10213,H,301.6,313.4,1680,30.3,168,0,0,0,0,0,0
215,M10214,M,301.5,313.3,1519,40.0,173,0,0,0,0,0,0
216,M10215,M,301.5,313.3,1426,49.5,176,0,0,0,0,0,0
217,L10216,L,301.5,313.3,1328,49.1,179,0,0,0,0,0,0
218,L10217,L,301.5,313.4,1446,47.9,181,0,0,0,0,0,0
219,H10218,H,301.5,313.3,1519,43.0,183,0,0,0,0,0,0
220,L10219,L,301.5,313.3,1460,47.2,188,0,0,0,0,0,0
221,L10220,L,301.5,313.4,1349,53.7,190,0,0,0,0,0,0
222,L10221,L,301.6,313.5,1552,44.3,192,0,0,0,0,0,0
223,M10222,M,301.5,313.5,1848,21.6,194,0,0,0,0,0,0
224,H10223,H,301.6,313.6,1658,34.7,197,0,0,0,0,0,0
225,L10224,L,301.6,313.7,1378,47.0,202,0,0,0,0,0,0
226,H10225,H,301.6,313.7,1591,33.7,204,0,0,0,0,0,0
227,L10226,L,301.7,313.8,1361,56.2,209,1,0,0,0,1,0
228,M10227,M,301.7,313.8,1503,39.4,0,0,0,0,0,0,0
229,M10228,M,301.7,313.9,1559,40.9,3,0,0,0,0,0,0
230,L10229,L,301.7,313.9,1376,51.2,6,0,0,0,0,0,0
231,L10230,L,301.7,313.9,1635,38.2,8,0,0,0,0,0,0
232,L10231,L,301.7,313.8,1415,41.8,10,0,0,0,0,0,0
233,H10232,H,301.8,313.7,1435,49.0,12,0,0,0,0,0,0
234,M10233,M,301.7,313.7,1785,25.3,17,0,0,0,0,0,0
235,H10234,H,301.7,313.7,1553,37.1,20,0,0,0,0,0,0
236,H10235,H,301.7,313.7,1383,48.3,25,0,0,0,0,0,0
237,L10236,L,301.7,313.7,1585,40.7,30,0,0,0,0,0,0
238,M10237,M,301.8,313.7,1329,54.7,32,0,0,0,0,0,0
239,L10238,L,301.9,313.8,1799,24.2,35,0,0,0,0,0,0
240,L10239,L,301.9,313.8,1762,23.1,37,0,0,0,0,0,0
241,H10240,H,301.8,313.8,1347,47.7,39,0,0,0,0,0,0
242,M10241,M,301.9,313.8,1433,48.7,44,0,0,0,0,0,0
243,L10242,L,301.8,313.8,1499,38.1,47,0,0,0,0,0,0
244,M10243,M,301.8,313.7,1463,44.0,49,0,0,0,0,0,0
245,M10244,M,301.8,313.8,1561,47.5,52,0,0,0,0,0,0
246,H10245,H,301.8,313.7,1702,31.9,55,0,0,0,0,0,0
247,M10246,M,301.8,313.6,1700,32.9,60,0,0,0,0,0,0
248,L10247,L,301.7,313.6,1446,41.9,63,0,0,0,0,0,0
249,L10248,L,301.7,313.5,1316,49.0,65,0,0,0,0,0,0
250,L10249,L,301.7,313.5,1781,28.3,67,0,0,0,0,0,0
251,M10250,M,301.7,313.5,1556,38.0,69,0,0,0,0,0,0
252,H10251,H,301.8,313.6,1645,37.6,72,0,0,0,0,0,0
253,L10252,L,301.8,313.8,1475,44.2,77,0,0,0,0,0,0
254,L10253,L,301.8,313.8,1738,39.9,79,0,0,0,0,0,0
255,L10254,L,301.9,313.8,1604,34.5,81,0,0,0,0,0,0
256,M10255,M,302.0,314.0,1347,52.5,83,0,0,0,0,0,0
257,H10256,H,302.0,313.9,1585,34.6,86,0,0,0,0,0,0
258,L10257,L,302.0,313.9,1651,37.1,91,0,0,0,0,0,0
259,L10258,L,302.0,314.0,1839,24.1,93,0,0,0,0,0,0
260,M10259,M,302.1,314.1,1611,32.9,95,0,0,0,0,0,0
261,L10260,L,302.1,314.1,1438,45.2,98,0,0,0,0,0,0
262,H10261,H,302.1,314.2,1566,43.2,100,0,0,0,0,0,0
263,L10262,L,302.1,314.1,1512,46.0,105,0,0,0,0,0,0
264,L10263,L,302.1,314.1,1371,45.5,107,0,0,0,0,0,0
265,H10264,H,302.0,314.2,1163,60.9,109,0,0,0,0,0,0
266,L10265,L,302.0,314.1,1773,32.5,114,0,0,0,0,0,0
267,L10266,L,302.0,314.2,1810,23.8,116,0,0,0,0,0,0
268,L10267,L,302.0,314.2,1732,29.5,118,0,0,0,0,0,0
269,L10268,L,302.0,314.1,1721,33.0,120,0,0,0,0,0,0
270,L10269,L,302.0,314.1,1635,30.3,122,0,0,0,0,0,0
271,L10270,L,302.0,314.1,1475,40.9,124,0,0,0,0,0,0
272,L10271,L,302.0,314.1,1312,52.5,126,0,0,0,0,0,0
273,L10272,L,302.0,314.2,1349,55.4,128,0,0,0,0,0,0
274,M10273,M,302.0,314.2,1515,45.0,130,0,0,0,0,0,0
275,M10274,M,302.0,314.2,1220,61.4,133,0,0,0,0,0,0
276,L10275,L,302.0,314.2,1596,36.4,136,0,0,0,0,0,0
277,L10276,L,302.0,314.3,1884,23.7,138,0,0,0,0,0,0
278,M10277,M,302.0,314.2,1356,50.5,140,0,0,0,0,0,0
279,H10278,H,301.9,314.2,1889,21.6,143,0,0,0,0,0,0
280,H10279,H,302.0,314.2,1723,32.4,148,0,0,0,0,0,0
281,L10280,L,301.9,314.1,1550,45.2,153,0,0,0,0,0,0
282,L10281,L,301.9,314.3,1558,39.0,155,0,0,0,0,0,0
283,L10282,L,301.9,314.2,1556,38.1,157,0,0,0,0,0,0
284,L10283,L,302.0,314.3,1817,28.2,159,0,0,0,0,0,0
285,M10284,M,302.0,314.3,1622,39.9,161,0,0,0,0,0,0
286,L10285,L,302.0,314.3,1343,50.0,164,0,0,0,0,0,0
287,L10286,L,302.0,314.4,1478,40.2,166,0,0,0,0,0,0
288,L10287,L,302.0,314.5,1753,31.7,168,0,0,0,0,0,0
289,M10288,M,302.1,314.6,1664,27.5,170,0,0,0,0,0,0
290,L10289,L,302.1,314.5,1587,31.9,173,0,0,0,0,0,0
291,H10290,H,302.1,314.6,1462,43.9,175,0,0,0,0,0,0
292,L10291,L,302.1,314.7,1485,43.4,180,0,0,0,0,0,0
293,H10292,H,302.2,314.8,1615,32.0,182,0,0,0,0,0,0
294,L10293,L,302.1,314.8,1926,17.9,187,0,0,0,0,0,0
295,H10294,H,302.1,314.8,1481,44.2,189,0,0,0,0,0,0
296,H10295,H,302.2,314.9,1664,31.0,194,0,0,0,0,0,0
297,H10296,H,302.1,314.9,1534,46.9,199,0,0,0,0,0,0
298,H10297,H,302.1,314.9,1691,32.4,204,0,0,0,0,0,0
299,M10298,M,302.2,315.0,1769,30.1,209,0,0,0,0,0,0
300,M10299,M,302.2,315.0,1431,41.5,212,0,0,0,0,0,0
301,M10300,M,302.2,314.9,1100,63.6,215,1,0,0,0,1,0
302,L10301,L,302.2,315.1,1436,47.5,218,0,0,0,0,0,0
303,M10302,M,302.2,315.0,1619,41.4,220,0,0,0,0,0,0
304,M10303,M,302.2,314.9,1421,43.6,223,0,0,0,0,0,0
305,H10304,H,302.2,315.0,1844,22.5,226,0,0,0,0,0,0
306,L10305,L,302.2,314.9,1660,28.8,0,0,0,0,0,0,0
307,L10306,L,302.2,314.9,1925,14.9,2,1,0,0,1,0,0
308,M10307,M,302.2,314.8,1255,57.3,4,0,0,0,0,0,0
309,L10308,L,302.3,315.0,1251,55.3,7,0,0,0,0,0,0
310,L10309,L,302.2,314.9,1398,43.9,9,0,0,0,0,0,0
311,L10310,L,302.2,314.8,1441,41.4,11,0,0,0,0,0,0
312,L10311,L,302.2,314.8,1696,24.5,13,0,0,0,0,0,0
313,L10312,L,302.2,314.8,1602,37.8,15,0,0,0,0,0,0
314,L10313,L,302.2,314.9,1267,57.9,17,0,0,0,0,0,0
315,L10314,L,302.2,315.0,1549,41.3,19,0,0,0,0,0,0
316,L10315,L,302.3,315.1,1583,34.4,21,0,0,0,0,0,0
317,L10316,L,302.3,315.0,1893,22.4,23,0,0,0,0,0,0
318,M10317,M,302.3,315.0,1343,53.8,25,0,0,0,0,0,0
319,L10318,L,302.2,315.0,1550,39.3,28,0,0,0,0,0,0
320,H10319,H,302.2,315.0,1828,22.4,30,0,0,0,0,0,0
321,H10320,H,302.1,315.0,1659,30.8,35,0,0,0,0,0,0
322,L10321,L,302.1,315.1,1766,27.2,40,0,0,0,0,0,0
323,L10322,L,302.2,315.1,1651,38.7,42,0,0,0,0,0,0
324,M10323,M,302.1,315.1,1566,42.1,44,0,0,0,0,0,0
325,H10324,H,302.2,315.2,1609,35.0,47,0,0,0,0,0,0
326,M10325,M,302.2,315.3,1436,47.8,52,0,0,0,0,0,0
327,H10326,H,302.2,315.4,1463,40.8,55,0,0,0,0,0,0
328,M10327,M,302.2,315.4,1398,50.6,60,0,0,0,0,0,0
329,M10328,M,302.3,315.4,1552,36.4,63,0,0,0,0,0,0
330,L10329,L,302.2,315.3,1100,70.5,66,0,0,0,0,0,0
331,M10330,M,302.3,315.3,1800,34.4,68,0,0,0,0,0,0
332,L10331,L,302.3,315.4,1660,31.0,71,0,0,0,0,0,0
333,M10332,M,302.3,315.5,1876,29.7,73,0,0,0,0,0,0
334,H10333,H,302.4,315.4,1601,37.9,76,0,0,0,0,0,0
335,L10334,L,302.4,315.4,1789,22.8,81,0,0,0,0,0,0
336,M10335,M,302.4,315.5,1443,42.9,83,0,0,0,0,0,0
337,L10336,L,302.4,315.4,1994,20.9,86,0,0,0,0,0,0
338,M10337,M,302.4,315.5,1538,41.6,88,0,0,0,0,0,0
339,L10338,L,302.4,315.5,1736,26.5,91,0,0,0,0,0,0
340,H10339,H,302.4,315.4,1591,36.2,93,0,0,0,0,0,0
341,L10340,L,302.4,315.4,1459,46.0,98,0,0,0,0,0,0
342,H10341,H,302.4,315.4,1146,63.0,100,0,0,0,0,0,0
343,H10342,H,302.3,315.5,1741,29.2,105,0,0,0,0,0,0
344,M10343,M,302.3,315.4,1663,38.5,110,0,0,0,0,0,0
345,M10344,M,302.4,315.5,1598,32.8,113,0,0,0,0,0,0
346,M10345,M,302.4,315.5,1722,31.3,116,0,0,0,0,0,0
347,H10346,H,302.5,315.6,1656,32.9,119,0,0,0,0,0,0
348,L10347,L,302.5,315.6,1370,48.2,124,0,0,0,0,0,0
349,M10348,M,302.5,315.6,1681,35.1,126,0,0,0,0,0,0
350,L10349,L,302.5,315.5,1100,62.5,129,0,0,0,0,0,0
351,M10350,M,302.5,315.5,1335,44.2,131,0,0,0,0,0,0
352,L10351,L,302.5,315.5,1722,29.9,134,0,0,0,0,0,0
353,M10352,M,302.5,315.5,1593,36.3,136,0,0,0,0,0,0
354,M10353,M,302.5,315.6,1599,32.0,139,0,0,0,0,0,0
355,L10354,L,302.5,315.6,1306,48.0,142,0,0,0,0,0,0
356,M10355,M,302.5,315.6,1925,23.6,144,0,0,0,0,0,0
357,M10356,M,302.6,315.7,1792,26.6,147,0,0,0,0,0,0
358,M10357,M,302.6,315.6,1640,34.1,150,0,0,0,0,0,0
359,L10358,L,302.6,315.7,1545,46.8,153,0,0,0,0,0,0
360,M10359,M,302.5,315.7,1385,52.3,155,0,0,0,0,0,0
361,H10360,H,302.5,315.6,1402,53.8,158,0,0,0,0,0,0
362,L10361,L,302.5,315.5,1382,45.3,163,0,0,0,0,0,0
363,L10362,L,302.5,315.5,1484,39.2,165,0,0,0,0,0,0
364,L10363,L,302.5,315.4,1437,47.9,167,0,0,0,0,0,0
365,M10364,M,302.5,315.4,1756,28.6,169,0,0,0,0,0,0
366,L10365,L,302.6,315.4,1922,21.6,172,0,0,0,0,0,0
367,M10366,M,302.6,315.5,1373,44.4,174,0,0,0,0,0,0
368,M10367,M,302.7,315.5,1748,29.9,177,0,0,0,0,0,0
369,L10368,L,302.6,315.5,1604,39.3,180,0,0,0,0,0,0
370,H10369,H,302.6,315.4,1570,41.2,182,0,0,0,0,0,0
371,M10370,M,302.6,315.4,1473,42.5,187,0,0,0,0,0,0
372,L10371,L,302.6,315.4,1408,49.4,190,0,0,0,0,0,0
373,L10372,L,302.7,315.4,1353,48.3,192,0,0,0,0,0,0
374,L10373,L,302.7,315.4,1488,42.0,194,0,0,0,0,0,0
375,L10374,L,302.7,315.5,1555,35.6,196,0,0,0,0,0,0
376,L10375,L,302.7,315.4,1477,41.1,198,0,0,0,0,0,0
377,H10376,H,302.6,315.4,1626,34.0,200,0,0,0,0,0,0
378,L10377,L,302.6,315.5,1544,38.0,205,0,0,0,0,0,0
379,L10378,L,302.6,315.4,1100,66.2,0,0,0,0,0,0,0
380,M10379,M,302.6,315.4,1434,41.8,2,0,0,0,0,0,0
381,M10380,M,302.5,315.3,1571,44.5,5,0,0,0,0,0,0
382,H10381,H,302.5,315.3,1630,32.9,8,0,0,0,0,0,0
383,M10382,M,302.5,315.4,1383,50.2,13,0,0,0,0,0,0
384,L10383,L,302.5,315.3,1310,47.6,16,0,0,0,0,0,0
385,L10384,L,302.4,315.2,1483,47.7,18,0,0,0,0,0,0
386,H10385,H,302.4,315.2,1511,42.1,20,0,0,0,0,0,0
387,M10386,M,302.4,315.2,1337,50.3,25,0,0,0,0,0,0
388,H10387,H,302.4,315.3,1297,52.7,28,0,0,0,0,0,0
389,L10388,L,302.5,315.3,1538,42.8,33,0,0,0,0,0,0
390,H10389,H,302.5,315.4,1392,38.9,35,0,0,0,0,0,0
391,M10390,M,302.5,315.3,1340,48.9,40,0,0,0,0,0,0
392,L10391,L,302.4,315.1,1685,31.0,43,0,0,0,0,0,0
393,M10392,M,302.4,315.1,1653,32.8,45,0,0,0,0,0,0
394,M10393,M,302.4,315.1,1687,39.5,48,0,0,0,0,0,0
395,L10394,L,302.5,315.0,1815,22.6,51,0,0,0,0,0,0
396,L10395,L,302.4,314.9,1453,48.3,53,0,0,0,0,0,0
397,H10396,H,302.4,315.0,1803,30.4,55,0,0,0,0,0,0
398,L10397,L,302.5,315.1,1656,35.3,60,0,0,0,0,0,0
399,L10398,L,302.4,315.1,1537,37.9,62,0,0,0,0,0,0
400,L10399,L,302.4,315.1,1460,40.4,64,0,0,0,0,0,0
401,L10400,L,302.3,315.0,1638,36.6,66,0,0,0,0,0,0
402,H10401,H,302.4,315.1,1641,39.3,68,0,0,0,0,0,0
403,M10402,M,302.3,315.1,1579,39.4,73,0,0,0,0,0,0
404,L10403,L,302.3,315.0,1683,35.5,76,0,0,0,0,0,0
405,H10404,H,302.4,315.1,1814,32.3,78,0,0,0,0,0,0
406,H10405,H,302.4,315.0,1401,50.8,83,0,0,0,0,0,0
407,L10406,L,302.5,315.0,1834,19.0,88,0,0,0,0,0,0
408,H10407,H,302.5,315.0,1576,37.9,90,0,0,0,0,0,0
409,L10408,L,302.4,315.0,1694,35.3,95,0,0,0,0,0,0
410,H10409,H,302.4,314.9,1453,44.2,97,0,0,0,0,0,0
411,M10410,M,302.4,314.8,1869,25.5,102,0,0,0,0,0,0
412,M10411,M,302.4,314.8,1619,35.0,105,0,0,0,0,0,0
413,L10412,L,302.4,314.8,1574,39.0,108,0,0,0,0,0,0
414,H10413,H,302.4,314.7,1336,50.7,110,0,0,0,0,0,0
415,L10414,L,302.4,314.5,1490,43.3,115,0,0,0,0,0,0
416,L10415,L,302.4,314.5,1751,28.2,117,0,0,0,0,0,0
417,L10416,L,302.5,314.5,1531,35.1,119,0,0,0,0,0,0
418,M10417,M,302.5,314.5,1363,48.9,121,0,0,0,0,0,0
419,L10418,L,302.4,314.4,1673,28.0,124,0,0,0,0,0,0
420,H10419,H,302.5,314.5,1529,39.2,126,0,0,0,0,0,0
421,M10420,M,302.6,314.6,1495,39.9,131,0,0,0,0,0,0
422,L10421,L,302.5,314.6,1660,36.1,134,0,0,0,0,0,0
423,L10422,L,302.5,314.7,1137,67.0,136,0,0,0,0,0,0
424,L10423,L,302.4,314.6,1640,35.9,138,0,0,0,0,0,0
425,M10424,M,302.4,314.6,1391,44.5,140,0,0,0,0,0,0
426,H10425,H,302.3,314.6,1663,32.3,143,0,0,0,0,0,0
427,L10426,L,302.3,314.6,1373,45.3,148,0,0,0,0,0,0
428,H10427,H,302.3,314.6,1382,48.7,150,0,0,0,0,0,0
429,L10428,L,302.3,314.5,1674,34.1,155,0,0,0,0,0,0
430,H10429,H,302.2,314.6,1603,39.5,157,0,0,0,0,0,0
431,H10430,H,302.1,314.4,1717,31.0,162,0,0,0,0,0,0
432,M10431,M,302.1,314.3,1803,28.6,167,0,0,0,0,0,0
433,M10432,M,302.1,314.3,1376,50.4,170,0,0,0,0,0,0
434,H10433,H,302.2,314.4,1619,34.5,173,0,0,0,0,0,0
435,L10434,L,302.2,314.5,1997,15.9,178,1,0,0,1,0,0
436,L10435,L,302.2,314.3,1288,57.7,180,0,0,0,0,0,0
437,L10436,L,302.2,314.4,1645,32.0,182,0,0,0,0,0,0
438,M10437,M,302.3,314.5,1601,37.5,184,0,0,0,0,0,0
439,M10438,M,302.3,314.4,1243,56.4,187,0,0,0,0,0,0
440,M10439,M,302.2,314.3,1450,38.6,190,0,0,0,0,0,0
441,H10440,H,302.2,314.4,1590,38.4,193,0,0,0,0,0,0
442,L10441,L,302.2,314.3,1674,27.7,198,0,0,0,0,0,0
443,M10442,M,302.3,314.4,1834,23.7,200,0,0,0,0,0,0
444,L10443,L,302.2,314.3,1480,38.3,203,0,0,0,0,0,0
445,L10444,L,302.2,314.2,1436,43.6,205,0,0,0,0,0,0
446,M10445,M,302.2,314.2,1462,43.1,207,1,1,0,0,0,0
447,H10446,H,302.2,314.1,1687,35.2,0,0,0,0,0,0,0
448,M10447,M,302.1,314.0,1505,40.2,5,0,0,0,0,0,0
449,L10448,L,302.1,314.0,1790,21.6,8,0,0,0,0,0,0
450,M10449,M,302.1,314.0,1480,44.6,10,0,0,0,0,0,0
451,L10450,L,302.0,314.1,1498,41.6,13,0,0,0,0,0,0
452,H10451,H,302.1,314.2,1247,59.7,15,0,0,0,0,0,0
453,M10452,M,302.1,314.1,1480,40.1,20,0,0,0,0,0,0
454,L10453,L,302.1,314.1,1710,30.6,23,0,0,0,0,0,0
455,L10454,L,302.1,314.1,1685,39.5,25,0,0,0,0,0,0
456,L10455,L,302.1,314.0,1580,36.7,27,0,0,0,0,0,0
457,H10456,H,302.1,314.1,1475,44.3,29,0,0,0,0,0,0
458,L10457,L,302.1,314.2,1441,40.3,34,0,0,0,0,0,0
459,M10458,M,302.1,314.3,1705,27.4,36,0,0,0,0,0,0
460,M10459,M,302.2,314.4,1842,23.6,39,0,0,0,0,0,0
461,M10460,M,302.2,314.3,1475,42.6,42,0,0,0,0,0,0
462,L10461,L,302.2,314.3,1337,53.8,45,0,0,0,0,0,0
463,H10462,H,302.3,314.5,1548,40.8,47,0,0,0,0,0,0
464,L10463,L,302.2,314.4,1326,48.1,52,0,0,0,0,0,0
465,M10464,M,302.3,314.5,1423,50.1,54,0,0,0,0,0,0
466,M10465,M,302.3,314.4,1423,42.7,57,0,0,0,0,0,0
467,M10466,M,302.3,314.4,1634,31.9,60,0,0,0,0,0,0
468,H10467,H,302.4,314.5,1518,42.0,63,0,0,0,0,0,0
469,L10468,L,302.4,314.4,1420,52.1,68,0,0,0,0,0,0
470,M10469,M,302.3,314.4,1392,45.3,70,0,0,0,0,0,0
471,L10470,L,302.3,314.4,1419,47.5,73,0,0,0,0,0,0
472,L10471,L,302.4,314.4,1625,35.4,75,0,0,0,0,0,0
473,L10472,L,302.3,314.4,1609,38.0,77,0,0,0,0,0,0
474,L10473,L,302.3,314.3,1624,38.8,79,0,0,0,0,0,0
475,L10474,L,302.2,314.3,1524,39.5,81,0,0,0,0,0,0
476,L10475,L,302.3,314.3,1396,51.7,83,0,0,0,0,0,0
477,L10476,L,302.4,314.3,2011,16.5,85,1,0,0,1,0,0
478,M10477,M,302.4,314.2,1633,40.3,87,0,0,0,0,0,0
479,M10478,M,302.4,314.3,1580,39.2,90,0,0,0,0,0,0
480,L10479,L,302.4,314.3,1780,26.3,93,0,0,0,0,0,0
481,L10480,L,302.4,314.3,1397,46.7,95,0,0,0,0,0,0
482,L10481,L,302.4,314.2,1580,32.8,97,0,0,0,0,0,0
483,M10482,M,302.5,314.2,1583,36.4,99,0,0,0,0,0,0
484,L10483,L,302.4,314.1,1230,58.5,102,0,0,0,0,0,0
485,L10484,L,302.4,314.1,1360,50.1,104,0,0,0,0,0,0
486,L10485,L,302.4,314.2,1474,45.7,106,0,0,0,0,0,0
487,L10486,L,302.4,314.2,1392,43.8,108,0,0,0,0,0,0
488,L10487,L,302.4,314.3,1556,38.4,110,0,0,0,0,0,0
489,M10488,M,302.4,314.3,1309,60.0,112,0,0,0,0,0,0
490,M10489,M,302.4,314.2,1457,48.0,115,0,0,0,0,0,0
491,M10490,M,302.4,314.3,1700,32.5,118,0,0,0,0,0,0
492,M10491,M,302.5,314.2,1798,26.0,121,0,0,0,0,0,0
493,M10492,M,302.5,314.1,1421,45.7,124,0,0,0,0,0,0
494,L10493,L,302.5,314.2,1449,39.4,127,0,0,0,0,0,0
495,M10494,M,302.5,314.1,1807,25.7,129,0,0,0,0,0,0
496,M10495,M,302.5,314.2,1328,44.3,132,0,0,0,0,0,0
497,L10496,L,302.4,314.2,1566,37.3,135,0,0,0,0,0,0
498,M10497,M,302.4,314.1,1448,45.3,137,0,0,0,0,0,0
499,L10498,L,302.4,314.1,1438,44.4,140,0,0,0,0,0,0
500,M10499,M,302.4,314.2,1763,33.9,142,0,0,0,0,0,0
501,M10500,M,302.4,314.1,1532,46.3,145,0,0,0,0,0,0
502,H10501,H,302.5,314.1,1680,35.0,148,0,0,0,0,0,0
503,H10502,H,302.6,314.2,1560,35.7,153,0,0,0,0,0,0
504,M10503,M,302.6,314.2,1736,34.7,158,0,0,0,0,0,0
505,M10504,M,302.6,314.2,1380,51.3,161,0,0,0,0,0,0
506,M10505,M,302.6,314.2,1533,37.2,164,0,0,0,0,0,0
507,L10506,L,302.5,314.2,1306,53.7,167,0,0,0,0,0,0
508,H10507,H,302.5,314.1,1288,57.8,169,0,0,0,0,0,0
509,L10508,L,302.5,314.1,1630,32.6,174,0,0,0,0,0,0
510,L10509,L,302.5,314.1,2043,10.8,176,1,0,0,1,0,0
511,L10510,L,302.5,314.2,1378,50.4,178,0,0,0,0,0,0
512,H10511,H,302.4,314.3,1535,36.6,180,0,0,0,0,0,0
513,L10512,L,302.4,314.3,1670,31.3,185,0,0,0,0,0,0
514,L10513,L,302.4,314.2,1581,34.1,187,0,0,0,0,0,0
515,L10514,L,302.4,314.2,1657,35.9,189,0,0,0,0,0,0
516,L10515,L,302.4,314.3,1267,53.0,191,0,0,0,0,0,0
517,L10516,L,302.4,314.3,1527,41.6,193,0,0,0,0,0,0
518,M10517,M,302.4,314.4,1242,52.8,195,0,0,0,0,0,0
519,L10518,L,302.4,314.3,1391,44.9,198,1,1,0,0,0,0
520,H10519,H,302.3,314.2,1525,36.9,0,0,0,0,0,0,0
521,H10520,H,302.3,314.2,1588,36.1,5,0,0,0,0,0,0
522,L10521,L,302.4,314.3,1453,45.6,10,0,0,0,0,0,0
523,L10522,L,302.4,314.3,1419,48.2,12,0,0,0,0,0,0
524,M10523,M,302.4,314.3,1269,50.0,14,0,0,0,0,0,0
525,L10524,L,302.4,314.4,1573,37.4,17,0,0,0,0,0,0
526,L10525,L,302.4,314.2,1466,41.8,19,0,0,0,0,0,0
527,H10526,H,302.4,314.1,1469,45.8,21,0,0,0,0,0,0
528,H10527,H,302.4,314.0,1588,36.2,26,0,0,0,0,0,0
529,M10528,M,302.4,314.1,1726,28.7,31,0,0,0,0,0,0
530,L10529,L,302.4,314.0,1633,31.9,34,0,0,0,0,0,0
531,M10530,M,302.3,314.0,1675,37.6,36,0,0,0,0,0,0
532,M10531,M,302.4,314.1,1354,46.6,39,0,0,0,0,0,0
533,L10532,L,302.4,314.2,1302,52.6,42,0,0,0,0,0,0
534,M10533,M,302.4,314.1,1775,26.4,44,0,0,0,0,0,0
535,L10534,L,302.4,314.1,1626,34.0,47,0,0,0,0,0,0
536,L10535,L,302.4,314.2,1556,36.4,49,0,0,0,0,0,0
537,M10536,M,302.4,314.2,1302,47.9,51,0,0,0,0,0,0
538,L10537,L,302.4,314.1,1589,34.7,54,0,0,0,0,0,0
539,L10538,L,302.4,314.2,1557,35.7,56,0,0,0,0,0,0
540,H10539,H,302.5,314.3,1872,25.9,58,0,0,0,0,0,0
541,H10540,H,302.4,314.2,1582,44.8,63,0,0,0,0,0,0
542,M10541,M,302.5,314.2,1563,38.4,68,0,0,0,0,0,0
543,H10542,H,302.4,314.2,1571,33.5,71,0,0,0,0,0,0
544,H10543,H,302.4,314.2,1623,37.4,76,0,0,0,0,0,0
545,L10544,L,302.4,314.2,1292,51.3,81,0,0,0,0,0,0
546,L10545,L,302.4,314.2,1678,30.0,83,0,0,0,0,0,0
547,L10546,L,302.4,314.1,1646,31.6,85,0,0,0,0,0,0
548,L10547,L,302.5,314.2,1297,52.5,87,0,0,0,0,0,0
549,M10548,M,302.5,314.3,1505,40.8,89,0,0,0,0,0,0
550,L10549,L,302.5,314.3,1351,46.7,92,0,0,0,0,0,0
551,L10550,L,302.5,314.3,1430,44.0,94,0,0,0,0,0,0
552,L10551,L,302.5,314.2,1601,39.6,96,0,0,0,0,0,0
553,L10552,L,302.5,314.3,1595,36.5,98,0,0,0,0,0,0
554,H10553,H,302.4,314.2,1404,48.3,100,0,0,0,0,0,0
555,L10554,L,302.3,313.9,1216,51.6,105,0,0,0,0,0,0
556,L10555,L,302.3,313.9,1407,50.8,107,0,0,0,0,0,0
557,L10556,L,302.3,313.8,1701,28.1,109,0,0,0,0,0,0
558,L10557,L,302.3,313.8,1379,53.0,111,0,0,0,0,0,0
559,M10558,M,302.2,313.7,1607,36.4,113,0,0,0,0,0,0
560,L10559,L,302.3,313.7,1635,32.4,116,0,0,0,0,0,0
561,L10560,L,302.3,313.6,1473,38.3,118,0,0,0,0,0,0
562,L10561,L,302.2,313.6,1518,48.3,120,0,0,0,0,0,0
563,H10562,H,302.2,313.5,1491,45.4,122,0,0,0,0,0,0
564,M10563,M,302.2,313.6,1630,37.4,127,0,0,0,0,0,0
565,M10564,M,302.1,313.4,1497,48.4,130,0,0,0,0,0,0
566,M10565,M,302.1,313.4,1527,41.4,133,0,0,0,0,0,0
567,M10566,M,302.1,313.4,1711,34.3,136,0,0,0,0,0,0
568,L10567,L,302.1,313.4,1632,32.9,139,0,0,0,0,0,0
569,L10568,L,302.1,313.4,1509,44.1,141,0,0,0,0,0,0
570,M10569,M,302.1,313.4,1517,39.2,143,0,0,0,0,0,0
571,L10570,L,302.1,313.4,1744,26.2,146,0,0,0,0,0,0
572,H10571,H,302.0,313.3,1399,48.5,148,0,0,0,0,0,0
573,L10572,L,301.9,313.2,1549,35.2,153,0,0,0,0,0,0
574,M10573,M,301.9,313.2,1286,55.9,155,0,0,0,0,0,0
575,H10574,H,301.9,313.1,1759,26.0,158,0,0,0,0,0,0
576,M10575,M,301.9,313.1,1458,38.2,163,0,0,0,0,0,0
577,H10576,H,301.9,313.1,1631,33.0,166,0,0,0,0,0,0
578,M10577,M,301.9,313.0,1685,30.2,171,0,0,0,0,0,0
579,H10578,H,301.8,313.0,1668,35.1,174,0,0,0,0,0,0
580,L10579,L,301.8,312.7,1253,57.7,179,0,0,0,0,0,0
581,L10580,L,301.7,312.5,1595,41.4,181,0,0,0,0,0,0
582,M10581,M,301.7,312.5,1702,32.1,183,0,0,0,0,0,0
583,L10582,L,301.7,312.5,1818,21.7,186,0,0,0,0,0,0
584,L10583,L,301.7,312.6,1827,22.8,188,0,0,0,0,0,0
585,H10584,H,301.6,312.6,1610,34.6,190,0,0,0,0,0,0
586,M10585,M,301.7,312.7,1673,33.7,195,0,0,0,0,0,0
587,L10586,L,301.6,312.8,1579,37.8,198,0,0,0,0,0,0
588,L10587,L,301.7,313.0,1889,17.3,200,1,0,0,1,0,0
589,L10588,L,301.7,312.8,1554,39.1,202,0,0,0,0,0,0
590,L10589,L,301.7,312.8,1389,50.3,204,0,0,0,0,0,0
591,H10590,H,301.7,312.7,1206,56.2,206,0,0,0,0,0,0
592,L10591,L,301.7,312.5,1878,21.1,211,0,0,0,0,0,0
593,L10592,L,301.7,312.5,1586,32.0,213,0,0,0,0,0,0
594,M10593,M,301.8,312.5,1745,31.5,215,0,0,0,0,0,0
595,L10594,L,301.8,312.5,1543,41.5,218,0,0,0,0,0,0
596,L10595,L,301.8,312.6,1836,27.8,220,0,0,0,0,0,0
597,M10596,M,301.8,312.5,1190,56.8,222,1,1,0,0,1,0
598,M10597,M,301.9,312.5,1594,40.4,0,0,0,0,0,0,0
599,H10598,H,301.9,312.6,1611,38.8,3,0,0,0,0,0,0
600,M10599,M,301.9,312.6,1257,55.9,8,0,0,0,0,0,0
601,L10600,L,301.9,312.6,1520,39.8,11,0,0,0,0,0,0
602,M10601,M,301.8,312.6,1409,44.0,13,0,0,0,0,0,0
603,H10602,H,301.8,312.5,1590,32.5,16,0,0,0,0,0,0
604,M10603,M,301.7,312.4,1729,26.3,21,0,0,0,0,0,0
605,H10604,H,301.8,312.4,1572,33.9,24,0,0,0,0,0,0
606,M10605,M,301.7,312.5,1255,61.9,29,0,0,0,0,0,0
607,H10606,H,301.8,312.5,1346,46.3,32,0,0,0,0,0,0
608,L10607,L,301.8,312.5,1500,42.7,37,0,0,0,0,0,0
609,M10608,M,301.7,312.5,1728,30.2,39,0,0,0,0,0,0
610,L10609,L,301.8,312.6,1403,49.1,42,0,0,0,0,0,0
611,M10610,M,301.8,312.5,1794,26.4,44,0,0,0,0,0,0
612,M10611,M,301.7,312.5,1857,24.3,47,0,0,0,0,0,0
613,H10612,H,301.7,312.4,1608,34.4,50,0,0,0,0,0,0
614,H10613,H,301.7,312.4,1211,59.5,55,0,0,0,0,0,0
615,L10614,L,301.7,312.3,1199,59.0,60,0,0,0,0,0,0
616,M10615,M,301.7,312.3,1688,35.5,62,0,0,0,0,0,0
617,M10616,M,301.7,312.3,1770,33.3,65,0,0,0,0,0,0
618,L10617,L,301.7,312.3,1750,23.6,68,0,0,0,0,0,0
619,L10618,L,301.7,312.3,1411,40.8,70,0,0,0,0,0,0
620,L10619,L,301.7,312.3,1542,41.6,72,0,0,0,0,0,0
621,M10620,M,301.7,312.3,1464,47.9,74,0,0,0,0,0,0
622,L10621,L,301.6,312.1,1493,49.1,77,0,0,0,0,0,0
623,H10622,H,301.6,312.2,1613,38.0,79,0,0,0,0,0,0
624,L10623,L,301.5,312.0,1521,45.6,84,0,0,0,0,0,0
625,H10624,H,301.5,312.0,1750,33.0,86,0,0,0,0,0,0
626,L10625,L,301.5,311.7,1529,45.4,91,0,0,0,0,0,0
627,M10626,M,301.5,311.7,1674,34.9,93,0,0,0,0,0,0
628,L10627,L,301.4,311.8,1388,44.6,96,0,0,0,0,0,0
629,M10628,M,301.4,311.7,1473,43.8,98,0,0,0,0,0,0
630,H10629,H,301.4,311.6,1543,40.7,101,0,0,0,0,0,0
631,H10630,H,301.4,311.6,1397,47.9,106,0,0,0,0,0,0
632,H10631,H,301.4,311.6,1803,24.3,111,0,0,0,0,0,0
633,L10632,L,301.4,311.7,1807,29.4,116,0,0,0,0,0,0
634,L10633,L,301.4,311.7,1542,37.3,118,0,0,0,0,0,0
635,L10634,L,301.5,311.8,1828,25.6,120,0,0,0,0,0,0
636,L10635,L,301.5,311.8,1625,35.9,122,0,0,0,0,0,0
637,M10636,M,301.5,311.7,1554,36.3,124,0,0,0,0,0,0
638,M10637,M,301.5,311.7,1255,53.1,127,0,0,0,0,0,0
639,M10638,M,301.4,311.6,1419,41.4,130,0,0,0,0,0,0
640,H10639,H,301.5,311.7,1390,50.3,133,0,0,0,0,0,0
641,M10640,M,301.4,311.7,1483,43.0,138,0,0,0,0,0,0
642,H10641,H,301.6,311.8,1583,34.6,141,0,0,0,0,0,0
643,L10642,L,301.7,311.9,1410,41.3,146,0,0,0,0,0,0
644,L10643,L,301.6,311.9,1438,47.3,148,0,0,0,0,0,0
645,M10644,M,301.6,311.9,1325,51.9,150,0,0,0,0,0,0
646,H10645,H,301.6,311.9,1521,38.7,153,0,0,0,0,0,0
647,L10646,L,301.6,311.9,1764,23.5,158,0,0,0,0,0,0
648,M10647,M,301.6,311.8,1817,22.8,160,0,0,0,0,0,0
649,M10648,M,301.5,311.6,1620,36.7,163,0,0,0,0,0,0
650,L10649,L,301.5,311.6,1917,16.6,166,1,0,0,1,0,0
651,L10650,L,301.5,311.7,1166,58.0,168,0,0,0,0,0,0
652,H10651,H,301.6,311.7,1433,46.0,170,0,0,0,0,0,0
653,M10652,M,301.6,311.7,1705,33.6,175,0,0,0,0,0,0
654,L10653,L,301.6,311.7,1729,28.9,178,0,0,0,0,0,0
655,H10654,H,301.7,311.9,1367,50.3,180,0,0,0,0,0,0
656,L10655,L,301.7,312.0,1709,28.9,185,0,0,0,0,0,0
657,H10656,H,301.6,311.7,1661,29.8,187,0,0,0,0,0,0
658,L10657,L,301.7,311.8,1617,32.3,192,0,0,0,0,0,0
659,M10658,M,301.7,311.8,1426,41.1,194,0,0,0,0,0,0
660,L10659,L,301.7,311.8,1498,46.2,197,0,0,0,0,0,0
661,L10660,L,301.8,311.7,1361,51.9,199,0,0,0,0,0,0
662,H10661,H,301.8,311.7,1365,50.4,201,0,0,0,0,0,0
663,L10662,L,301.7,311.6,1554,40.0,206,0,0,0,0,0,0
664,L10663,L,301.8,311.6,1383,50.2,208,0,0,0,0,0,0
665,L10664,L,301.8,311.7,1611,33.3,210,0,0,0,0,0,0
666,M10665,M,301.9,311.7,1829,21.8,212,0,0,0,0,0,0
667,H10666,H,301.9,311.7,1626,33.3,0,0,0,0,0,0,0
668,H10667,H,301.9,311.7,1815,31.9,5,0,0,0,0,0,0
669,L10668,L,301.9,311.7,1702,33.7,10,0,0,0,0,0,0
670,L10669,L,302.0,311.7,1711,30.4,12,0,0,0,0,0,0
671,L10670,L,302.0,311.9,1693,35.4,14,0,0,0,0,0,0
672,M10671,M,302.0,311.8,1502,46.2,16,0,0,0,0,0,0
673,H10672,H,302.0,311.7,1169,57.2,19,0,0,0,0,0,0
674,M10673,M,302.0,311.8,1819,22.7,24,0,0,0,0,0,0
675,M10674,M,302.0,311.7,1756,27.1,27,0,0,0,0,0,0
676,L10675,L,302.0,311.7,1707,32.1,30,0,0,0,0,0,0
677,H10676,H,302.1,311.9,1395,47.7,32,0,0,0,0,0,0
678,L10677,L,302.2,312.0,1567,38.0,37,0,0,0,0,0,0
679,L10678,L,302.2,312.0,1635,32.8,39,0,0,0,0,0,0
680,L10679,L,302.2,311.9,1475,47.2,41,0,0,0,0,0,0
681,L10680,L,302.2,312.0,1295,49.6,43,0,0,0,0,0,0
682,L10681,L,302.2,312.0,1517,39.8,45,0,0,0,0,0,0
683,L10682,L,302.1,311.9,1574,31.8,47,0,0,0,0,0,0
684,L10683,L,302.1,311.8,1434,42.7,49,0,0,0,0,0,0
685,M10684,M,302.1,311.8,1595,37.7,51,0,0,0,0,0,0
686,L10685,L,302.1,311.8,1598,37.6,54,0,0,0,0,0,0
687,L10686,L,302.2,312.0,1608,34.9,56,0,0,0,0,0,0
688,H10687,H,302.2,312.0,1444,49.2,58,0,0,0,0,0,0
689,M10688,M,302.1,311.7,1571,42.5,63,0,0,0,0,0,0
690,M10689,M,302.1,311.7,1358,50.4,66,0,0,0,0,0,0
691,L10690,L,302.2,311.8,1325,53.4,69,0,0,0,0,0,0
692,H10691,H,302.2,311.8,1435,44.6,71,0,0,0,0,0,0
693,L10692,L,302.2,311.8,1659,34.9,76,0,0,0,0,0,0
694,L10693,L,302.2,311.8,1294,50.4,78,0,0,0,0,0,0
695,H10694,H,302.1,311.7,1559,44.7,80,0,0,0,0,0,0
696,M10695,M,302.2,311.9,1159,66.0,85,0,0,0,0,0,0
697,M10696,M,302.1,311.8,1418,43.1,88,0,0,0,0,0,0
698,M10697,M,302.1,311.9,1375,47.0,91,0,0,0,0,0,0
699,M10698,M,302.1,311.9,1512,42.9,94,0,0,0,0,0,0
700,L10699,L,302.1,311.9,1536,39.0,97,0,0,0,0,0,0
701,L10700,L,302.2,312.0,1612,37.4,99,0,0,0,0,0,0
702,L10701,L,302.2,312.1,1468,42.9,101,0,0,0,0,0,0
703,L10702,L,302.1,311.9,1535,45.2,103,0,0,0,0,0,0
704,H10703,H,302.1,311.9,1342,51.5,105,0,0,0,0,0,0
705,L10704,L,302.2,311.9,1621,43.1,110,0,0,0,0,0,0
706,M10705,M,302.1,311.9,1650,35.4,112,0,0,0,0,0,0
707,M10706,M,302.1,311.9,1518,36.7,115,0,0,0,0,0,0
708,M10707,M,302.1,311.9,1880,26.8,118,0,0,0,0,0,0
709,L10708,L,302.1,311.8,1317,56.6,121,0,0,0,0,0,0
710,L10709,L,302.2,311.9,1651,34.6,123,0,0,0,0,0,0
711,H10710,H,302.1,311.9,1410,49.7,125,0,0,0,0,0,0
712,M10711,M,302.1,311.9,1425,42.8,130,0,0,0,0,0,0
713,H10712,H,302.2,311.9,1385,43.0,133,0,0,0,0,0,0
714,H10713,H,302.1,311.8,1556,38.8,138,0,0,0,0,0,0
715,M10714,M,302.1,311.9,1749,32.1,143,0,0,0,0,0,0
716,L10715,L,302.1,311.9,1725,30.3,146,0,0,0,0,0,0
717,M10716,M,302.0,311.9,1340,57.3,148,0,0,0,0,0,0
718,L10717,L,302.0,311.9,1592,41.1,151,0,0,0,0,0,0
719,M10718,M,302.1,312.0,1348,51.3,153,0,0,0,0,0,0
720,H10719,H,302.1,312.0,1369,53.8,156,0,0,0,0,0,0
721,M10720,M,302.1,312.1,1693,35.9,161,0,0,0,0,0,0
722,L10721,L,302.0,312.0,1462,44.2,164,0,0,0,0,0,0
723,L10722,L,301.9,312.0,1518,40.5,166,0,0,0,0,0,0
724,H10723,H,302.0,312.1,1743,28.4,168,0,0,0,0,0,0
725,L10724,L,301.9,312.0,1435,38.1,173,0,0,0,0,0,0
726,L10725,L,302.0,312.0,1454,45.9,175,0,0,0,0,0,0
727,L10726,L,301.9,311.9,1663,35.0,177,0,0,0,0,0,0
728,L10727,L,301.9,312.0,1601,36.8,179,0,0,0,0,0,0
729,L10728,L,301.9,312.0,1587,38.3,181,0,0,0,0,0,0
730,M10729,M,301.9,312.2,1177,61.1,183,0,0,0,0,0,0
731,L10730,L,301.9,312.2,1738,21.7,186,0,0,0,0,0,0
732,L10731,L,301.9,312.2,1546,45.0,188,0,0,0,0,0,0
733,L10732,L,302.0,312.2,1561,37.5,190,0,0,0,0,0,0
734,L10733,L,302.0,312.2,1612,33.6,192,0,0,0,0,0,0
735,L10734,L,301.9,312.1,1661,37.2,194,0,0,0,0,0,0
736,M10735,M,301.8,312.0,1479,46.7,196,0,0,0,0,0,0
737,L10736,L,301.8,312.1,1430,47.2,199,0,0,0,0,0,0
738,L10737,L,301.8,312.0,1549,41.9,201,0,0,0,0,0,0
739,L10738,L,301.8,311.9,1288,50.9,203,0,0,0,0,0,0
740,L10739,L,301.9,311.9,1318,52.7,205,0,0,0,0,0,0
741,L10740,L,301.9,311.9,1472,48.2,207,0,0,0,0,0,0
742,L10741,L,301.8,311.8,1593,34.5,209,0,0,0,0,0,0
743,H10742,H,301.8,311.8,1398,44.9,211,0,0,0,0,0,0
744,L10743,L,301.8,311.7,1458,45.0,216,0,0,0,0,0,0
745,M10744,M,301.8,311.6,1682,31.8,218,0,0,0,0,0,0
746,L10745,L,301.7,311.6,1841,24.3,221,0,0,0,0,0,0
747,L10746,L,301.7,311.5,1805,19.8,223,0,0,0,0,0,0
748,L10747,L,301.6,311.4,1384,40.7,0,0,0,0,0,0,0
749,M10748,M,301.7,311.6,1539,43.0,2,0,0,0,0,0,0
750,H10749,H,301.8,311.6,1678,28.2,5,0,0,0,0,0,0
751,L10750,L,301.8,311.5,1326,50.5,10,0,0,0,0,0,0
752,L10751,L,301.7,311.5,1390,41.5,12,0,0,0,0,0,0
753,L10752,L,301.7,311.5,1366,53.5,14,0,0,0,0,0,0
754,L10753,L,301.8,311.6,1495,43.7,16,0,0,0,0,0,0
755,M10754,M,301.8,311.7,1737,29.3,18,0,0,0,0,0,0
756,L10755,L,301.9,311.8,1477,44.6,21,0,0,0,0,0,0
757,L10756,L,301.9,311.9,1309,46.7,23,0,0,0,0,0,0
758,H10757,H,302.0,312.0,1576,34.5,25,0,0,0,0,0,0
759,L10758,L,301.9,311.9,1758,25.6,30,0,0,0,0,0,0
760,L10759,L,301.9,311.8,1479,41.0,32,0,0,0,0,0,0
761,M10760,M,301.9,311.9,1693,30.0,34,0,0,0,0,0,0
762,L10761,L,301.9,311.9,1361,51.2,37,0,0,0,0,0,0
763,L10762,L,301.8,311.8,1663,35.9,39,0,0,0,0,0,0
764,L10763,L,301.8,311.8,1162,57.2,41,0,0,0,0,0,0
765,H10764,H,301.8,311.8,1899,18.8,43,0,0,0,0,0,0
766,L10765,L,301.7,311.7,1555,41.3,48,0,0,0,0,0,0
767,L10766,L,301.9,311.9,1243,54.3,50,0,0,0,0,0,0
768,L10767,L,301.9,311.9,1679,31.1,52,0,0,0,0,0,0
769,L10768,L,302.0,311.9,1591,38.4,54,0,0,0,0,0,0
770,M10769,M,302.0,312.0,1607,36.0,56,0,0,0,0,0,0
771,L10770,L,302.0,312.0,1692,33.2,59,0,0,0,0,0,0
772,M10771,M,302.0,312.1,1502,42.4,61,0,0,0,0,0,0
773,M10772,M,302.0,312.2,1741,27.0,64,0,0,0,0,0,0
774,H10773,H,302.0,312.1,1491,38.9,67,0,0,0,0,0,0
775,L10774,L,302.0,312.1,1464,45.2,72,0,0,0,0,0,0
776,H10775,H,302.0,312.1,1580,37.8,74,0,0,0,0,0,0
777,M10776,M,302.0,312.2,1653,30.0,79,0,0,0,0,0,0
778,L10777,L,302.0,312.2,1395,50.3,82,0,0,0,0,0,0
779,M10778,M,302.1,312.3,1485,47.3,84,0,0,0,0,0,0
780,H10779,H,302.2,312.4,1678,29.6,87,0,0,0,0,0,0
781,L10780,L,302.3,312.4,1717,27.1,92,0,0,0,0,0,0
782,H10781,H,302.3,312.5,1657,30.5,94,0,0,0,0,0,0
783,L10782,L,302.3,312.6,1351,45.5,99,0,0,0,0,0,0
784,M10783,M,302.3,312.5,1603,42.8,101,0,0,0,0,0,0
785,H10784,H,302.3,312.7,1379,47.9,104,0,0,0,0,0,0
786,L10785,L,302.3,312.7,1545,36.7,109,0,0,0,0,0,0
787,H10786,H,302.3,312.8,1632,30.8,111,0,0,0,0,0,0
788,L10787,L,302.3,312.8,1360,49.2,116,0,0,0,0,0,0
789,M10788,M,302.2,312.8,1593,34.5,118,0,0,0,0,0,0
790,M10789,M,302.3,312.9,1587,41.9,121,0,0,0,0,0,0
791,L10790,L,302.3,312.9,1732,24.5,124,0,0,0,0,0,0
792,L10791,L,302.4,312.9,1549,34.3,126,0,0,0,0,0,0
793,L10792,L,302.4,312.9,1397,50.1,128,0,0,0,0,0,0
794,L10793,L,302.4,312.8,1654,32.8,130,0,0,0,0,0,0
795,L10794,L,302.3,312.8,1387,48.1,132,0,0,0,0,0,0
796,L10795,L,302.3,312.9,1966,16.7,134,1,0,0,1,0,0
797,L10796,L,302.3,313.0,1641,34.4,136,0,0,0,0,0,0
798,L10797,L,302.3,312.9,1565,38.3,138,0,0,0,0,0,0
799,M10798,M,302.3,313.0,1163,57.4,140,0,0,0,0,0,0
800,M10799,M,302.3,312.8,1644,28.3,143,0,0,0,0,0,0
801,M10800,M,302.2,312.8,1385,46.7,146,0,0,0,0,0,0
802,L10801,L,302.2,312.9,1298,50.6,149,0,0,0,0,0,0
803,H10802,H,302.3,312.9,1676,32.8,151,0,0,0,0,0,0
804,M10803,M,302.3,312.8,1501,36.3,156,0,0,0,0,0,0
805,L10804,L,302.3,312.9,1489,41.4,159,0,0,0,0,0,0
806,L10805,L,302.3,312.8,1780,25.2,161,0,0,0,0,0,0
807,M10806,M,302.3,312.7,1613,35.4,163,0,0,0,0,0,0
808,L10807,L,302.3,312.7,1343,52.8,166,0,0,0,0,0,0
809,M10808,M,302.2,312.6,1431,45.2,168,0,0,0,0,0,0
810,H10809,H,302.2,312.5,1527,38.4,171,0,0,0,0,0,0
811,L10810,L,302.1,312.5,1588,41.1,176,0,0,0,0,0,0
812,L10811,L,302.1,312.5,1421,45.8,178,0,0,0,0,0,0
813,H10812,H,302.1,312.5,1486,47.7,180,0,0,0,0,0,0
814,M10813,M,302.1,312.4,1614,34.4,185,0,0,0,0,0,0
815,L10814,L,302.1,312.5,1276,55.3,188,0,0,0,0,0,0
816,H10815,H,302.1,312.4,1306,53.2,190,0,0,0,0,0,0
817,H10816,H,302.1,312.4,1436,46.8,195,0,0,0,0,0,0
818,M10817,M,302.1,312.2,1658,31.6,200,0,0,0,0,0,0
819,M10818,M,302.1,312.2,1717,29.8,203,0,0,0,0,0,0
820,L10819,L,302.1,312.2,1679,36.7,206,0,0,0,0,0,0
821,L10820,L,302.1,312.3,1586,40.6,208,0,0,0,0,0,0
822,M10821,M,302.0,312.2,1898,22.3,210,0,0,0,0,0,0
823,L10822,L,302.1,312.1,1379,44.9,213,0,0,0,0,0,0
824,M10823,M,302.0,312.0,1253,52.9,215,0,0,0,0,0,0
825,H10824,H,302.0,312.0,1452,45.8,218,0,0,0,0,0,0
826,L10825,L,302.0,311.9,1696,33.2,223,0,0,0,0,0,0
827,M10826,M,301.9,311.8,1644,32.1,225,0,0,0,0,0,0
828,L10827,L,302.0,311.8,1448,43.0,228,0,0,0,0,0,0
829,H10828,H,302.0,311.9,1642,38.5,230,0,0,0,0,0,0
830,L10829,L,302.0,312.0,1501,44.4,0,0,0,0,0,0,0
831,M10830,M,302.0,311.9,1495,46.0,2,0,0,0,0,0,0
832,M10831,M,302.0,311.9,1328,50.9,5,0,0,0,0,0,0
833,L10832,L,302.0,312.0,1701,28.7,8,0,0,0,0,0,0
834,M10833,M,302.0,312.0,1553,42.2,10,0,0,0,0,0,0
835,M10834,M,302.0,311.9,1585,36.4,13,0,0,0,0,0,0
836,M10835,M,302.0,311.9,1521,39.0,16,0,0,0,0,0,0
837,M10836,M,302.0,311.9,1340,48.6,19,0,0,0,0,0,0
838,H10837,H,302.1,311.9,1344,49.7,22,0,0,0,0,0,0
839,L10838,L,302.1,311.9,1349,54.0,27,0,0,0,0,0,0
840,M10839,M,302.1,312.0,1381,44.3,29,0,0,0,0,0,0
841,L10840,L,302.1,312.0,1592,38.9,32,0,0,0,0,0,0
842,M10841,M,302.1,312.1,1541,37.5,34,0,0,0,0,0,0
843,M10842,M,302.1,312.0,1821,22.7,37,0,0,0,0,0,0
844,L10843,L,302.1,312.0,1302,53.4,40,0,0,0,0,0,0
845,L10844,L,302.1,312.0,1580,36.8,42,0,0,0,0,0,0
846,H10845,H,302.1,312.0,1436,45.1,44,0,0,0,0,0,0
847,L10846,L,302.1,311.9,1398,46.8,49,0,0,0,0,0,0
848,M10847,M,302.1,311.9,1718,27.5,51,0,0,0,0,0,0
849,L10848,L,302.0,311.7,1769,30.8,54,0,0,0,0,0,0
850,H10849,H,302.0,311.8,1276,55.5,56,0,0,0,0,0,0
851,L10850,L,302.0,311.7,1482,42.9,61,0,0,0,0,0,0
852,L10851,L,302.0,311.7,1601,34.2,63,0,0,0,0,0,0
853,H10852,H,301.9,311.6,1537,38.7,65,0,0,0,0,0,0
854,H10853,H,302.0,311.6,1317,50.9,70,0,0,0,0,0,0
855,L10854,L,302.0,311.6,1422,49.3,75,0,0,0,0,0,0
856,L10855,L,302.0,311.6,1745,25.3,77,0,0,0,0,0,0
857,M10856,M,302.0,311.5,1135,56.3,79,0,0,0,0,0,0
858,H10857,H,302.0,311.5,1377,49.7,82,0,0,0,0,0,0
859,L10858,L,302.0,311.4,1548,38.5,87,0,0,0,0,0,0
860,M10859,M,302.0,311.5,1708,28.1,89,0,0,0,0,0,0
861,M10860,M,302.0,311.5,1410,50.5,92,0,0,0,0,0,0
862,M10861,M,302.1,311.6,1304,44.8,95,0,0,0,0,0,0
863,M10862,M,302.1,311.7,1874,25.4,98,0,0,0,0,0,0
864,M10863,M,302.1,311.7,1636,37.7,101,0,0,0,0,0,0
865,L10864,L,302.0,311.7,1100,71.3,104,0,0,0,0,0,0
866,H10865,H,302.0,311.8,1510,40.2,106,0,0,0,0,0,0
867,H10866,H,302.0,311.7,1692,32.6,111,0,0,0,0,0,0
868,M10867,M,301.9,311.7,1739,29.9,116,0,0,0,0,0,0
869,L10868,L,302.0,311.7,1201,57.7,119,0,0,0,0,0,0
870,L10869,L,302.0,311.8,1303,48.5,121,0,0,0,0,0,0
871,M10870,M,302.0,311.8,1417,54.1,123,0,0,0,0,0,0
872,L10871,L,302.0,311.9,1549,42.5,126,0,0,0,0,0,0
873,H10872,H,302.1,311.9,1334,52.5,128,0,0,0,0,0,0
874,L10873,L,302.1,312.0,1692,31.5,133,0,0,0,0,0,0
875,M10874,M,302.0,311.8,1545,41.6,135,0,0,0,0,0,0
876,H10875,H,302.0,311.8,1531,42.9,138,0,0,0,0,0,0
877,L10876,L,302.1,311.9,1186,53.8,143,0,0,0,0,0,0
878,L10877,L,302.0,311.8,1464,43.2,145,0,0,0,0,0,0
879,M10878,M,302.0,311.9,1619,33.7,147,0,0,0,0,0,0
880,M10879,M,301.9,311.8,1518,40.6,150,0,0,0,0,0,0
881,L10880,L,301.9,311.8,1866,23.2,153,0,0,0,0,0,0
882,M10881,M,301.9,311.8,1833,16.8,155,1,0,0,1,0,0
883,H10882,H,301.9,311.8,1321,48.3,158,0,0,0,0,0,0
884,L10883,L,301.9,311.8,1564,36.3,163,0,0,0,0,0,0
885,L10884,L,302.0,311.9,1591,37.4,165,0,0,0,0,0,0
886,L10885,L,301.9,311.8,1443,48.3,167,0,0,0,0,0,0
887,L10886,L,301.9,311.8,1392,54.0,169,0,0,0,0,0,0
888,L10887,L,301.9,311.8,1431,45.3,171,0,0,0,0,0,0
889,L10888,L,301.8,311.9,1257,59.3,173,0,0,0,0,0,0
890,M10889,M,301.9,312.0,1492,45.0,175,0,0,0,0,0,0
891,L10890,L,301.9,312.0,1517,43.0,178,0,0,0,0,0,0
892,H10891,H,301.8,311.9,1496,42.4,180,0,0,0,0,0,0
893,L10892,L,301.9,311.9,1734,27.1,185,0,0,0,0,0,0
894,L10893,L,301.8,311.8,1316,49.6,187,0,0,0,0,0,0
895,M10894,M,301.8,311.8,1891,15.5,189,1,0,0,1,0,0
896,H10895,H,301.7,311.8,1657,34.1,192,0,0,0,0,0,0
897,L10896,L,301.7,311.7,1531,40.2,197,0,0,0,0,0,0
898,L10897,L,301.6,311.6,1649,32.1,199,0,0,0,0,0,0
899,L10898,L,301.6,311.5,1652,35.5,201,0,0,0,0,0,0
900,M10899,M,301.7,311.8,1214,58.4,203,0,0,0,0,0,0
901,L10900,L,301.7,311.7,1299,51.0,206,0,0,0,0,0,0
902,L10901,L,301.6,311.5,1640,33.1,208,0,0,0,0,0,0
903,L10902,L,301.5,311.6,1664,35.3,0,0,0,0,0,0,0
904,L10903,L,301.5,311.6,1698,27.2,2,0,0,0,0,0,0
905,H10904,H,301.6,311.7,1430,47.0,4,0,0,0,0,0,0
906,M10905,M,301.6,311.7,1577,37.5,9,0,0,0,0,0,0
907,L10906,L,301.6,311.7,1830,20.3,12,0,0,0,0,0,0
908,L10907,L,301.6,311.6,1504,41.0,14,0,0,0,0,0,0
909,L10908,L,301.6,311.6,1376,44.4,16,0,0,0,0,0,0
910,L10909,L,301.6,311.6,1380,49.6,18,0,0,0,0,0,0
911,M10910,M,301.6,311.6,1474,39.3,20,0,0,0,0,0,0
912,H10911,H,301.6,311.5,1661,36.3,23,0,0,0,0,0,0
913,H10912,H,301.6,311.5,1195,59.9,28,0,0,0,0,0,0
914,H10913,H,301.6,311.5,1505,40.1,33,0,0,0,0,0,0
915,H10914,H,301.6,311.5,1481,47.2,38,0,0,0,0,0,0
916,H10915,H,301.5,311.3,1572,34.6,43,0,0,0,0,0,0
917,L10916,L,301.5,311.4,1379,46.9,48,0,0,0,0,0,0
918,L10917,L,301.6,311.4,1683,25.4,50,0,0,0,0,0,0
919,L10918,L,301.6,311.5,1690,35.4,52,0,0,0,0,0,0
920,M10919,M,301.5,311.4,1848,27.9,54,0,0,0,0,0,0
921,L10920,L,301.5,311.3,1547,34.0,57,0,0,0,0,0,0
922,H10921,H,301.5,311.2,1280,52.5,59,0,0,0,0,0,0
923,M10922,M,301.5,311.3,1646,33.9,64,0,0,0,0,0,0
924,M10923,M,301.5,311.2,1387,47.2,67,0,0,0,0,0,0
925,L10924,L,301.6,311.3,1278,55.2,70,0,0,0,0,0,0
926,L10925,L,301.6,311.4,1536,39.7,72,0,0,0,0,0,0
927,L10926,L,301.6,311.4,1392,49.9,74,0,0,0,0,0,0
928,H10927,H,301.8,311.5,1394,45.3,76,0,0,0,0,0,0
929,M10928,M,301.8,311.6,1529,41.2,81,0,0,0,0,0,0
930,M10929,M,301.7,311.6,1348,47.5,84,0,0,0,0,0,0
931,L10930,L,301.7,311.5,1202,58.4,87,0,0,0,0,0,0
932,L10931,L,301.7,311.5,1549,33.6,89,0,0,0,0,0,0
933,L10932,L,301.6,311.4,1679,30.4,91,0,0,0,0,0,0
934,M10933,M,301.6,311.5,1679,29.8,93,0,0,0,0,0,0
935,M10934,M,301.7,311.5,1422,49.9,96,0,0,0,0,0,0
936,L10935,L,301.6,311.4,1343,51.3,99,0,0,0,0,0,0
937,H10936,H,301.6,311.4,1636,34.6,101,0,0,0,0,0,0
938,L10937,L,301.5,311.4,1900,18.6,106,0,0,0,0,0,0
939,H10938,H,301.5,311.4,1534,33.3,108,0,0,0,0,0,0
940,L10939,L,301.5,311.3,1333,45.5,113,0,0,0,0,0,0
941,L10940,L,301.5,311.2,1532,39.3,115,0,0,0,0,0,0
942,H10941,H,301.5,311.3,1523,41.8,117,0,0,0,0,0,0
943,L10942,L,301.5,311.4,1614,34.8,122,0,0,0,0,0,0
944,L10943,L,301.5,311.3,1317,50.1,124,0,0,0,0,0,0
945,L10944,L,301.5,311.3,1466,43.4,126,0,0,0,0,0,0
946,L10945,L,301.4,311.2,1420,45.9,128,0,0,0,0,0,0
947,M10946,M,301.4,311.2,1554,41.6,130,1,0,0,0,0,1
948,H10947,H,301.4,311.3,1489,45.2,133,0,0,0,0,0,0
949,H10948,H,301.5,311.3,1429,44.6,138,0,0,0,0,0,0
950,L10949,L,301.4,311.2,1693,30.7,143,0,0,0,0,0,0
951,M10950,M,301.4,311.0,1490,43.7,145,0,0,0,0,0,0
952,L10951,L,301.4,310.9,1427,47.9,148,0,0,0,0,0,0
953,L10952,L,301.3,310.9,1434,51.6,150,0,0,0,0,0,0
954,L10953,L,301.4,311.0,1466,44.2,152,0,0,0,0,0,0
955,H10954,H,301.3,311.0,1767,30.3,154,0,0,0,0,0,0
956,H10955,H,301.3,310.9,1611,31.9,159,0,0,0,0,0,0
957,M10956,M,301.3,310.8,1576,35.6,164,0,0,0,0,0,0
958,M10957,M,301.3,310.8,1386,41.9,167,0,0,0,0,0,0
959,L10958,L,301.4,310.8,1567,38.8,170,0,0,0,0,0,0
960,M10959,M,301.4,310.8,1765,28.8,172,0,0,0,0,0,0
961,M10960,M,301.5,310.9,1587,28.7,175,0,0,0,0,0,0
962,L10961,L,301.4,310.9,1905,19.0,178,0,0,0,0,0,0
963,L10962,L,301.3,310.9,2102,8.8,180,1,0,0,1,0,0
964,L10963,L,301.4,310.9,1591,38.7,182,0,0,0,0,0,0
965,H10964,H,301.3,310.8,1100,63.2,184,0,0,0,0,0,0
966,L10965,L,301.3,310.8,1276,58.0,189,0,0,0,0,0,0
967,H10966,H,301.3,310.9,1705,30.2,191,0,0,0,0,0,0
968,L10967,L,301.3,311.0,1546,41.5,196,0,0,0,0,0,0
969,M10968,M,301.3,311.0,1780,25.4,198,0,0,0,0,0,0
970,L10969,L,301.3,311.0,1782,26.9,201,0,0,0,0,0,0
971,L10970,L,301.4,311.1,1804,28.0,203,0,0,0,0,0,0
972,L10971,L,301.3,311.1,1565,37.7,205,0,0,0,0,0,0
973,L10972,L,301.2,311.0,1585,38.2,207,0,0,0,0,0,0
974,H10973,H,301.3,311.1,1565,42.5,209,0,0,0,0,0,0
975,L10974,L,301.2,311.0,1418,46.6,214,0,0,0,0,0,0
976,M10975,M,301.3,311.1,1532,36.6,216,1,1,0,0,0,0
977,L10976,L,301.3,311.0,1570,40.4,0,0,0,0,0,0,0
978,L10977,L,301.3,311.0,1804,29.1,2,0,0,0,0,0,0
979,M10978,M,301.3,311.0,1839,26.6,4,0,0,0,0,0,0
980,L10979,L,301.3,311.2,1833,25.0,7,0,0,0,0,0,0
981,H10980,H,301.2,311.2,1297,46.5,9,0,0,0,0,0,0
982,H10981,H,301.3,311.2,1560,36.6,14,0,0,0,0,0,0
983,M10982,M,301.3,311.3,1824,21.3,19,0,0,0,0,0,0
984,L10983,L,301.3,311.2,1551,39.4,22,0,0,0,0,0,0
985,L10984,L,301.2,311.1,1845,27.5,24,0,0,0,0,0,0
986,H10985,H,301.2,311.2,1195,56.6,26,0,0,0,0,0,0
987,L10986,L,301.3,311.2,1762,34.2,31,0,0,0,0,0,0
988,L10987,L,301.3,311.2,1401,46.8,33,0,0,0,0,0,0
989,L10988,L,301.3,311.3,1310,50.9,35,0,0,0,0,0,0
990,M10989,M,301.3,311.3,1748,30.5,37,0,0,0,0,0,0
991,M10990,M,301.3,311.3,1577,40.8,40,0,0,0,0,0,0
992,M10991,M,301.3,311.3,1480,45.5,43,0,0,0,0,0,0
993,M10992,M,301.4,311.3,1475,41.2,46,0,0,0,0,0,0
994,L10993,L,301.3,311.3,1505,43.6,49,0,0,0,0,0,0
995,H10994,H,301.3,311.3,1706,26.7,51,0,0,0,0,0,0
996,L10995,L,301.3,311.3,1399,45.5,56,0,0,0,0,0,0
997,M10996,M,301.3,311.3,1615,35.1,58,0,0,0,0,0,0
998,L10997,L,301.3,311.4,1433,43.5,61,0,0,0,0,0,0
999,H10998,H,301.4,311.5,1440,49.2,63,0,0,0,0,0,0
1000,L10999,L,301.3,311.5,1392,46.7,68,0,0,0,0,0,0
1001,L11000,L,301.4,311.5,1466,43.5,70,0,0,0,0,0,0
1002,L11001,L,301.4,311.6,1380,46.4,72,0,0,0,0,0,0
1003,L11002,L,301.4,311.5,1479,46.9,74,0,0,0,0,0,0
1004,L11003,L,301.4,311.6,1246,55.0,76,0,0,0,0,0,0
1005,M11004,M,301.4,311.6,1608,39.7,78,0,0,0,0,0,0
1006,L11005,L,301.4,311.6,1570,41.6,81,0,0,0,0,0,0
1007,H11006,H,301.3,311.7,1355,49.3,83,0,0,0,0,0,0
1008,L11007,L,301.4,311.7,1623,35.1,88,0,0,0,0,0,0
1009,M11008,M,301.4,311.6,1739,26.6,90,0,0,0,0,0,0
1010,L11009,L,301.3,311.6,1485,44.9,93,0,0,0,0,0,0
1011,M11010,M,301.4,311.7,1562,37.9,95,0,0,0,0,0,0
1012,M11011,M,301.4,311.7,1720,27.9,98,0,0,0,0,0,0
1013,L11012,L,301.4,311.8,1455,45.0,101,0,0,0,0,0,0
1014,H11013,H,301.4,311.6,1206,54.3,103,0,0,0,0,0,0
1015,L11014,L,301.4,311.5,1811,23.7,108,0,0,0,0,0,0
1016,L11015,L,301.4,311.5,1400,50.2,110,0,0,0,0,0,0
1017,M11016,M,301.5,311.5,1977,14.6,112,1,0,0,1,0,0
1018,H11017,H,301.5,311.6,1659,36.0,115,0,0,0,0,0,0
1019,L11018,L,301.4,311.5,1204,58.4,120,0,0,0,0,0,0
1020,L11019,L,301.4,311.4,1568,36.7,122,0,0,0,0,0,0
1021,H11020,H,301.3,311.4,1460,40.9,124,0,0,0,0,0,0
1022,M11021,M,301.4,311.5,1386,47.6,129,0,0,0,0,0,0
1023,H11022,H,301.4,311.5,1940,22.8,132,0,0,0,0,0,0
1024,M11023,M,301.4,311.6,1541,40.7,137,0,0,0,0,0,0
1025,M11024,M,301.4,311.5,1494,40.6,140,0,0,0,0,0,0
1026,L11025,L,301.3,311.5,1165,58.6,143,0,0,0,0,0,0
1027,H11026,H,301.3,311.5,1659,27.6,145,0,0,0,0,0,0
1028,L11027,L,301.3,311.5,1556,36.2,150,0,0,0,0,0,0
1029,M11028,M,301.3,311.4,1738,30.7,152,0,0,0,0,0,0
1030,L11029,L,301.3,311.5,1690,29.7,155,0,0,0,0,0,0
1031,M11030,M,301.3,311.5,1293,51.3,157,0,0,0,0,0,0
1032,M11031,M,301.3,311.4,1486,40.3,160,0,0,0,0,0,0
1033,M11032,M,301.4,311.4,1669,34.4,163,0,0,0,0,0,0
1034,H11033,H,301.3,311.4,1622,34.8,166,0,0,0,0,0,0
1035,L11034,L,301.3,311.3,1599,34.4,171,0,0,0,0,0,0
1036,M11035,M,301.3,311.4,1601,35.3,173,0,0,0,0,0,0
1037,L11036,L,301.4,311.5,1876,27.4,176,0,0,0,0,0,0
1038,L11037,L,301.4,311.4,1650,37.4,178,0,0,0,0,0,0
1039,L11038,L,301.3,311.3,1681,36.4,180,0,0,0,0,0,0
1040,L11039,L,301.3,311.4,1569,32.4,182,0,0,0,0,0,0
1041,L11040,L,301.4,311.4,1503,41.6,184,0,0,0,0,0,0
1042,M11041,M,301.4,311.6,1461,42.4,186,0,0,0,0,0,0
1043,M11042,M,301.5,311.6,1663,34.4,189,0,0,0,0,0,0
1044,M11043,M,301.4,311.5,1622,38.6,192,0,0,0,0,0,0
1045,L11044,L,301.4,311.5,1189,61.6,195,1,0,0,0,1,0
1046,L11045,L,301.4,311.5,1129,61.2,197,1,0,0,0,1,0
1047,L11046,L,301.5,311.4,1680,29.5,199,0,0,0,0,0,0
1048,M11047,M,301.5,311.4,1728,30.9,201,0,0,0,0,0,0
1049,H11048,H,301.5,311.4,1758,29.4,204,0,0,0,0,0,0
1050,L11049,L,301.4,311.2,1366,50.6,0,0,0,0,0,0,0
1051,M11050,M,301.3,311.1,1613,36.0,2,0,0,0,0,0,0
1052,L11051,L,301.2,311.0,1500,42.4,5,0,0,0,0,0,0
1053,L11052,L,301.2,310.9,1213,60.0,7,0,0,0,0,0,0
1054,L11053,L,301.2,310.9,1580,39.9,9,0,0,0,0,0,0
1055,L11054,L,301.2,310.9,1453,47.1,11,0,0,0,0,0,0
1056,M11055,M,301.2,310.9,1451,45.2,13,0,0,0,0,0,0
1057,H11056,H,301.2,310.9,1635,34.1,16,0,0,0,0,0,0
1058,L11057,L,301.2,310.9,1353,50.6,21,0,0,0,0,0,0
1059,M11058,M,301.3,311.1,1639,31.5,23,0,0,0,0,0,0
1060,M11059,M,301.4,311.3,1266,53.4,26,0,0,0,0,0,0
1061,H11060,H,301.4,311.2,1668,34.1,29,0,0,0,0,0,0
1062,M11061,M,301.4,311.3,1579,35.2,34,0,0,0,0,0,0
1063,L11062,L,301.3,311.1,1769,29.1,37,0,0,0,0,0,0
1064,M11063,M,301.3,311.1,1692,30.8,39,0,0,0,0,0,0
1065,L11064,L,301.3,311.0,1656,35.7,42,0,0,0,0,0,0
1066,H11065,H,301.2,311.0,1987,15.7,44,1,0,0,1,0,0
1067,L11066,L,301.3,310.9,1625,37.7,49,0,0,0,0,0,0
1068,M11067,M,301.3,310.9,1598,34.9,51,0,0,0,0,0,0
1069,L11068,L,301.3,311.0,1427,47.9,54,0,0,0,0,0,0
1070,L11069,L,301.4,311.0,1507,44.2,56,0,0,0,0,0,0
1071,H11070,H,301.4,311.1,1572,32.9,58,0,0,0,0,0,0
1072,M11071,M,301.4,311.0,1711,35.4,63,0,0,0,0,0,0
1073,L11072,L,301.4,311.1,1705,37.7,66,0,0,0,0,0,0
1074,H11073,H,301.4,311.1,1338,54.9,68,0,0,0,0,0,0
1075,H11074,H,301.4,311.0,1723,31.8,73,0,0,0,0,0,0
1076,L11075,L,301.4,311.0,1693,32.8,78,0,0,0,0,0,0
1077,M11076,M,301.4,311.2,1712,28.7,80,0,0,0,0,0,0
1078,L11077,L,301.4,311.1,1784,25.2,83,0,0,0,0,0,0
1079,M11078,M,301.4,311.0,1540,43.1,85,0,0,0,0,0,0
1080,L11079,L,301.5,311.0,1449,42.0,88,0,0,0,0,0,0
1081,L11080,L,301.5,311.0,1261,52.8,90,0,0,0,0,0,0
1082,H11081,H,301.4,311.0,1339,50.4,92,1,0,0,0,0,1
1083,H11082,H,301.4,311.0,1167,64.0,97,0,0,0,0,0,0
1084,H11083,H,301.3,311.0,1502,39.3,102,0,0,0,0,0,0
1085,H11084,H,301.4,311.1,1570,37.4,107,0,0,0,0,0,0
1086,M11085,M,301.3,311.1,1753,27.0,112,0,0,0,0,0,0
1087,M11086,M,301.3,311.1,1363,47.0,115,0,0,0,0,0,0
1088,M11087,M,301.3,311.1,1381,41.2,118,0,0,0,0,0,0
1089,L11088,L,301.3,311.1,1370,46.5,121,0,0,0,0,0,0
1090,L11089,L,301.3,311.1,1746,28.6,123,0,0,0,0,0,0
1091,L11090,L,301.3,311.1,1505,43.5,125,0,0,0,0,0,0
1092,M11091,M,301.2,310.9,1531,42.1,127,0,0,0,0,0,0
1093,L11092,L,301.2,310.9,1548,41.4,130,0,0,0,0,0,0
1094,L11093,L,301.1,310.7,1619,33.2,132,0,0,0,0,0,0
1095,M11094,M,301.1,310.8,1289,51.9,134,0,0,0,0,0,0
1096,L11095,L,301.0,310.8,1210,60.5,137,0,0,0,0,0,0
1097,L11096,L,301.1,310.8,1715,28.9,139,0,0,0,0,0,0
1098,H11097,H,301.1,310.8,1466,47.2,141,0,0,0,0,0,0
1099,H11098,H,301.1,310.8,2049,11.2,146,1,0,0,1,0,0
1100,L11099,L,301.0,310.6,1496,46.7,151,0,0,0,0,0,0
1101,L11100,L,301.0,310.5,1830,21.3,153,0,0,0,0,0,0
1102,L11101,L,301.0,310.4,1687,34.8,155,0,0,0,0,0,0
1103,M11102,M,301.0,310.6,1875,26.9,157,0,0,0,0,0,0
1104,H11103,H,301.0,310.7,1578,37.8,160,0,0,0,0,0,0
1105,L11104,L,301.1,310.8,1423,48.4,165,0,0,0,0,0,0
1106,M11105,M,301.2,310.9,1802,21.4,167,0,0,0,0,0,0
1107,L11106,L,301.1,310.9,1649,36.4,170,0,0,0,0,0,0
1108,L11107,L,301.1,310.9,1688,34.9,172,0,0,0,0,0,0
1109,H11108,H,301.0,310.8,1242,55.8,174,0,0,0,0,0,0
1110,L11109,L,301.0,310.8,1497,44.3,179,0,0,0,0,0,0
1111,L11110,L,301.0,310.7,1754,28.2,181,0,0,0,0,0,0
1112,L11111,L,301.1,310.8,1640,35.3,183,0,0,0,0,0,0
1113,M11112,M,301.1,310.8,1319,55.6,185,0,0,0,0,0,0
1114,H11113,H,301.1,310.8,1446,47.1,188,0,0,0,0,0,0
1115,H11114,H,301.1,310.9,1686,30.8,193,0,0,0,0,0,0
1116,L11115,L,301.1,310.9,1630,37.3,198,0,0,0,0,0,0
1117,L11116,L,301.1,310.9,1640,37.6,200,0,0,0,0,0,0
1118,M11117,M,301.1,310.9,1599,34.6,202,0,0,0,0,0,0
1119,L11118,L,301.0,310.8,1829,22.9,205,0,0,0,0,0,0
1120,H11119,H,301.0,310.9,1554,33.2,207,0,0,0,0,0,0
1121,M11120,M,301.0,310.8,1334,53.9,212,0,0,0,0,0,0
1122,L11121,L,301.0,310.9,1671,36.2,215,0,0,0,0,0,0
1123,H11122,H,301.1,310.8,1541,39.0,217,0,0,0,0,0,0
1124,L11123,L,301.1,310.8,1522,41.4,222,0,0,0,0,0,0
1125,L11124,L,301.1,310.9,1148,62.2,224,1,0,0,0,1,0
1126,M11125,M,301.1,310.8,1515,40.1,226,1,1,0,0,0,0
1127,M11126,M,301.1,310.7,1365,50.9,0,0,0,0,0,0,0
1128,M11127,M,301.1,310.6,1596,34.0,3,0,0,0,0,0,0
1129,M11128,M,301.1,310.7,1569,37.4,6,0,0,0,0,0,0
1130,H11129,H,301.1,310.7,1485,40.1,9,0,0,0,0,0,0
1131,H11130,H,301.0,310.6,1703,32.3,14,0,0,0,0,0,0
1132,M11131,M,301.0,310.6,1586,38.0,19,0,0,0,0,0,0
1133,L11132,L,301.0,310.6,1363,48.9,22,0,0,0,0,0,0
1134,M11133,M,301.0,310.6,1676,32.0,24,0,0,0,0,0,0
1135,H11134,H,301.1,310.6,1526,40.0,27,0,0,0,0,0,0
1136,L11135,L,301.1,310.6,1481,47.1,32,0,0,0,0,0,0
1137,L11136,L,301.1,310.5,1654,31.8,34,0,0,0,0,0,0
1138,L11137,L,301.2,310.6,1387,51.0,36,0,0,0,0,0,0
1139,L11138,L,301.3,310.7,1486,40.7,38,0,0,0,0,0,0
1140,M11139,M,301.2,310.6,1612,38.3,40,0,0,0,0,0,0
1141,L11140,L,301.2,310.7,1937,19.9,43,0,0,0,0,0,0
1142,M11141,M,301.2,310.7,1662,36.3,45,0,0,0,0,0,0
1143,H11142,H,301.3,310.8,1557,43.7,48,0,0,0,0,0,0
1144,H11143,H,301.3,310.9,1258,57.5,53,0,0,0,0,0,0
1145,L11144,L,301.2,310.9,1511,45.7,58,0,0,0,0,0,0
1146,L11145,L,301.2,310.9,1437,51.3,60,0,0,0,0,0,0
1147,M11146,M,301.3,311.0,1681,27.9,62,0,0,0,0,0,0
1148,H11147,H,301.4,311.0,1526,38.7,65,0,0,0,0,0,0
1149,L11148,L,301.4,311.1,1247,52.2,70,0,0,0,0,0,0
1150,H11149,H,301.4,311.1,1748,31.1,72,0,0,0,0,0,0
1151,L11150,L,301.4,311.1,1290,49.7,77,0,0,0,0,0,0
1152,H11151,H,301.4,311.1,1314,47.3,79,0,0,0,0,0,0
1153,L11152,L,301.3,311.1,1430,42.7,84,0,0,0,0,0,0
1154,L11153,L,301.3,311.1,1497,36.7,86,0,0,0,0,0,0
1155,M11154,M,301.3,311.0,1721,30.1,88,0,0,0,0,0,0
1156,L11155,L,301.3,311.0,1175,57.8,91,0,0,0,0,0,0
1157,L11156,L,301.3,311.1,1336,46.3,93,0,0,0,0,0,0
1158,L11157,L,301.3,311.1,1478,43.4,95,0,0,0,0,0,0
1159,L11158,L,301.3,311.2,1609,35.9,97,0,0,0,0,0,0
1160,M11159,M,301.3,311.1,1427,40.4,99,0,0,0,0,0,0
1161,L11160,L,301.3,311.2,1470,41.6,102,0,0,0,0,0,0
1162,M11161,M,301.3,311.2,1466,44.0,104,0,0,0,0,0,0
1163,H11162,H,301.3,311.2,1393,47.3,107,0,0,0,0,0,0
1164,L11163,L,301.3,311.2,1653,32.2,112,0,0,0,0,0,0
1165,L11164,L,301.4,311.2,1853,25.3,114,0,0,0,0,0,0
1166,H11165,H,301.3,311.2,1644,40.8,116,0,0,0,0,0,0
1167,H11166,H,301.3,311.1,1818,22.5,121,0,0,0,0,0,0
1168,M11167,M,301.3,311.3,1519,36.8,126,0,0,0,0,0,0
1169,H11168,H,301.3,311.2,1611,34.9,129,0,0,0,0,0,0
1170,L11169,L,301.3,311.3,1465,44.9,134,0,0,0,0,0,0
1171,L11170,L,301.3,311.2,1198,59.8,136,0,0,0,0,0,0
1172,M11171,M,301.3,311.2,1903,20.6,138,0,0,0,0,0,0
1173,L11172,L,301.2,311.1,1275,62.7,141,0,0,0,0,0,0
1174,M11173,M,301.3,311.2,1482,37.7,143,0,0,0,0,0,0
1175,M11174,M,301.4,311.4,1451,43.5,146,0,0,0,0,0,0
1176,M11175,M,301.4,311.3,1865,25.9,149,0,0,0,0,0,0
1177,L11176,L,301.3,311.3,1339,50.0,152,0,0,0,0,0,0
1178,L11177,L,301.2,311.2,1575,40.4,154,0,0,0,0,0,0
1179,L11178,L,301.2,311.3,1584,39.4,156,0,0,0,0,0,0
1180,L11179,L,301.3,311.3,1937,20.6,158,0,0,0,0,0,0
1181,M11180,M,301.3,311.4,1632,40.7,160,0,0,0,0,0,0
1182,L11181,L,301.3,311.4,1413,48.5,163,0,0,0,0,0,0
1183,L11182,L,301.3,311.3,1481,37.6,165,0,0,0,0,0,0
1184,L11183,L,301.3,311.3,1299,51.7,167,0,0,0,0,0,0
1185,L11184,L,301.4,311.5,1468,51.3,169,0,0,0,0,0,0
1186,H11185,H,301.4,311.5,1568,33.6,171,0,0,0,0,0,0
1187,L11186,L,301.4,311.3,1295,56.0,176,0,0,0,0,0,0
1188,H11187,H,301.3,311.3,1390,40.5,178,0,0,0,0,0,0
1189,L11188,L,301.3,311.3,1454,40.5,183,0,0,0,0,0,0
1190,M11189,M,301.4,311.4,1571,41.0,185,0,0,0,0,0,0
1191,L11190,L,301.4,311.4,1528,40.7,188,0,0,0,0,0,0
1192,L11191,L,301.4,311.5,1964,13.7,190,1,0,0,1,0,0
1193,H11192,H,301.4,311.5,1524,38.1,192,0,0,0,0,0,0
1194,H11193,H,301.4,311.4,1658,26.4,197,0,0,0,0,0,0
1195,H11194,H,301.5,311.5,1300,56.3,202,0,0,0,0,0,0
1196,L11195,L,301.5,311.6,1252,55.9,207,1,0,0,0,1,0
1197,L11196,L,301.5,311.6,1308,48.5,209,0,0,0,0,0,0
1198,M11197,M,301.5,311.7,1580,37.6,211,0,0,0,0,0,0
1199,L11198,L,301.6,311.7,1742,29.9,214,0,0,0,0,0,0
1200,M11199,M,301.6,311.9,1639,33.4,216,0,0,0,0,0,0
1201,M11200,M,301.5,311.8,1214,59.4,219,1,0,0,0,1,0
1202,M11201,M,301.5,311.8,1658,33.1,222,0,0,0,0,0,0
1203,H11202,H,301.6,311.9,1899,16.4,225,1,0,0,1,0,0
1204,M11203,M,301.6,311.9,1366,50.3,230,0,0,0,0,0,0
1205,L11204,L,301.6,311.8,1324,55.0,0,0,0,0,0,0,0
1206,L11205,L,301.6,311.8,1314,56.6,2,0,0,0,0,0,0
1207,M11206,M,301.6,311.7,1406,50.4,4,0,0,0,0,0,0
1208,L11207,L,301.6,311.7,1296,52.0,7,0,0,0,0,0,0
1209,L11208,L,301.6,311.6,1565,40.5,9,0,0,0,0,0,0
1210,L11209,L,301.6,311.6,1917,19.2,11,0,0,0,0,0,0
1211,M11210,M,301.6,311.5,1494,40.3,13,0,0,0,0,0,0
1212,H11211,H,301.5,311.5,1406,46.2,16,0,0,0,0,0,0
1213,M11212,M,301.6,311.6,1599,38.6,21,0,0,0,0,0,0
1214,L11213,L,301.6,311.6,1646,38.2,24,0,0,0,0,0,0
1215,L11214,L,301.6,311.7,1601,30.4,26,0,0,0,0,0,0
1216,M11215,M,301.6,311.7,1800,30.0,28,0,0,0,0,0,0
1217,L11216,L,301.6,311.8,1290,58.4,31,0,0,0,0,0,0
1218,M11217,M,301.6,311.7,1230,58.7,33,0,0,0,0,0,0
1219,M11218,M,301.6,311.8,1525,40.0,36,0,0,0,0,0,0
1220,L11219,L,301.6,312.0,1512,42.8,39,0,0,0,0,0,0
1221,L11220,L,301.6,312.0,1669,30.2,41,0,0,0,0,0,0
1222,L11221,L,301.5,312.0,1419,46.4,43,0,0,0,0,0,0
1223,H11222,H,301.5,311.9,1156,57.6,45,0,0,0,0,0,0
1224,M11223,M,301.4,312.1,1701,24.7,50,0,0,0,0,0,0
1225,L11224,L,301.5,312.0,1589,44.6,53,0,0,0,0,0,0
1226,H11225,H,301.5,312.0,1450,45.4,55,0,0,0,0,0,0
1227,L11226,L,301.5,312.0,1460,45.3,60,0,0,0,0,0,0
1228,L11227,L,301.5,311.8,1257,56.4,62,0,0,0,0,0,0
1229,H11228,H,301.5,311.8,1146,60.4,64,0,0,0,0,0,0
1230,L11229,L,301.5,311.8,1561,37.7,69,0,0,0,0,0,0
1231,L11230,L,301.4,311.7,1429,46.7,71,0,0,0,0,0,0
1232,M11231,M,301.5,311.9,1513,40.8,73,0,0,0,0,0,0
1233,L11232,L,301.4,311.7,1603,33.7,76,0,0,0,0,0,0
1234,M11233,M,301.3,311.6,1519,42.7,78,0,0,0,0,0,0
1235,L11234,L,301.4,311.7,1434,46.7,81,0,0,0,0,0,0
1236,L11235,L,301.4,311.7,1523,42.2,83,0,0,0,0,0,0
1237,L11236,L,301.4,311.8,1727,31.2,85,0,0,0,0,0,0
1238,L11237,L,301.5,311.9,1607,35.4,87,0,0,0,0,0,0
1239,L11238,L,301.5,312.0,1606,35.4,89,0,0,0,0,0,0
1240,L11239,L,301.5,312.0,1764,31.6,91,0,0,0,0,0,0
1241,H11240,H,301.4,311.9,1432,43.1,93,0,0,0,0,0,0
1242,L11241,L,301.5,311.9,1362,44.2,98,0,0,0,0,0,0
1243,L11242,L,301.5,311.9,1402,49.8,100,0,0,0,0,0,0
1244,L11243,L,301.5,311.9,1649,31.4,102,0,0,0,0,0,0
1245,L11244,L,301.6,312.0,1576,34.2,104,0,0,0,0,0,0
1246,L11245,L,301.6,312.0,1323,55.5,106,0,0,0,0,0,0
1247,M11246,M,301.6,312.0,1558,38.4,108,0,0,0,0,0,0
1248,L11247,L,301.6,312.0,1462,40.3,111,0,0,0,0,0,0
1249,H11248,H,301.7,312.0,1676,38.2,113,0,0,0,0,0,0
1250,H11249,H,301.7,312.1,1255,51.3,118,0,0,0,0,0,0
1251,L11250,L,301.8,312.1,1334,51.7,123,0,0,0,0,0,0
1252,L11251,L,301.8,312.3,1243,51.1,125,0,0,0,0,0,0
1253,L11252,L,301.7,312.2,1549,40.3,127,0,0,0,0,0,0
1254,M11253,M,301.7,312.2,1651,31.3,129,0,0,0,0,0,0
1255,L11254,L,301.8,312.3,1256,59.3,132,0,0,0,0,0,0
1256,H11255,H,301.8,312.2,1391,48.6,134,0,0,0,0,0,0
1257,M11256,M,301.8,312.1,1691,35.4,139,0,0,0,0,0,0
1258,H11257,H,301.9,312.2,1272,54.2,142,0,0,0,0,0,0
1259,M11258,M,301.9,312.2,1539,34.6,147,0,0,0,0,0,0
1260,H11259,H,302.0,312.3,1311,54.1,150,0,0,0,0,0,0
1261,L11260,L,302.0,312.4,1273,54.8,155,0,0,0,0,0,0
1262,L11261,L,302.0,312.4,1593,30.8,157,0,0,0,0,0,0
1263,L11262,L,302.2,312.6,1380,45.8,159,0,0,0,0,0,0
1264,H11263,H,302.1,312.6,1364,47.8,161,0,0,0,0,0,0
1265,M11264,M,302.1,312.5,1180,66.1,166,0,0,0,0,0,0
1266,H11265,H,302.1,312.5,1704,32.6,169,0,0,0,0,0,0
1267,L11266,L,302.1,312.4,1275,54.3,174,0,0,0,0,0,0
1268,H11267,H,302.0,312.6,1561,40.2,176,0,0,0,0,0,0
1269,L11268,L,302.0,312.5,1635,27.6,181,0,0,0,0,0,0
1270,L11269,L,302.0,312.5,1527,38.8,183,0,0,0,0,0,0
1271,H11270,H,301.9,312.5,1560,40.0,185,0,0,0,0,0,0
1272,L11271,L,301.9,312.4,1727,29.4,190,0,0,0,0,0,0
1273,L11272,L,301.8,312.3,1455,43.1,192,0,0,0,0,0,0
1274,M11273,M,301.8,312.3,1373,49.6,194,0,0,0,0,0,0
1275,L11274,L,301.8,312.2,1516,42.4,197,0,0,0,0,0,0
1276,L11275,L,301.8,312.2,1630,34.6,199,0,0,0,0,0,0
1277,L11276,L,301.9,312.2,1611,38.5,201,0,0,0,0,0,0
1278,L11277,L,301.9,312.2,1557,40.0,203,0,0,0,0,0,0
1279,H11278,H,301.9,312.2,1530,42.2,205,0,0,0,0,0,0
1280,M11279,M,301.9,312.2,1445,51.1,210,0,0,0,0,0,0
1281,L11280,L,301.8,312.2,1538,42.7,0,0,0,0,0,0,0
1282,L11281,L,301.8,312.3,1874,26.0,2,0,0,0,0,0,0
1283,L11282,L,301.8,312.1,1596,34.4,4,0,0,0,0,0,0
1284,M11283,M,301.7,312.0,1421,41.7,6,0,0,0,0,0,0
1285,H11284,H,301.7,312.1,1339,51.2,9,0,0,0,0,0,0
1286,H11285,H,301.8,312.3,1305,53.0,14,0,0,0,0,0,0
1287,L11286,L,301.8,312.2,1318,57.7,19,0,0,0,0,0,0
1288,L11287,L,301.8,312.3,1453,41.3,21,0,0,0,0,0,0
1289,L11288,L,301.7,312.2,1404,47.6,23,0,0,0,0,0,0
1290,M11289,M,301.8,312.2,1808,25.5,25,0,0,0,0,0,0
1291,L11290,L,301.8,312.2,1470,44.3,28,0,0,0,0,0,0
1292,M11291,M,301.9,312.3,1711,29.2,30,0,0,0,0,0,0
1293,M11292,M,302.0,312.3,1569,39.4,33,0,0,0,0,0,0
1294,L11293,L,302.0,312.4,1100,70.3,36,0,0,0,0,0,0
1295,L11294,L,301.9,312.3,1572,43.0,38,0,0,0,0,0,0
1296,L11295,L,301.9,312.2,1687,31.4,40,0,0,0,0,0,0
1297,L11296,L,301.9,312.2,1423,44.1,42,0,0,0,0,0,0
1298,L11297,L,301.9,312.2,1712,34.8,44,0,0,0,0,0,0
1299,M11298,M,301.9,312.1,1641,30.4,46,0,0,0,0,0,0
1300,L11299,L,301.9,312.1,1280,61.0,49,0,0,0,0,0,0
1301,L11300,L,302.0,312.3,1432,50.7,51,0,0,0,0,0,0
1302,M11301,M,301.9,312.2,1562,43.5,53,0,0,0,0,0,0
1303,M11302,M,301.9,312.2,1643,36.1,56,0,0,0,0,0,0
1304,L11303,L,301.9,312.2,1473,36.9,59,0,0,0,0,0,0
1305,H11304,H,301.8,312.1,1218,55.4,61,0,0,0,0,0,0
1306,H11305,H,301.8,312.1,1503,43.1,66,0,0,0,0,0,0
1307,M11306,M,301.8,312.2,2024,9.2,71,1,0,0,1,0,0
1308,M11307,M,301.8,312.2,1109,64.2,74,0,0,0,0,0,0
1309,L11308,L,301.8,312.3,1541,41.8,77,0,0,0,0,0,0
1310,H11309,H,301.9,312.3,1470,43.4,79,0,0,0,0,0,0
1311,L11310,L,301.9,312.2,1285,50.9,84,0,0,0,0,0,0
1312,H11311,H,301.9,312.2,1508,44.7,86,0,0,0,0,0,0
1313,M11312,M,301.9,312.2,1440,47.5,91,0,0,0,0,0,0
1314,L11313,L,301.8,312.2,1596,35.8,94,0,0,0,0,0,0
1315,L11314,L,301.9,312.2,1787,27.7,96,0,0,0,0,0,0
1316,M11315,M,301.9,312.2,1496,42.8,98,0,0,0,0,0,0
1317,M11316,M,301.9,312.3,1369,54.3,101,0,0,0,0,0,0
1318,L11317,L,301.8,312.2,1657,33.5,104,0,0,0,0,0,0
1319,M11318,M,301.8,312.2,1736,32.7,106,0,0,0,0,0,0
1320,H11319,H,301.7,312.1,1226,52.2,109,0,0,0,0,0,0
1321,L11320,L,301.7,312.1,1641,35.4,114,0,0,0,0,0,0
1322,L11321,L,301.7,312.1,1586,35.9,116,0,0,0,0,0,0
1323,L11322,L,301.7,312.2,1553,36.3,118,0,0,0,0,0,0
1324,M11323,M,301.7,312.2,1614,39.4,120,0,0,0,0,0,0
1325,L11324,L,301.7,312.2,1855,24.3,123,0,0,0,0,0,0
1326,H11325,H,301.7,312.1,1518,34.6,125,0,0,0,0,0,0
1327,L11326,L,301.8,312.2,1539,42.3,130,0,0,0,0,0,0
1328,M11327,M,301.8,312.1,1533,42.2,132,0,0,0,0,0,0
1329,L11328,L,301.8,312.1,1301,51.6,135,0,0,0,0,0,0
1330,L11329,L,301.7,312.1,1179,58.4,137,0,0,0,0,0,0
1331,M11330,M,301.8,312.1,1192,55.1,139,0,0,0,0,0,0
1332,L11331,L,301.8,312.2,1364,49.1,142,0,0,0,0,0,0
1333,M11332,M,301.8,312.2,1553,38.5,144,0,0,0,0,0,0
1334,H11333,H,301.8,312.1,1688,33.8,147,0,0,0,0,0,0
1335,H11334,H,301.9,312.2,1550,40.2,152,0,0,0,0,0,0
1336,H11335,H,301.9,312.2,1379,45.9,157,0,0,0,0,0,0
1337,L11336,L,301.8,312.2,1412,48.2,162,0,0,0,0,0,0
1338,M11337,M,301.9,312.3,1418,46.2,164,0,0,0,0,0,0
1339,H11338,H,301.9,312.3,1506,38.8,167,0,0,0,0,0,0
1340,L11339,L,301.9,312.3,1315,47.9,172,0,0,0,0,0,0
1341,L11340,L,301.9,312.2,1359,52.6,174,0,0,0,0,0,0
1342,H11341,H,301.9,312.2,1413,48.8,176,0,0,0,0,0,0
1343,L11342,L,301.9,312.3,1575,39.7,181,0,0,0,0,0,0
1344,M11343,M,301.9,312.4,1639,31.7,183,0,0,0,0,0,0
1345,H11344,H,301.9,312.4,1693,31.4,186,0,0,0,0,0,0
1346,M11345,M,301.9,312.4,1577,33.2,191,0,0,0,0,0,0
1347,L11346,L,301.8,312.2,1439,42.6,194,0,0,0,0,0,0
1348,L11347,L,301.8,312.3,1451,45.2,196,0,0,0,0,0,0
1349,L11348,L,301.8,312.2,1793,25.9,198,0,0,0,0,0,0
1350,L11349,L,301.7,312.2,1533,35.0,200,0,0,0,0,0,0
1351,M11350,M,301.7,312.2,1438,42.4,202,0,0,0,0,0,0
1352,H11351,H,301.7,312.2,1671,31.0,205,0,0,0,0,0,0
1353,L11352,L,301.7,312.3,1518,44.3,210,0,0,0,0,0,0
1354,L11353,L,301.8,312.3,1545,36.9,212,0,0,0,0,0,0
1355,H11354,H,301.8,312.3,1669,32.8,214,0,0,0,0,0,0
1356,L11355,L,301.7,312.3,1543,40.5,219,0,0,0,0,0,0
1357,M11356,M,301.7,312.2,1457,43.9,0,0,0,0,0,0,0
1358,L11357,L,301.8,312.3,1697,31.5,3,0,0,0,0,0,0
1359,M11358,M,301.7,312.3,1504,37.6,5,0,0,0,0,0,0
1360,L11359,L,301.8,312.4,1422,44.7,8,0,0,0,0,0,0
1361,M11360,M,301.8,312.4,1748,32.4,10,0,0,0,0,0,0
1362,L11361,L,301.8,312.3,1904,23.4,13,0,0,0,0,0,0
1363,M11362,M,301.8,312.4,1846,24.6,15,0,0,0,0,0,0
1364,L11363,L,301.8,312.3,1671,35.8,18,0,0,0,0,0,0
1365,L11364,L,301.8,312.3,1660,26.8,20,0,0,0,0,0,0
1366,M11365,M,301.8,312.4,1544,36.5,22,0,0,0,0,0,0
1367,L11366,L,301.8,312.4,1237,56.6,25,0,0,0,0,0,0
1368,L11367,L,301.8,312.2,1907,26.2,27,0,0,0,0,0,0
1369,L11368,L,301.8,312.1,1569,37.2,29,0,0,0,0,0,0
1370,L11369,L,301.7,312.1,1217,61.3,31,0,0,0,0,0,0
1371,L11370,L,301.8,312.1,1490,44.1,33,0,0,0,0,0,0
1372,H11371,H,301.8,312.1,1620,36.3,35,0,0,0,0,0,0
1373,L11372,L,301.8,312.1,1563,38.4,40,0,0,0,0,0,0
1374,H11373,H,301.7,312.0,1398,44.3,42,0,0,0,0,0,0
1375,H11374,H,301.7,312.0,1100,57.0,47,0,0,0,0,0,0
1376,L11375,L,301.7,311.9,1700,34.7,52,0,0,0,0,0,0
1377,M11376,M,301.8,312.0,1632,32.4,54,0,0,0,0,0,0
1378,H11377,H,301.7,311.9,1668,26.2,57,0,0,0,0,0,0
1379,M11378,M,301.7,311.9,1545,41.0,62,0,0,0,0,0,0
1380,L11379,L,301.7,311.9,1800,25.9,65,0,0,0,0,0,0
1381,L11380,L,301.7,312.0,1660,35.4,67,0,0,0,0,0,0
1382,L11381,L,301.8,312.0,1755,30.9,69,0,0,0,0,0,0
1383,M11382,M,301.7,311.9,1304,50.7,71,0,0,0,0,0,0
1384,H11383,H,301.7,311.8,1576,34.9,74,0,0,0,0,0,0
1385,H11384,H,301.7,311.8,1453,44.0,79,0,0,0,0,0,0
1386,L11385,L,301.7,311.8,1857,24.0,84,0,0,0,0,0,0
1387,M11386,M,301.7,311.8,1398,41.3,86,0,0,0,0,0,0
1388,L11387,L,301.6,311.7,1750,28.0,89,0,0,0,0,0,0
1389,H11388,H,301.6,311.6,1662,35.7,91,0,0,0,0,0,0
1390,L11389,L,301.5,311.6,1212,62.1,96,0,0,0,0,0,0
1391,H11390,H,301.6,311.5,1419,49.3,98,0,0,0,0,0,0
1392,H11391,H,301.6,311.6,1619,38.7,103,0,0,0,0,0,0
1393,L11392,L,301.6,311.8,1100,72.0,108,0,0,0,0,0,0
1394,L11393,L,301.6,311.7,1784,30.8,110,0,0,0,0,0,0
1395,H11394,H,301.6,311.7,1358,51.7,112,0,0,0,0,0,0
1396,L11395,L,301.5,311.7,1873,24.7,117,0,0,0,0,0,0
1397,M11396,M,301.5,311.7,1514,37.6,119,0,0,0,0,0,0
1398,H11397,H,301.5,311.8,1669,26.5,122,0,0,0,0,0,0
1399,M11398,M,301.6,311.9,1594,42.6,127,0,0,0,0,0,0
1400,L11399,L,301.6,311.9,1477,40.6,130,0,0,0,0,0,0
1401,L11400,L,301.6,311.9,1573,36.9,132,0,0,0,0,0,0
1402,L11401,L,301.6,312.0,1382,50.9,134,0,0,0,0,0,0
1403,H11402,H,301.6,312.0,1678,34.3,136,0,0,0,0,0,0
1404,L11403,L,301.6,312.0,1543,43.3,141,0,0,0,0,0,0
1405,L11404,L,301.6,312.0,1411,48.2,143,0,0,0,0,0,0
1406,L11405,L,301.6,311.9,1731,25.2,145,0,0,0,0,0,0
1407,H11406,H,301.6,311.8,1705,32.5,147,0,0,0,0,0,0
1408,L11407,L,301.6,311.8,1569,40.5,152,0,0,0,0,0,0
1409,H11408,H,301.7,312.0,1329,46.3,154,0,0,0,0,0,0
1410,M11409,M,301.7,312.2,1376,54.2,159,0,0,0,0,0,0
1411,H11410,H,301.7,312.2,1436,37.8,162,0,0,0,0,0,0
1412,H11411,H,301.7,312.0,1650,36.8,167,0,0,0,0,0,0
1413,H11412,H,301.6,312.0,1651,31.3,172,0,0,0,0,0,0
1414,H11413,H,301.7,312.1,1521,43.3,177,0,0,0,0,0,0
1415,L11414,L,301.7,312.2,1617,37.0,182,0,0,0,0,0,0
1416,M11415,M,301.7,312.1,1583,37.3,184,0,0,0,0,0,0
1417,M11416,M,301.7,312.3,1579,39.1,187,0,0,0,0,0,0
1418,M11417,M,301.6,312.2,1439,45.5,190,0,0,0,0,0,0
1419,H11418,H,301.6,312.2,1674,34.4,193,0,0,0,0,0,0
1420,H11419,H,301.5,312.1,1791,32.3,198,0,0,0,0,0,0
1421,M11420,M,301.5,312.1,1390,44.3,203,0,0,0,0,0,0
1422,L11421,L,301.5,312.1,1874,9.7,206,1,0,0,1,0,0
1423,L11422,L,301.5,312.1,1617,34.0,208,0,0,0,0,0,0
1424,L11423,L,301.4,312.0,1707,28.5,210,0,0,0,0,0,0
1425,L11424,L,301.4,311.9,1312,52.0,212,1,0,0,0,1,0
1426,L11425,L,301.4,311.8,1561,35.6,214,0,0,0,0,0,0
1427,L11426,L,301.4,311.9,1682,34.4,216,0,0,0,0,0,0
1428,L11427,L,301.4,311.8,1469,39.5,218,0,0,0,0,0,0
1429,M11428,M,301.4,311.8,1664,34.0,220,0,0,0,0,0,0
1430,L11429,L,301.4,311.8,1642,36.0,223,0,0,0,0,0,0
1431,H11430,H,301.4,311.7,1539,41.0,225,0,0,0,0,0,0
1432,M11431,M,301.4,311.6,1637,35.8,230,0,0,0,0,0,0
1433,L11432,L,301.4,311.6,1664,35.7,233,0,0,0,0,0,0
1434,L11433,L,301.4,311.6,1713,29.9,235,0,0,0,0,0,0
1435,L11434,L,301.4,311.5,1715,28.5,237,1,1,0,0,0,0
1436,H11435,H,301.4,311.5,1555,40.6,0,0,0,0,0,0,0
1437,L11436,L,301.4,311.6,1519,43.1,5,0,0,0,0,0,0
1438,M11437,M,301.4,311.6,1831,25.7,7,0,0,0,0,0,0
1439,H11438,H,301.4,311.6,1313,47.6,10,0,0,0,0,0,0
1440,H11439,H,301.4,311.5,1398,47.6,15,0,0,0,0,0,0
1441,L11440,L,301.4,311.5,1313,49.7,20,0,0,0,0,0,0
1442,L11441,L,301.4,311.5,1518,43.0,22,0,0,0,0,0,0
1443,L11442,L,301.5,311.5,1470,46.4,24,0,0,0,0,0,0
1444,L11443,L,301.5,311.6,1151,61.9,26,0,0,0,0,0,0
1445,L11444,L,301.5,311.6,1549,37.0,28,0,0,0,0,0,0
1446,M11445,M,301.5,311.6,1749,29.5,30,0,0,0,0,0,0
1447,H11446,H,301.6,311.7,1791,24.7,33,0,0,0,0,0,0
1448,M11447,M,301.6,311.8,1319,57.6,38,0,0,0,0,0,0
1449,M11448,M,301.6,311.6,1336,57.7,41,0,0,0,0,0,0
1450,L11449,L,301.6,311.7,1751,30.8,44,0,0,0,0,0,0
1451,H11450,H,301.7,311.7,1675,32.7,46,0,0,0,0,0,0
1452,M11451,M,301.8,311.7,1695,36.8,51,0,0,0,0,0,0
1453,H11452,H,301.8,311.7,1343,52.2,54,0,0,0,0,0,0
1454,H11453,H,301.9,311.8,1730,27.1,59,0,0,0,0,0,0
1455,L11454,L,301.9,311.9,1835,20.3,64,0,0,0,0,0,0
1456,L11455,L,301.9,311.9,1130,61.7,66,0,0,0,0,0,0
1457,L11456,L,301.9,311.8,1485,43.1,68,0,0,0,0,0,0
1458,L11457,L,302.0,311.8,1487,44.5,70,0,0,0,0,0,0
1459,H11458,H,302.0,311.9,1494,37.9,72,0,0,0,0,0,0
1460,L11459,L,302.0,311.9,1434,44.7,77,0,0,0,0,0,0
1461,M11460,M,302.0,311.9,1807,24.9,79,0,0,0,0,0,0
1462,M11461,M,302.0,311.9,1717,31.6,82,0,0,0,0,0,0
1463,L11462,L,302.0,311.9,1519,41.1,85,0,0,0,0,0,0
1464,L11463,L,302.1,312.0,1938,17.3,87,0,0,0,0,0,0
1465,M11464,M,302.1,311.9,1520,37.0,89,0,0,0,0,0,0
1466,M11465,M,302.1,311.8,1549,36.4,92,0,0,0,0,0,0
1467,L11466,L,302.1,311.7,1586,37.0,95,0,0,0,0,0,0
1468,L11467,L,302.1,311.8,1660,34.5,97,0,0,0,0,0,0
1469,M11468,M,302.3,312.0,1720,30.0,99,0,0,0,0,0,0
1470,L11469,L,302.3,311.8,1800,21.8,102,0,0,0,0,0,0
1471,H11470,H,302.3,311.9,1500,41.4,104,0,0,0,0,0,0
1472,L11471,L,302.3,311.9,1674,37.0,109,0,0,0,0,0,0
1473,L11472,L,302.2,311.8,1802,26.2,111,0,0,0,0,0,0
1474,L11473,L,302.2,311.8,1518,40.6,113,0,0,0,0,0,0
1475,M11474,M,302.2,311.9,1531,37.1,115,0,0,0,0,0,0
1476,M11475,M,302.3,311.9,1577,35.4,118,0,0,0,0,0,0
1477,L11476,L,302.2,311.9,1905,18.4,121,0,0,0,0,0,0
1478,H11477,H,302.2,311.9,1437,46.8,123,0,0,0,0,0,0
1479,L11478,L,302.2,311.9,1779,27.7,128,0,0,0,0,0,0
1480,L11479,L,302.1,311.9,1549,40.6,130,0,0,0,0,0,0
1481,L11480,L,302.2,311.9,1655,31.9,132,0,0,0,0,0,0
1482,L11481,L,302.2,311.9,1576,36.1,134,0,0,0,0,0,0
1483,M11482,M,302.2,312.0,1456,51.5,136,0,0,0,0,0,0
1484,L11483,L,302.2,312.1,1416,45.3,139,0,0,0,0,0,0
1485,M11484,M,302.2,312.1,1274,51.3,141,0,0,0,0,0,0
1486,L11485,L,302.1,312.1,1390,43.3,144,0,0,0,0,0,0
1487,H11486,H,302.2,312.2,1451,44.0,146,0,0,0,0,0,0
1488,L11487,L,302.2,312.2,1893,22.2,151,0,0,0,0,0,0
1489,H11488,H,302.3,312.2,1560,36.8,153,0,0,0,0,0,0
1490,L11489,L,302.2,312.1,1659,37.8,158,0,0,0,0,0,0
1491,L11490,L,302.2,312.0,1330,52.2,160,0,0,0,0,0,0
1492,H11491,H,302.1,312.0,1686,34.9,162,0,0,0,0,0,0
1493,M11492,M,302.1,312.0,1451,42.6,167,0,0,0,0,0,0
1494,M11493,M,302.2,312.0,1458,42.3,170,0,0,0,0,0,0
1495,L11494,L,302.2,312.1,1346,51.6,173,0,0,0,0,0,0
1496,M11495,M,302.2,312.0,1588,38.7,175,0,0,0,0,0,0
1497,H11496,H,302.1,312.0,1387,48.3,178,0,0,0,0,0,0
1498,M11497,M,302.1,312.0,1844,23.0,183,0,0,0,0,0,0
1499,L11498,L,302.1,312.0,1845,23.9,186,0,0,0,0,0,0
1500,M11499,M,302.1,311.9,1847,17.2,188,1,0,0,1,0,0
1501,M11500,M,302.1,311.8,1385,47.9,191,0,0,0,0,0,0
1502,H11501,H,302.1,311.9,1394,46.7,194,0,0,0,0,0,0
1503,L11502,L,302.1,311.9,1359,49.0,199,0,0,0,0,0,0
1504,L11503,L,302.0,312.0,1676,33.2,201,0,0,0,0,0,0
1505,H11504,H,302.0,312.1,1606,34.4,203,0,0,0,0,0,0
1506,M11505,M,302.1,312.0,1447,38.8,208,0,0,0,0,0,0
1507,M11506,M,302.1,312.0,1279,54.4,211,0,0,0,0,0,0
1508,L11507,L,302.1,312.0,1190,56.9,214,1,0,0,0,1,0
1509,L11508,L,302.1,312.0,1431,47.9,216,0,0,0,0,0,0
1510,M11509,M,302.1,312.0,1527,43.3,218,0,0,0,0,0,0
1511,L11510,L,302.1,312.0,1189,53.4,221,1,0,0,0,1,0
1512,L11511,L,302.2,312.1,1538,37.4,223,0,0,0,0,0,0
1513,M11512,M,302.1,312.1,1624,36.1,225,0,0,0,0,0,0
1514,M11513,M,302.1,312.0,1481,38.7,228,0,0,0,0,0,0
1515,H11514,H,302.1,312.0,1748,30.2,231,1,1,0,0,0,0
1516,L11515,L,302.1,312.1,1626,38.2,0,0,0,0,0,0,0
1517,L11516,L,302.2,312.3,1719,28.8,2,0,0,0,0,0,0
1518,H11517,H,302.2,312.4,1320,50.3,4,0,0,0,0,0,0
1519,L11518,L,302.2,312.3,1316,45.4,9,0,0,0,0,0,0
1520,L11519,L,302.3,312.3,1340,54.3,11,0,0,0,0,0,0
1521,L11520,L,302.2,312.3,1927,23.7,13,0,0,0,0,0,0
1522,M11521,M,302.2,312.3,1315,59.0,15,0,0,0,0,0,0
1523,H11522,H,302.3,312.4,1795,24.3,18,0,0,0,0,0,0
1524,M11523,M,302.3,312.2,1681,28.0,23,0,0,0,0,0,0
1525,M11524,M,302.3,312.4,1690,33.8,26,0,0,0,0,0,0
1526,L11525,L,302.2,312.3,1309,53.1,29,0,0,0,0,0,0
1527,L11526,L,302.2,312.3,1526,42.3,31,0,0,0,0,0,0
1528,L11527,L,302.3,312.3,1596,37.6,33,0,0,0,0,0,0
1529,L11528,L,302.2,312.2,1678,32.1,35,0,0,0,0,0,0
1530,L11529,L,302.2,312.2,1829,26.2,37,0,0,0,0,0,0
1531,L11530,L,302.3,312.4,1405,51.3,39,0,0,0,0,0,0
1532,L11531,L,302.3,312.4,1373,48.0,41,0,0,0,0,0,0
1533,M11532,M,302.3,312.4,1256,53.5,43,0,0,0,0,0,0
1534,M11533,M,302.3,312.5,1331,44.0,46,0,0,0,0,0,0
1535,L11534,L,302.4,312.5,1968,13.6,49,1,0,0,1,0,0
1536,L11535,L,302.3,312.2,1689,27.6,51,0,0,0,0,0,0
1537,M11536,M,302.3,312.2,1482,44.6,53,0,0,0,0,0,0
1538,M11537,M,302.3,312.2,1582,36.3,56,0,0,0,0,0,0
1539,H11538,H,302.3,312.1,1620,34.4,59,0,0,0,0,0,0
1540,L11539,L,302.3,312.0,1771,29.0,64,0,0,0,0,0,0
1541,H11540,H,302.3,312.1,1399,49.5,66,0,0,0,0,0,0
1542,L11541,L,302.4,312.2,1454,44.6,71,0,0,0,0,0,0
1543,L11542,L,302.4,312.3,1547,45.0,73,0,0,0,0,0,0
1544,L11543,L,302.4,312.2,1687,33.7,75,0,0,0,0,0,0
1545,L11544,L,302.4,312.1,1485,41.8,77,0,0,0,0,0,0
1546,L11545,L,302.5,312.3,1745,26.6,79,0,0,0,0,0,0
1547,L11546,L,302.5,312.3,1604,38.7,81,0,0,0,0,0,0
1548,M11547,M,302.5,312.3,1979,14.7,83,1,0,0,1,0,0
1549,L11548,L,302.5,312.4,1742,24.3,86,0,0,0,0,0,0
1550,L11549,L,302.5,312.4,1643,36.8,88,0,0,0,0,0,0
1551,L11550,L,302.5,312.3,1204,63.8,90,0,0,0,0,0,0
1552,L11551,L,302.5,312.4,1910,22.0,92,0,0,0,0,0,0
1553,L11552,L,302.5,312.5,1836,27.6,94,0,0,0,0,0,0
1554,L11553,L,302.5,312.5,1617,42.2,96,0,0,0,0,0,0
1555,L11554,L,302.4,312.3,1334,57.7,98,0,0,0,0,0,0
1556,M11555,M,302.4,312.2,1523,42.0,100,0,0,0,0,0,0
1557,H11556,H,302.4,312.2,1407,47.0,103,0,0,0,0,0,0
1558,L11557,L,302.4,312.2,1493,36.6,108,0,0,0,0,0,0
1559,M11558,M,302.4,312.3,1625,34.9,110,0,0,0,0,0,0
1560,H11559,H,302.3,312.3,1553,40.8,113,0,0,0,0,0,0
1561,H11560,H,302.3,312.3,1652,33.4,118,0,0,0,0,0,0
1562,M11561,M,302.3,312.3,1309,47.2,123,0,0,0,0,0,0
1563,H11562,H,302.3,312.3,1795,23.9,126,0,0,0,0,0,0
1564,H11563,H,302.3,312.4,1423,48.9,131,0,0,0,0,0,0
1565,M11564,M,302.3,312.4,1474,40.4,136,0,0,0,0,0,0
1566,L11565,L,302.3,312.4,1584,37.9,139,0,0,0,0,0,0
1567,L11566,L,302.3,312.3,1842,23.6,141,0,0,0,0,0,0
1568,L11567,L,302.2,312.4,1767,30.2,143,0,0,0,0,0,0
1569,L11568,L,302.2,312.3,1430,52.0,145,0,0,0,0,0,0
1570,L11569,L,302.3,312.3,1552,37.9,147,0,0,0,0,0,0
1571,L11570,L,302.3,312.4,1501,42.8,149,0,0,0,0,0,0
1572,M11571,M,302.3,312.5,1700,31.2,151,0,0,0,0,0,0
1573,M11572,M,302.3,312.5,1579,39.7,154,0,0,0,0,0,0
1574,H11573,H,302.4,312.5,1801,26.3,157,0,0,0,0,0,0
1575,L11574,L,302.3,312.5,1601,41.0,162,0,0,0,0,0,0
1576,L11575,L,302.3,312.5,1345,43.7,164,0,0,0,0,0,0
1577,M11576,M,302.5,312.7,1507,43.2,166,0,0,0,0,0,0
1578,H11577,H,302.5,312.7,1719,31.0,169,0,0,0,0,0,0
1579,H11578,H,302.5,312.7,1583,36.6,174,0,0,0,0,0,0
1580,H11579,H,302.5,312.7,1320,45.4,179,0,0,0,0,0,0
1581,H11580,H,302.5,312.7,1571,37.9,184,0,0,0,0,0,0
1582,L11581,L,302.5,312.7,1547,37.1,189,0,0,0,0,0,0
1583,L11582,L,302.5,312.8,1308,59.0,191,1,0,0,0,1,0
1584,L11583,L,302.5,312.9,1721,30.5,193,0,0,0,0,0,0
1585,M11584,M,302.4,312.8,1310,50.8,195,0,0,0,0,0,0
1586,H11585,H,302.4,312.8,1620,28.5,198,0,0,0,0,0,0
1587,L11586,L,302.3,312.7,1460,46.5,203,0,0,0,0,0,0
1588,M11587,M,302.2,312.6,1456,47.1,205,0,0,0,0,0,0
1589,L11588,L,302.2,312.5,1613,34.9,208,0,0,0,0,0,0
1590,L11589,L,302.1,312.3,1779,27.8,210,0,0,0,0,0,0
1591,L11590,L,302.2,312.4,1854,20.3,212,0,0,0,0,0,0
1592,L11591,L,302.2,312.3,1702,33.8,214,0,0,0,0,0,0
1593,H11592,H,302.1,312.2,1504,45.3,216,0,0,0,0,0,0
1594,L11593,L,302.2,312.3,1630,29.2,221,0,0,0,0,0,0
1595,H11594,H,302.2,312.2,1444,41.0,223,0,0,0,0,0,0
1596,M11595,M,302.2,312.2,1903,25.2,228,0,0,0,0,0,0
1597,L11596,L,302.2,312.2,1630,37.7,231,0,0,0,0,0,0
1598,L11597,L,302.2,312.2,1662,28.5,233,0,0,0,0,0,0
1599,H11598,H,302.1,312.2,1463,39.2,235,0,0,0,0,0,0
1600,L11599,L,302.2,312.2,1635,35.0,0,0,0,0,0,0,0
1601,H11600,H,302.1,312.0,1677,28.1,2,0,0,0,0,0,0
1602,L11601,L,302.0,311.9,1632,33.4,7,0,0,0,0,0,0
1603,M11602,M,302.0,311.9,1694,30.7,9,0,0,0,0,0,0
1604,H11603,H,302.1,312.0,1756,26.9,12,0,0,0,0,0,0
1605,L11604,L,302.0,311.9,1417,50.8,17,0,0,0,0,0,0
1606,L11605,L,302.0,311.8,1702,36.4,19,0,0,0,0,0,0
1607,H11606,H,302.0,311.8,1886,18.0,21,0,0,0,0,0,0
1608,L11607,L,301.8,311.6,1581,33.8,26,0,0,0,0,0,0
1609,L11608,L,301.8,311.5,1404,49.1,28,0,0,0,0,0,0
1610,L11609,L,301.8,311.5,1759,32.4,30,0,0,0,0,0,0
1611,L11610,L,301.8,311.5,1261,55.0,32,0,0,0,0,0,0
1612,M11611,M,301.8,311.5,1731,31.4,34,0,0,0,0,0,0
1613,M11612,M,301.8,311.5,1406,45.0,37,0,0,0,0,0,0
1614,L11613,L,301.7,311.5,1363,50.4,40,0,0,0,0,0,0
1615,H11614,H,301.8,311.6,1397,44.5,42,0,0,0,0,0,0
1616,L11615,L,301.8,311.5,1772,26.3,47,0,0,0,0,0,0
1617,L11616,L,301.7,311.3,1692,30.6,49,0,0,0,0,0,0
1618,M11617,M,301.8,311.4,1373,51.7,51,0,0,0,0,0,0
1619,H11618,H,301.8,311.4,1774,32.0,54,0,0,0,0,0,0
1620,L11619,L,301.8,311.5,1350,49.8,59,0,0,0,0,0,0
1621,L11620,L,301.9,311.6,1499,35.7,61,0,0,0,0,0,0
1622,M11621,M,301.9,311.6,1503,41.4,63,0,0,0,0,0,0
1623,H11622,H,301.8,311.6,1790,26.1,66,0,0,0,0,0,0
1624,L11623,L,301.8,311.5,1653,33.9,71,0,0,0,0,0,0
1625,L11624,L,301.7,311.4,1678,31.2,73,0,0,0,0,0,0
1626,M11625,M,301.7,311.4,1583,42.3,75,0,0,0,0,0,0
1627,L11626,L,301.7,311.4,1530,40.9,78,0,0,0,0,0,0
1628,L11627,L,301.8,311.4,1453,44.6,80,0,0,0,0,0,0
1629,L11628,L,301.8,311.4,1578,35.1,82,0,0,0,0,0,0
1630,L11629,L,301.8,311.4,1599,30.7,84,0,0,0,0,0,0
1631,L11630,L,301.7,311.3,1525,41.8,86,0,0,0,0,0,0
1632,H11631,H,301.7,311.3,1727,29.7,88,0,0,0,0,0,0
1633,M11632,M,301.7,311.4,1295,50.8,93,0,0,0,0,0,0
1634,M11633,M,301.7,311.3,1555,38.9,96,0,0,0,0,0,0
1635,H11634,H,301.7,311.3,1585,36.7,99,0,0,0,0,0,0
1636,L11635,L,301.6,311.3,1425,44.6,104,0,0,0,0,0,0
1637,L11636,L,301.7,311.4,1507,39.2,106,0,0,0,0,0,0
1638,H11637,H,301.6,311.3,1843,23.4,108,0,0,0,0,0,0
1639,L11638,L,301.7,311.3,1706,29.4,113,0,0,0,0,0,0
1640,M11639,M,301.7,311.3,1325,50.6,115,0,0,0,0,0,0
1641,M11640,M,301.7,311.4,1476,40.8,118,0,0,0,0,0,0
1642,L11641,L,301.7,311.4,1817,23.2,121,0,0,0,0,0,0
1643,L11642,L,301.6,311.2,1530,43.5,123,0,0,0,0,0,0
1644,L11643,L,301.6,311.1,1645,34.4,125,0,0,0,0,0,0
1645,L11644,L,301.7,311.2,1673,31.3,127,0,0,0,0,0,0
1646,L11645,L,301.6,311.2,1750,28.6,129,0,0,0,0,0,0
1647,L11646,L,301.5,311.2,1444,50.0,131,0,0,0,0,0,0
1648,M11647,M,301.5,311.1,1900,20.3,133,0,0,0,0,0,0
1649,H11648,H,301.5,311.0,1695,31.6,136,0,0,0,0,0,0
1650,H11649,H,301.5,311.1,1553,41.2,141,0,0,0,0,0,0
1651,L11650,L,301.5,311.0,1261,55.8,146,0,0,0,0,0,0
1652,L11651,L,301.4,311.0,1454,45.5,148,0,0,0,0,0,0
1653,L11652,L,301.4,310.8,1655,31.5,150,0,0,0,0,0,0
1654,L11653,L,301.3,310.9,1191,55.3,152,0,0,0,0,0,0
1655,H11654,H,301.4,310.9,1788,26.4,154,0,0,0,0,0,0
1656,L11655,L,301.4,310.9,1512,42.7,159,0,0,0,0,0,0
1657,L11656,L,301.4,310.8,1439,44.9,161,0,0,0,0,0,0
1658,H11657,H,301.4,310.9,1746,31.2,163,0,0,0,0,0,0
1659,L11658,L,301.4,310.8,1379,47.0,168,0,0,0,0,0,0
1660,L11659,L,301.3,310.8,1526,34.9,170,0,0,0,0,0,0
1661,L11660,L,301.3,310.8,1381,47.0,172,0,0,0,0,0,0
1662,M11661,M,301.4,310.8,1765,21.6,174,0,0,0,0,0,0
1663,M11662,M,301.4,310.9,1500,43.3,177,0,0,0,0,0,0
1664,L11663,L,301.4,310.9,1566,35.9,180,0,0,0,0,0,0
1665,H11664,H,301.3,310.9,1398,51.5,182,0,0,0,0,0,0
1666,H11665,H,301.4,310.9,1599,39.6,187,0,0,0,0,0,0
1667,H11666,H,301.4,310.9,1274,52.5,192,0,0,0,0,0,0
1668,L11667,L,301.4,311.0,1407,45.1,197,0,0,0,0,0,0
1669,L11668,L,301.4,311.1,1590,38.7,199,0,0,0,0,0,0
1670,H11669,H,301.4,311.1,1459,47.9,201,0,0,0,0,0,0
1671,L11670,L,301.4,311.2,1290,47.9,206,0,0,0,0,0,0
1672,M11671,M,301.5,311.2,1473,44.7,0,0,0,0,0,0,0
1673,M11672,M,301.6,311.3,1805,17.1,3,1,0,0,1,0,0
1674,L11673,L,301.6,311.2,1674,30.2,6,0,0,0,0,0,0
1675,M11674,M,301.6,311.3,1364,53.8,8,0,0,0,0,0,0
1676,H11675,H,301.5,311.2,1920,27.4,11,0,0,0,0,0,0
1677,M11676,M,301.5,311.2,1375,48.8,16,0,0,0,0,0,0
1678,L11677,L,301.4,311.1,1348,47.1,19,0,0,0,0,0,0
1679,H11678,H,301.4,311.1,1633,32.7,21,0,0,0,0,0,0
1680,M11679,M,301.3,311.1,1881,20.0,26,0,0,0,0,0,0
1681,M11680,M,301.3,311.0,1597,34.3,29,0,0,0,0,0,0
1682,H11681,H,301.3,311.0,1133,60.8,32,0,0,0,0,0,0
1683,M11682,M,301.2,311.0,1661,31.4,37,0,0,0,0,0,0
1684,L11683,L,301.2,310.9,1695,32.1,40,0,0,0,0,0,0
1685,L11684,L,301.2,310.9,1698,30.0,42,0,0,0,0,0,0
1686,L11685,L,301.2,310.9,1282,52.1,44,0,0,0,0,0,0
1687,M11686,M,301.2,310.9,1542,37.6,46,0,0,0,0,0,0
1688,M11687,M,301.2,310.9,1621,33.7,49,0,0,0,0,0,0
1689,M11688,M,301.2,310.9,1242,54.1,52,0,0,0,0,0,0
1690,L11689,L,301.2,311.0,1400,45.8,55,0,0,0,0,0,0
1691,M11690,M,301.3,311.1,1730,30.8,57,0,0,0,0,0,0
1692,H11691,H,301.3,311.0,1733,27.8,60,0,0,0,0,0,0
1693,L11692,L,301.2,311.0,1243,51.6,65,0,0,0,0,0,0
1694,M11693,M,301.2,311.0,1592,40.2,67,0,0,0,0,0,0
1695,M11694,M,301.2,311.0,1825,24.5,70,0,0,0,0,0,0
1696,M11695,M,301.3,311.1,1764,22.2,73,0,0,0,0,0,0
1697,L11696,L,301.3,311.2,1707,28.8,76,0,0,0,0,0,0
1698,M11697,M,301.3,311.2,1705,27.6,78,0,0,0,0,0,0
1699,H11698,H,301.4,311.3,1924,19.5,81,0,0,0,0,0,0
1700,M11699,M,301.4,311.3,1704,29.0,86,0,0,0,0,0,0
1701,H11700,H,301.3,311.3,1690,30.8,89,0,0,0,0,0,0
1702,H11701,H,301.3,311.2,1606,35.4,94,0,0,0,0,0,0
1703,L11702,L,301.3,311.3,1167,56.9,99,0,0,0,0,0,0
1704,M11703,M,301.3,311.4,1662,37.3,101,0,0,0,0,0,0
1705,L11704,L,301.3,311.5,1604,38.3,104,0,0,0,0,0,0
1706,H11705,H,301.3,311.4,1410,45.1,106,0,0,0,0,0,0
1707,L11706,L,301.3,311.4,1589,37.6,111,0,0,0,0,0,0
1708,L11707,L,301.3,311.3,1524,44.0,113,0,0,0,0,0,0
1709,H11708,H,301.3,311.3,1493,42.8,115,0,0,0,0,0,0
1710,L11709,L,301.3,311.4,1604,41.2,120,0,0,0,0,0,0
1711,M11710,M,301.3,311.4,1231,67.7,122,0,0,0,0,0,0
1712,L11711,L,301.2,311.3,1376,49.1,125,0,0,0,0,0,0
1713,H11712,H,301.3,311.2,1689,29.2,127,0,0,0,0,0,0
1714,H11713,H,301.3,311.3,1420,43.7,132,0,0,0,0,0,0
1715,L11714,L,301.3,311.2,1549,32.1,137,0,0,0,0,0,0
1716,M11715,M,301.4,311.3,1532,44.5,139,0,0,0,0,0,0
1717,L11716,L,301.4,311.3,1752,26.2,142,0,0,0,0,0,0
1718,M11717,M,301.4,311.3,1775,28.9,144,0,0,0,0,0,0
1719,M11718,M,301.4,311.3,1540,43.4,147,0,0,0,0,0,0
1720,H11719,H,301.4,311.5,1308,50.0,150,0,0,0,0,0,0
1721,L11720,L,301.3,311.4,1400,45.0,155,0,0,0,0,0,0
1722,L11721,L,301.3,311.3,1490,48.5,157,0,0,0,0,0,0
1723,M11722,M,301.3,311.2,1471,43.7,159,0,0,0,0,0,0
1724,M11723,M,301.3,311.2,1472,41.7,162,0,0,0,0,0,0
1725,L11724,L,301.4,311.2,1565,35.0,165,0,0,0,0,0,0
1726,L11725,L,301.4,311.3,1392,48.1,167,0,0,0,0,0,0
1727,L11726,L,301.5,311.3,1448,50.2,169,0,0,0,0,0,0
1728,H11727,H,301.5,311.3,1587,39.4,171,0,0,0,0,0,0
1729,L11728,L,301.4,311.1,1568,38.8,176,0,0,0,0,0,0
1730,L11729,L,301.4,311.1,1356,55.9,178,0,0,0,0,0,0
1731,H11730,H,301.4,311.0,1619,39.8,180,0,0,0,0,0,0
1732,L11731,L,301.4,311.0,1544,40.8,185,0,0,0,0,0,0
1733,M11732,M,301.4,311.1,1611,44.8,187,0,0,0,0,0,0
1734,L11733,L,301.4,311.1,1541,39.0,190,0,0,0,0,0,0
1735,H11734,H,301.5,311.1,1739,31.8,192,0,0,0,0,0,0
1736,M11735,M,301.5,311.2,1452,43.8,197,0,0,0,0,0,0
1737,H11736,H,301.5,311.2,1595,39.6,200,0,0,0,0,0,0
1738,L11737,L,301.5,311.3,1211,58.4,205,1,0,0,0,1,0
1739,M11738,M,301.5,311.5,1430,47.9,207,0,0,0,0,0,0
1740,M11739,M,301.5,311.4,1773,34.0,210,0,0,0,0,0,0
1741,L11740,L,301.5,311.3,1467,47.3,213,0,0,0,0,0,0
1742,L11741,L,301.5,311.3,1512,43.1,215,0,0,0,0,0,0
1743,L11742,L,301.4,311.2,1272,53.1,217,1,0,0,0,1,0
1744,H11743,H,301.4,311.2,1638,34.8,219,0,0,0,0,0,0
1745,M11744,M,301.5,311.2,1450,41.9,0,0,0,0,0,0,0
1746,M11745,M,301.4,311.2,1604,39.0,3,0,0,0,0,0,0
1747,M11746,M,301.5,311.2,1576,40.6,6,0,0,0,0,0,0
1748,M11747,M,301.5,311.2,1678,31.1,9,0,0,0,0,0,0
1749,L11748,L,301.5,311.2,1533,45.8,12,0,0,0,0,0,0
1750,L11749,L,301.5,311.2,1552,44.2,14,0,0,0,0,0,0
1751,M11750,M,301.6,311.2,1328,52.9,16,0,0,0,0,0,0
1752,L11751,L,301.6,311.1,1571,39.9,19,0,0,0,0,0,0
1753,H11752,H,301.6,311.2,1575,35.9,21,0,0,0,0,0,0
1754,H11753,H,301.6,311.2,1389,47.9,26,0,0,0,0,0,0
1755,L11754,L,301.7,311.2,1613,32.1,31,0,0,0,0,0,0
1756,M11755,M,301.7,311.2,1327,50.8,33,0,0,0,0,0,0
1757,L11756,L,301.7,311.3,1348,50.8,36,0,0,0,0,0,0
1758,H11757,H,301.7,311.2,1231,52.6,38,0,0,0,0,0,0
1759,H11758,H,301.7,311.2,1506,43.8,43,0,0,0,0,0,0
1760,H11759,H,301.7,311.3,1678,35.1,48,0,0,0,0,0,0
1761,L11760,L,301.8,311.2,1519,41.1,53,0,0,0,0,0,0
1762,L11761,L,301.9,311.3,1323,43.8,55,0,0,0,0,0,0
1763,L11762,L,301.9,311.2,1619,34.4,57,0,0,0,0,0,0
1764,L11763,L,301.9,311.1,1233,53.3,59,0,0,0,0,0,0
1765,L11764,L,301.9,311.2,1405,45.8,61,0,0,0,0,0,0
1766,L11765,L,301.9,311.1,1771,31.1,63,0,0,0,0,0,0
1767,H11766,H,301.9,311.0,1100,58.8,65,0,0,0,0,0,0
1768,L11767,L,301.9,311.1,1476,41.0,70,0,0,0,0,0,0
1769,L11768,L,301.8,310.8,1770,29.1,72,0,0,0,0,0,0
1770,H11769,H,301.9,310.9,1640,31.7,74,0,0,0,0,0,0
1771,M11770,M,302.0,310.9,1241,54.9,79,0,0,0,0,0,0
1772,M11771,M,302.0,310.8,1341,58.2,82,0,0,0,0,0,0
1773,M11772,M,302.0,310.8,1387,50.1,85,0,0,0,0,0,0
1774,H11773,H,301.9,310.8,1366,53.2,88,0,0,0,0,0,0
1775,M11774,M,301.9,310.7,1359,52.2,93,0,0,0,0,0,0
1776,M11775,M,301.8,310.6,1452,45.6,96,0,0,0,0,0,0
1777,M11776,M,301.8,310.5,1553,43.3,99,0,0,0,0,0,0
1778,L11777,L,301.8,310.4,1553,45.4,102,0,0,0,0,0,0
1779,L11778,L,301.8,310.6,1319,47.4,104,0,0,0,0,0,0
1780,L11779,L,301.8,310.5,1662,32.6,106,0,0,0,0,0,0
1781,L11780,L,301.8,310.6,1411,47.3,108,0,0,0,0,0,0
1782,M11781,M,301.8,310.6,1266,54.6,110,0,0,0,0,0,0
1783,L11782,L,301.7,310.5,1628,37.9,113,0,0,0,0,0,0
1784,L11783,L,301.7,310.4,1606,36.9,115,0,0,0,0,0,0
1785,L11784,L,301.7,310.5,1565,44.8,117,0,0,0,0,0,0
1786,H11785,H,301.8,310.5,1710,33.5,119,0,0,0,0,0,0
1787,L11786,L,301.8,310.5,1838,26.8,124,0,0,0,0,0,0
1788,M11787,M,301.8,310.5,1276,51.5,126,0,0,0,0,0,0
1789,H11788,H,301.8,310.5,1570,35.5,129,0,0,0,0,0,0
1790,L11789,L,301.9,310.5,1494,40.2,134,0,0,0,0,0,0
1791,M11790,M,301.8,310.5,1716,33.9,136,0,0,0,0,0,0
1792,L11791,L,301.8,310.3,1267,52.8,139,1,0,1,0,0,0
1793,L11792,L,301.9,310.4,1340,48.5,141,1,0,1,0,0,0
1794,M11793,M,301.9,310.4,1516,37.6,143,0,0,0,0,0,0
1795,H11794,H,302.0,310.3,1893,28.2,146,0,0,0,0,0,0
1796,L11795,L,302.0,310.4,1589,36.5,151,0,0,0,0,0,0
1797,M11796,M,302.0,310.5,1471,45.7,153,0,0,0,0,0,0
1798,L11797,L,302.0,310.5,1442,41.9,156,0,0,0,0,0,0
1799,M11798,M,301.9,310.5,1573,41.1,158,0,0,0,0,0,0
1800,M11799,M,301.9,310.6,1403,42.1,161,0,0,0,0,0,0
1801,M11800,M,301.9,310.5,1354,47.6,164,1,0,1,0,0,0
1802,M11801,M,301.9,310.5,1504,39.6,167,0,0,0,0,0,0
1803,L11802,L,302.0,310.5,1474,44.5,170,0,0,0,0,0,0
1804,M11803,M,302.0,310.6,1661,30.1,172,0,0,0,0,0,0
1805,M11804,M,302.0,310.7,1189,65.5,175,0,0,0,0,0,0
1806,M11805,M,302.0,310.7,1614,37.2,178,0,0,0,0,0,0
1807,L11806,L,301.9,310.5,1465,42.0,181,0,0,0,0,0,0
1808,L11807,L,301.9,310.5,1497,45.7,183,0,0,0,0,0,0
1809,L11808,L,301.9,310.5,1586,35.9,185,0,0,0,0,0,0
1810,L11809,L,301.9,310.6,1504,40.1,187,0,0,0,0,0,0
1811,L11810,L,301.9,310.6,1589,40.0,189,0,0,0,0,0,0
1812,L11811,L,301.8,310.6,1556,30.9,191,0,0,0,0,0,0
1813,M11812,M,301.8,310.6,1504,44.4,193,0,0,0,0,0,0
1814,L11813,L,301.9,310.8,1779,23.5,196,0,0,0,0,0,0
1815,H11814,H,301.9,310.7,1200,57.5,198,0,0,0,0,0,0
1816,M11815,M,301.9,310.7,1513,47.9,203,0,0,0,0,0,0
1817,M11816,M,301.9,310.7,1400,46.4,206,0,0,0,0,0,0
1818,L11817,L,301.9,310.7,1887,22.6,0,0,0,0,0,0,0
1819,L11818,L,302.0,310.7,1688,32.1,2,0,0,0,0,0,0
1820,M11819,M,302.0,310.8,1323,53.9,4,0,0,0,0,0,0
1821,H11820,H,302.0,310.9,1100,80.0,7,1,0,0,1,0,0
1822,L11821,L,302.0,310.9,1318,51.9,12,0,0,0,0,0,0
1823,M11822,M,302.0,310.8,1447,50.4,14,0,0,0,0,0,0
1824,M11823,M,301.9,310.8,1501,45.2,17,0,0,0,0,0,0
1825,M11824,M,301.9,310.8,1654,31.5,20,0,0,0,0,0,0
1826,L11825,L,301.9,310.8,1310,50.0,23,0,0,0,0,0,0
1827,M11826,M,301.8,310.8,1693,29.0,25,0,0,0,0,0,0
1828,L11827,L,301.8,310.8,1799,27.9,28,0,0,0,0,0,0
1829,H11828,H,301.9,311.0,1820,27.3,30,0,0,0,0,0,0
1830,L11829,L,301.9,311.0,1403,49.8,35,0,0,0,0,0,0
1831,L11830,L,301.8,310.8,1457,39.4,37,0,0,0,0,0,0
1832,H11831,H,301.8,310.8,1563,41.0,39,0,0,0,0,0,0
1833,L11832,L,301.7,310.6,1613,39.8,44,0,0,0,0,0,0
1834,L11833,L,301.7,310.7,1739,28.7,46,0,0,0,0,0,0
1835,L11834,L,301.7,310.8,1763,33.3,48,0,0,0,0,0,0
1836,L11835,L,301.7,310.7,1570,33.8,50,0,0,0,0,0,0
1837,L11836,L,301.7,310.7,1815,25.9,52,0,0,0,0,0,0
1838,L11837,L,301.8,310.7,1567,35.0,54,0,0,0,0,0,0
1839,M11838,M,301.8,310.7,1781,29.2,56,0,0,0,0,0,0
1840,M11839,M,301.7,310.6,1474,45.8,59,0,0,0,0,0,0
1841,L11840,L,301.7,310.6,1526,46.6,62,0,0,0,0,0,0
1842,M11841,M,301.8,310.8,1786,27.1,64,0,0,0,0,0,0
1843,L11842,L,301.8,310.7,1566,37.0,67,0,0,0,0,0,0
1844,H11843,H,301.7,310.7,1195,58.6,69,0,0,0,0,0,0
1845,L11844,L,301.7,310.8,1691,30.2,74,0,0,0,0,0,0
1846,M11845,M,301.8,310.8,1437,44.3,76,0,0,0,0,0,0
1847,L11846,L,301.9,310.9,1595,41.1,79,0,0,0,0,0,0
1848,M11847,M,301.9,310.9,1423,50.9,81,0,0,0,0,0,0
1849,L11848,L,301.9,311.0,1404,43.0,84,0,0,0,0,0,0
1850,M11849,M,302.0,311.1,1613,35.7,86,0,0,0,0,0,0
1851,L11850,L,301.9,311.0,1530,40.7,89,0,0,0,0,0,0
1852,H11851,H,301.9,310.9,1480,40.8,91,0,0,0,0,0,0
1853,M11852,M,301.9,310.8,1578,39.1,96,0,0,0,0,0,0
1854,M11853,M,301.9,310.8,1844,26.8,99,0,0,0,0,0,0
1855,H11854,H,301.9,310.9,1376,52.4,102,0,0,0,0,0,0
1856,H11855,H,301.9,310.8,1432,50.7,107,0,0,0,0,0,0
1857,L11856,L,301.9,310.9,1675,29.6,112,0,0,0,0,0,0
1858,L11857,L,301.9,310.9,1591,37.0,114,0,0,0,0,0,0
1859,L11858,L,301.9,310.9,1533,37.7,116,0,0,0,0,0,0
1860,L11859,L,301.9,310.9,1748,28.4,118,0,0,0,0,0,0
1861,M11860,M,301.9,311.0,1874,21.3,120,0,0,0,0,0,0
1862,H11861,H,301.8,310.8,1706,33.3,123,0,0,0,0,0,0
1863,H11862,H,301.7,310.9,1672,36.4,128,0,0,0,0,0,0
1864,M11863,M,301.8,311.0,1822,25.6,133,0,0,0,0,0,0
1865,M11864,M,301.7,310.9,1460,41.8,136,0,0,0,0,0,0
1866,H11865,H,301.7,311.0,1265,51.6,139,0,0,0,0,0,0
1867,H11866,H,301.8,311.0,1424,48.4,144,0,0,0,0,0,0
1868,L11867,L,301.8,311.0,1643,38.7,149,0,0,0,0,0,0
1869,M11868,M,301.8,311.1,1850,21.6,151,0,0,0,0,0,0
1870,H11869,H,302.0,311.2,1331,47.2,154,0,0,0,0,0,0
1871,L11870,L,301.9,311.2,1630,41.5,159,0,0,0,0,0,0
1872,L11871,L,301.9,311.2,1493,44.2,161,0,0,0,0,0,0
1873,H11872,H,302.0,311.3,1218,59.4,163,0,0,0,0,0,0
1874,H11873,H,301.9,311.4,1613,31.8,168,0,0,0,0,0,0
1875,H11874,H,301.9,311.3,2028,11.3,173,1,0,0,1,0,0
1876,M11875,M,301.9,311.3,1756,29.5,178,0,0,0,0,0,0
1877,L11876,L,301.8,311.2,1483,44.9,181,0,0,0,0,0,0
1878,L11877,L,301.8,311.2,1495,40.3,183,0,0,0,0,0,0
1879,M11878,M,301.8,311.2,1742,27.8,185,0,0,0,0,0,0
1880,M11879,M,301.8,311.2,1745,25.8,188,0,0,0,0,0,0
1881,M11880,M,301.8,311.2,1691,36.5,191,0,0,0,0,0,0
1882,M11881,M,301.7,311.2,1800,27.5,194,0,0,0,0,0,0
1883,L11882,L,301.9,311.3,1420,45.2,197,0,0,0,0,0,0
1884,M11883,M,301.8,311.1,1543,35.9,199,0,0,0,0,0,0
1885,L11884,L,301.8,311.2,1660,33.7,202,0,0,0,0,0,0
1886,L11885,L,301.8,311.2,1639,32.4,204,0,0,0,0,0,0
1887,L11886,L,301.8,311.2,1470,42.6,206,0,0,0,0,0,0
1888,L11887,L,301.8,311.1,1467,40.4,208,0,0,0,0,0,0
1889,H11888,H,301.8,311.1,1447,42.0,210,0,0,0,0,0,0
1890,L11889,L,301.8,311.2,1516,41.8,215,0,0,0,0,0,0
1891,L11890,L,301.8,311.3,1535,39.3,217,0,0,0,0,0,0
1892,M11891,M,301.8,311.1,1853,29.7,219,1,1,0,0,0,0
1893,M11892,M,301.8,311.1,1695,32.7,0,0,0,0,0,0,0
1894,L11893,L,301.8,311.2,1541,36.1,3,0,0,0,0,0,0
1895,L11894,L,301.8,311.3,1101,60.7,5,0,0,0,0,0,0
1896,L11895,L,301.8,311.2,1790,26.5,7,0,0,0,0,0,0
1897,M11896,M,301.9,311.2,1587,35.8,9,0,0,0,0,0,0
1898,L11897,L,301.9,311.4,1596,41.0,12,0,0,0,0,0,0
1899,L11898,L,301.9,311.5,1605,37.0,14,0,0,0,0,0,0
1900,L11899,L,301.9,311.4,1245,50.7,16,0,0,0,0,0,0
1901,M11900,M,301.9,311.5,1533,36.9,18,0,0,0,0,0,0
1902,L11901,L,302.0,311.4,1540,37.7,21,0,0,0,0,0,0
1903,H11902,H,302.0,311.6,1424,48.1,23,0,0,0,0,0,0
1904,L11903,L,302.0,311.6,1171,58.1,28,0,0,0,0,0,0
1905,M11904,M,302.1,311.6,1307,54.1,30,0,0,0,0,0,0
1906,L11905,L,302.1,311.7,1487,38.6,33,0,0,0,0,0,0
1907,L11906,L,302.0,311.7,1547,39.5,35,0,0,0,0,0,0
1908,L11907,L,302.0,311.6,1551,40.5,37,0,0,0,0,0,0
1909,H11908,H,302.0,311.7,1595,41.5,39,0,0,0,0,0,0
1910,H11909,H,302.0,311.8,1696,31.5,44,0,0,0,0,0,0
1911,L11910,L,302.0,311.6,1333,49.4,49,0,0,0,0,0,0
1912,L11911,L,302.0,311.6,1586,42.1,51,0,0,0,0,0,0
1913,H11912,H,302.0,311.4,1535,39.6,53,0,0,0,0,0,0
1914,M11913,M,302.0,311.5,1797,27.3,58,0,0,0,0,0,0
1915,L11914,L,302.1,311.4,1493,40.6,61,0,0,0,0,0,0
1916,L11915,L,302.1,311.5,1865,21.1,63,0,0,0,0,0,0
1917,M11916,M,302.0,311.6,1592,34.2,65,0,0,0,0,0,0
1918,M11917,M,302.1,311.6,1652,34.4,68,0,0,0,0,0,0
1919,M11918,M,302.0,311.5,1534,42.9,71,0,0,0,0,0,0
1920,H11919,H,302.0,311.4,1191,58.8,74,0,0,0,0,0,0
1921,L11920,L,302.1,311.4,1410,45.7,79,0,0,0,0,0,0
1922,L11921,L,302.1,311.5,1312,54.5,81,0,0,0,0,0,0
1923,L11922,L,302.0,311.5,1382,46.5,83,0,0,0,0,0,0
1924,L11923,L,302.0,311.6,1262,51.3,85,0,0,0,0,0,0
1925,L11924,L,301.9,311.7,1242,58.6,87,0,0,0,0,0,0
1926,L11925,L,302.0,311.7,1656,32.7,89,0,0,0,0,0,0
1927,L11926,L,302.0,311.8,1666,32.0,91,0,0,0,0,0,0
1928,M11927,M,301.9,311.6,1453,46.7,93,0,0,0,0,0,0
1929,L11928,L,301.9,311.6,1576,40.0,96,0,0,0,0,0,0
1930,L11929,L,301.9,311.6,1492,42.2,98,0,0,0,0,0,0
1931,M11930,M,301.9,311.6,1518,37.5,100,0,0,0,0,0,0
1932,M11931,M,301.9,311.6,1604,34.0,103,0,0,0,0,0,0
1933,M11932,M,301.8,311.5,1295,56.2,106,0,0,0,0,0,0
1934,H11933,H,301.8,311.4,1733,29.0,109,0,0,0,0,0,0
1935,M11934,M,301.8,311.4,1391,46.9,114,0,0,0,0,0,0
1936,L11935,L,301.8,311.4,1405,45.2,117,0,0,0,0,0,0
1937,L11936,L,301.9,311.4,1841,24.2,119,0,0,0,0,0,0
1938,M11937,M,301.9,311.4,1667,31.7,121,0,0,0,0,0,0
1939,L11938,L,302.0,311.5,1693,33.4,124,0,0,0,0,0,0
1940,L11939,L,302.0,311.5,1491,45.6,126,0,0,0,0,0,0
1941,L11940,L,301.9,311.5,1583,36.3,128,0,0,0,0,0,0
1942,L11941,L,302.0,311.6,1606,39.1,130,0,0,0,0,0,0
1943,L11942,L,301.8,311.5,1794,25.4,132,0,0,0,0,0,0
1944,L11943,L,301.8,311.5,1157,63.3,134,0,0,0,0,0,0
1945,H11944,H,301.8,311.5,1404,40.7,136,0,0,0,0,0,0
1946,H11945,H,301.7,311.3,1399,45.0,141,0,0,0,0,0,0
1947,L11946,L,301.7,311.3,1579,34.6,146,0,0,0,0,0,0
1948,H11947,H,301.7,311.4,1631,33.5,148,0,0,0,0,0,0
1949,L11948,L,301.7,311.4,1219,59.1,153,0,0,0,0,0,0
1950,H11949,H,301.7,311.3,1873,20.8,155,0,0,0,0,0,0
1951,H11950,H,301.7,311.3,1507,42.8,160,0,0,0,0,0,0
1952,L11951,L,301.7,311.3,1706,27.9,165,0,0,0,0,0,0
1953,M11952,M,301.7,311.2,1646,35.9,167,0,0,0,0,0,0
1954,H11953,H,301.7,311.3,1748,33.6,170,0,0,0,0,0,0
1955,H11954,H,301.7,311.2,1686,30.1,175,1,0,0,0,0,1
1956,H11955,H,301.8,311.3,1495,40.4,180,0,0,0,0,0,0
1957,M11956,M,301.8,311.3,1936,14.3,185,1,0,0,1,0,0
1958,L11957,L,301.8,311.2,1596,36.8,188,0,0,0,0,0,0
1959,H11958,H,301.9,311.3,1524,39.1,190,0,0,0,0,0,0
1960,M11959,M,301.9,311.3,1672,26.4,195,0,0,0,0,0,0
1961,M11960,M,302.0,311.4,1199,55.1,198,0,0,0,0,0,0
1962,L11961,L,302.0,311.4,1696,34.1,201,0,0,0,0,0,0
1963,M11962,M,302.0,311.4,1650,37.6,203,0,0,0,0,0,0
1964,L11963,L,302.0,311.5,1728,34.1,206,0,0,0,0,0,0
1965,M11964,M,302.0,311.5,1565,39.2,208,0,0,0,0,0,0
1966,L11965,L,302.0,311.5,1260,53.1,211,1,0,0,0,1,0
1967,M11966,M,302.1,311.6,1100,64.7,213,1,0,0,0,1,0
1968,H11967,H,302.0,311.6,1328,47.5,0,0,0,0,0,0,0
1969,L11968,L,302.0,311.6,1267,50.9,5,0,0,0,0,0,0
1970,M11969,M,302.0,311.6,1260,57.2,7,0,0,0,0,0,0
1971,L11970,L,302.0,311.5,1526,42.5,10,0,0,0,0,0,0
1972,H11971,H,302.0,311.6,1380,55.7,12,0,0,0,0,0,0
1973,M11972,M,302.0,311.6,1399,47.9,17,0,0,0,0,0,0
1974,L11973,L,301.9,311.5,1438,41.4,20,0,0,0,0,0,0
1975,L11974,L,301.9,311.3,1472,43.5,22,0,0,0,0,0,0
1976,L11975,L,302.0,311.3,1832,21.8,24,0,0,0,0,0,0
1977,L11976,L,302.0,311.3,1461,42.9,26,0,0,0,0,0,0
1978,H11977,H,301.9,311.2,1820,24.6,28,0,0,0,0,0,0
1979,M11978,M,301.9,311.2,1746,23.7,33,0,0,0,0,0,0
1980,L11979,L,301.9,311.1,1513,41.9,36,0,0,0,0,0,0
1981,H11980,H,301.9,311.1,1764,28.9,38,0,0,0,0,0,0
1982,L11981,L,301.9,311.0,1619,39.9,43,0,0,0,0,0,0
1983,H11982,H,301.9,310.9,1532,41.4,45,0,0,0,0,0,0
1984,L11983,L,301.9,310.9,1565,41.8,50,0,0,0,0,0,0
1985,M11984,M,301.9,310.8,1667,31.0,52,0,0,0,0,0,0
1986,H11985,H,301.8,310.8,1368,49.0,55,0,0,0,0,0,0
1987,L11986,L,301.8,310.8,1629,39.1,60,0,0,0,0,0,0
1988,M11987,M,301.9,310.8,1386,44.4,62,0,0,0,0,0,0
1989,H11988,H,301.7,310.7,1719,28.0,65,0,0,0,0,0,0
1990,L11989,L,301.7,310.6,1631,38.2,70,0,0,0,0,0,0
1991,L11990,L,301.6,310.5,1340,51.0,72,0,0,0,0,0,0
1992,M11991,M,301.6,310.5,1357,49.7,74,0,0,0,0,0,0
1993,L11992,L,301.5,310.3,1659,32.0,77,0,0,0,0,0,0
1994,L11993,L,301.6,310.4,1637,34.5,79,0,0,0,0,0,0
1995,L11994,L,301.5,310.5,1767,30.1,81,0,0,0,0,0,0
1996,M11995,M,301.6,310.5,1701,33.4,83,0,0,0,0,0,0
1997,L11996,L,301.7,310.6,1777,26.0,86,0,0,0,0,0,0
1998,L11997,L,301.7,310.6,1623,38.6,88,0,0,0,0,0,0
1999,H11998,H,301.7,310.7,1449,46.3,90,0,0,0,0,0,0
2000,M11999,M,301.7,310.6,1720,32.1,95,0,0,0,0,0,0
2001,H12000,H,301.8,310.7,1496,39.1,98,0,0,0,0,0,0
2002,L12001,L,301.7,310.6,1673,37.8,103,0,0,0,0,0,0
2003,H12002,H,301.7,310.4,1371,50.6,105,0,0,0,0,0,0
2004,M12003,M,301.7,310.5,1488,33.9,110,0,0,0,0,0,0
2005,L12004,L,301.8,310.6,1729,34.2,113,0,0,0,0,0,0
2006,H12005,H,301.7,310.6,1682,31.5,115,0,0,0,0,0,0
2007,L12006,L,301.7,310.6,1709,28.6,120,0,0,0,0,0,0
2008,L12007,L,301.7,310.5,1414,45.3,122,0,0,0,0,0,0
2009,L12008,L,301.7,310.6,1586,38.6,124,0,0,0,0,0,0
2010,M12009,M,301.7,310.6,1479,40.5,126,0,0,0,0,0,0
2011,L12010,L,301.7,310.6,1289,52.7,129,0,0,0,0,0,0
2012,L12011,L,301.8,310.6,1281,53.3,131,0,0,0,0,0,0
2013,L12012,L,301.7,310.6,1802,23.5,133,0,0,0,0,0,0
2014,L12013,L,301.8,310.6,1399,46.5,135,0,0,0,0,0,0
2015,L12014,L,301.8,310.6,1547,42.3,137,0,0,0,0,0,0
2016,M12015,M,301.8,310.6,1632,35.4,139,0,0,0,0,0,0
2017,L12016,L,301.7,310.4,1504,43.3,142,0,0,0,0,0,0
2018,L12017,L,301.8,310.4,1866,22.7,144,0,0,0,0,0,0
2019,M12018,M,301.8,310.4,1284,54.6,146,0,0,0,0,0,0
2020,L12019,L,301.8,310.5,1393,45.1,149,0,0,0,0,0,0
2021,M12020,M,301.8,310.6,1786,31.3,151,0,0,0,0,0,0
2022,L12021,L,301.7,310.6,1689,34.1,154,0,0,0,0,0,0
2023,L12022,L,301.8,310.7,1918,23.0,156,0,0,0,0,0,0
2024,L12023,L,301.8,310.7,1649,36.9,158,0,0,0,0,0,0
2025,L12024,L,301.9,310.8,1594,35.2,160,0,0,0,0,0,0
2026,L12025,L,301.9,310.8,1632,26.7,162,0,0,0,0,0,0
2027,H12026,H,301.9,310.8,1337,47.8,164,0,0,0,0,0,0
2028,L12027,L,301.8,310.7,1356,52.8,169,0,0,0,0,0,0
2029,M12028,M,301.9,310.7,1537,39.7,171,0,0,0,0,0,0
2030,M12029,M,301.8,310.6,1567,36.9,174,0,0,0,0,0,0
2031,L12030,L,301.8,310.5,1325,44.3,177,0,0,0,0,0,0
2032,M12031,M,301.8,310.6,1541,39.8,179,0,0,0,0,0,0
2033,L12032,L,301.8,310.6,1662,29.2,182,0,0,0,0,0,0
2034,L12033,L,301.8,310.5,1609,33.5,184,0,0,0,0,0,0
2035,L12034,L,301.8,310.4,1636,37.0,186,0,0,0,0,0,0
2036,M12035,M,301.7,310.4,1438,42.5,188,0,0,0,0,0,0
2037,H12036,H,301.7,310.4,1484,40.1,191,0,0,0,0,0,0
2038,L12037,L,301.6,310.3,1513,42.1,196,0,0,0,0,0,0
2039,M12038,M,301.6,310.3,1846,24.8,198,0,0,0,0,0,0
2040,M12039,M,301.5,310.2,1402,46.7,201,0,0,0,0,0,0
2041,L12040,L,301.4,310.1,1619,40.0,204,0,0,0,0,0,0
2042,M12041,M,301.5,310.2,1100,65.5,206,1,1,0,0,1,0
2043,M12042,M,301.5,310.2,1523,36.1,0,0,0,0,0,0,0
2044,H12043,H,301.5,310.3,1397,43.2,3,0,0,0,0,0,0
2045,H12044,H,301.5,310.4,1100,68.3,8,0,0,0,0,0,0
2046,L12045,L,301.5,310.4,1524,41.9,13,0,0,0,0,0,0
2047,L12046,L,301.5,310.3,1495,39.3,15,0,0,0,0,0,0
2048,M12047,M,301.5,310.3,1627,30.1,17,0,0,0,0,0,0
2049,L12048,L,301.5,310.3,1299,55.3,20,0,0,0,0,0,0
2050,L12049,L,301.5,310.2,1781,28.4,22,0,0,0,0,0,0
2051,H12050,H,301.6,310.3,1524,44.3,24,0,0,0,0,0,0
2052,L12051,L,301.6,310.3,1667,35.3,29,0,0,0,0,0,0
2053,L12052,L,301.5,310.2,1519,38.1,31,0,0,0,0,0,0
2054,H12053,H,301.5,310.4,1796,25.8,33,0,0,0,0,0,0
2055,L12054,L,301.6,310.4,1337,53.4,38,0,0,0,0,0,0
2056,L12055,L,301.5,310.3,1559,37.2,40,0,0,0,0,0,0
2057,H12056,H,301.5,310.2,1754,27.8,42,0,0,0,0,0,0
2058,L12057,L,301.4,310.2,1255,52.5,47,0,0,0,0,0,0
2059,L12058,L,301.5,310.3,1589,35.0,49,0,0,0,0,0,0
2060,L12059,L,301.5,310.3,1502,43.3,51,0,0,0,0,0,0
2061,H12060,H,301.5,310.3,1479,48.4,53,0,0,0,0,0,0
2062,L12061,L,301.5,310.4,1522,44.7,58,0,0,0,0,0,0
2063,M12062,M,301.6,310.4,1948,18.0,60,0,0,0,0,0,0
2064,L12063,L,301.6,310.5,1424,47.0,63,0,0,0,0,0,0
2065,L12064,L,301.6,310.6,1551,39.0,65,0,0,0,0,0,0
2066,H12065,H,301.6,310.7,1513,36.7,67,0,0,0,0,0,0
2067,M12066,M,301.5,310.7,1510,38.9,72,0,0,0,0,0,0
2068,H12067,H,301.6,310.8,1767,23.9,75,0,0,0,0,0,0
2069,L12068,L,301.5,310.8,1537,41.9,80,0,0,0,0,0,0
2070,M12069,M,301.5,310.9,1823,26.4,82,0,0,0,0,0,0
2071,H12070,H,301.6,311.0,1628,37.1,85,0,0,0,0,0,0
2072,L12071,L,301.6,311.0,1578,41.6,90,0,0,0,0,0,0
2073,L12072,L,301.6,311.0,1359,50.7,92,0,0,0,0,0,0
2074,H12073,H,301.6,311.1,1622,31.8,94,0,0,0,0,0,0
2075,L12074,L,301.6,311.0,1288,54.5,99,0,0,0,0,0,0
2076,M12075,M,301.6,310.9,1336,49.5,101,0,0,0,0,0,0
2077,H12076,H,301.4,310.8,1648,35.7,104,0,0,0,0,0,0
2078,L12077,L,301.5,310.8,1706,28.9,109,0,0,0,0,0,0
2079,L12078,L,301.5,310.9,1778,25.6,111,0,0,0,0,0,0
2080,L12079,L,301.5,310.9,1531,42.7,113,0,0,0,0,0,0
2081,L12080,L,301.4,310.8,1622,32.6,115,0,0,0,0,0,0
2082,L12081,L,301.4,310.7,1388,52.0,117,0,0,0,0,0,0
2083,M12082,M,301.4,310.8,1578,33.2,119,0,0,0,0,0,0
2084,L12083,L,301.5,310.8,1708,31.0,122,0,0,0,0,0,0
2085,M12084,M,301.6,310.9,1493,42.3,124,0,0,0,0,0,0
2086,L12085,L,301.6,310.9,1701,33.1,127,0,0,0,0,0,0
2087,L12086,L,301.6,310.9,1460,40.1,129,0,0,0,0,0,0
2088,L12087,L,301.5,310.9,1285,49.9,131,0,0,0,0,0,0
2089,M12088,M,301.4,310.9,1560,41.2,133,0,0,0,0,0,0
2090,L12089,L,301.4,310.8,1496,41.2,136,0,0,0,0,0,0
2091,L12090,L,301.4,310.8,1498,42.1,138,0,0,0,0,0,0
2092,H12091,H,301.5,311.0,1789,23.1,140,0,0,0,0,0,0
2093,M12092,M,301.3,310.9,1522,43.9,145,0,0,0,0,0,0
2094,L12093,L,301.3,310.8,1528,41.6,148,0,0,0,0,0,0
2095,H12094,H,301.3,310.7,1400,48.9,150,0,0,0,0,0,0
2096,L12095,L,301.3,310.8,1370,46.1,155,0,0,0,0,0,0
2097,L12096,L,301.2,310.8,1600,38.0,157,0,0,0,0,0,0
2098,L12097,L,301.3,310.9,1307,50.3,159,0,0,0,0,0,0
2099,L12098,L,301.4,311.0,1551,37.1,161,0,0,0,0,0,0
2100,L12099,L,301.4,311.1,1420,42.5,163,0,0,0,0,0,0
2101,M12100,M,301.4,311.0,1582,36.9,165,0,0,0,0,0,0
2102,L12101,L,301.3,310.9,1519,44.6,168,0,0,0,0,0,0
2103,H12102,H,301.3,310.9,1615,36.2,170,0,0,0,0,0,0
2104,H12103,H,301.3,310.9,1233,56.5,175,0,0,0,0,0,0
2105,M12104,M,301.3,311.0,1201,60.2,180,0,0,0,0,0,0
2106,M12105,M,301.3,310.9,1395,48.7,183,0,0,0,0,0,0
2107,M12106,M,301.2,310.8,1280,55.4,186,0,0,0,0,0,0
2108,H12107,H,301.3,310.9,1810,24.6,189,0,0,0,0,0,0
2109,L12108,L,301.2,310.8,1722,25.8,194,0,0,0,0,0,0
2110,L12109,L,301.3,310.9,1599,36.8,196,0,0,0,0,0,0
2111,M12110,M,301.3,310.8,1433,40.4,198,0,0,0,0,0,0
2112,M12111,M,301.4,310.9,1604,38.0,201,0,0,0,0,0,0
2113,L12112,L,301.4,310.8,1756,23.6,204,0,0,0,0,0,0
2114,M12113,M,301.4,310.7,1408,51.5,206,0,0,0,0,0,0
2115,L12114,L,301.4,310.8,1100,61.5,209,1,0,0,0,1,0
2116,H12115,H,301.5,310.9,1414,52.8,211,0,0,0,0,0,0
2117,L12116,L,301.4,310.8,1262,50.9,216,0,0,0,0,0,0
2118,L12117,L,301.5,310.8,1432,42.3,218,0,0,0,0,0,0
2119,L12118,L,301.5,310.9,1698,31.6,220,0,0,0,0,0,0
2120,L12119,L,301.5,310.9,1560,40.7,222,0,0,0,0,0,0
2121,L12120,L,301.5,311.0,1164,61.1,224,1,0,0,0,1,0
2122,L12121,L,301.3,310.9,1648,36.5,226,0,0,0,0,0,0
2123,L12122,L,301.3,310.9,1571,35.5,228,1,1,0,0,0,0
2124,L12123,L,301.3,310.8,1327,51.1,0,0,0,0,0,0,0
2125,L12124,L,301.3,310.9,1322,51.7,2,0,0,0,0,0,0
2126,L12125,L,301.3,310.8,1652,31.5,4,0,0,0,0,0,0
2127,L12126,L,301.3,310.8,1474,37.4,6,0,0,0,0,0,0
2128,L12127,L,301.4,310.7,1622,35.0,8,0,0,0,0,0,0
2129,L12128,L,301.3,310.7,1520,40.7,10,0,0,0,0,0,0
2130,L12129,L,301.3,310.6,1411,51.0,12,0,0,0,0,0,0
2131,L12130,L,301.2,310.5,1603,32.0,14,0,0,0,0,0,0
2132,M12131,M,301.2,310.5,1317,50.9,16,0,0,0,0,0,0
2133,H12132,H,301.3,310.6,1588,41.0,19,0,0,0,0,0,0
2134,H12133,H,301.4,310.7,1159,63.3,24,0,0,0,0,0,0
2135,M12134,M,301.4,310.7,1514,43.2,29,0,0,0,0,0,0
2136,M12135,M,301.3,310.6,1580,39.0,32,0,0,0,0,0,0
2137,L12136,L,301.3,310.7,1466,45.7,35,0,0,0,0,0,0
2138,M12137,M,301.4,310.8,1697,36.6,37,0,0,0,0,0,0
2139,M12138,M,301.4,310.7,1848,22.0,40,0,0,0,0,0,0
2140,H12139,H,301.3,310.6,1522,37.6,43,0,0,0,0,0,0
2141,H12140,H,301.2,310.5,1617,37.4,48,0,0,0,0,0,0
2142,L12141,L,301.2,310.4,1777,24.1,53,0,0,0,0,0,0
2143,M12142,M,301.2,310.4,1544,39.3,55,0,0,0,0,0,0
2144,H12143,H,301.2,310.4,1910,19.3,58,0,0,0,0,0,0
2145,L12144,L,301.2,310.4,1551,36.5,63,0,0,0,0,0,0
2146,H12145,H,301.3,310.4,1468,42.4,65,0,0,0,0,0,0
2147,L12146,L,301.3,310.5,1548,41.0,70,0,0,0,0,0,0
2148,H12147,H,301.3,310.4,1577,35.9,72,0,0,0,0,0,0
2149,M12148,M,301.3,310.4,1607,39.1,77,0,0,0,0,0,0
2150,L12149,L,301.3,310.4,1616,32.2,80,0,0,0,0,0,0
2151,M12150,M,301.4,310.5,1481,40.1,82,0,0,0,0,0,0
2152,L12151,L,301.4,310.5,1635,40.6,85,0,0,0,0,0,0
2153,M12152,M,301.4,310.6,1606,31.0,87,0,0,0,0,0,0
2154,M12153,M,301.5,310.5,1491,42.7,90,0,0,0,0,0,0
2155,M12154,M,301.5,310.6,1597,42.6,93,0,0,0,0,0,0
2156,H12155,H,301.6,310.7,1565,38.3,96,0,0,0,0,0,0
2157,L12156,L,301.5,310.6,1202,64.2,101,0,0,0,0,0,0
2158,L12157,L,301.6,310.5,1598,38.6,103,0,0,0,0,0,0
2159,L12158,L,301.6,310.6,1585,37.2,105,0,0,0,0,0,0
2160,L12159,L,301.6,310.6,1603,35.8,107,0,0,0,0,0,0
2161,L12160,L,301.7,310.5,1585,30.3,109,0,0,0,0,0,0
2162,L12161,L,301.7,310.5,1404,46.9,111,0,0,0,0,0,0
2163,L12162,L,301.6,310.5,1668,33.1,113,0,0,0,0,0,0
2164,L12163,L,301.6,310.5,1648,34.3,115,0,0,0,0,0,0
2165,H12164,H,301.6,310.5,1767,34.6,117,0,0,0,0,0,0
2166,L12165,L,301.6,310.7,1721,30.2,122,0,0,0,0,0,0
2167,H12166,H,301.6,310.7,1871,22.5,124,0,0,0,0,0,0
2168,L12167,L,301.7,310.7,1682,35.4,129,0,0,0,0,0,0
2169,L12168,L,301.7,310.8,1420,48.7,131,0,0,0,0,0,0
2170,M12169,M,301.6,310.8,1500,42.0,133,0,0,0,0,0,0
2171,L12170,L,301.6,310.8,1268,55.6,136,0,0,0,0,0,0
2172,L12171,L,301.6,310.6,1391,47.5,138,0,0,0,0,0,0
2173,M12172,M,301.6,310.7,1474,45.2,140,0,0,0,0,0,0
2174,L12173,L,301.6,310.7,1208,58.8,143,0,0,0,0,0,0
2175,L12174,L,301.7,310.6,1589,39.0,145,0,0,0,0,0,0
2176,M12175,M,301.7,310.7,1471,40.6,147,0,0,0,0,0,0
2177,L12176,L,301.7,310.8,1548,39.9,150,0,0,0,0,0,0
2178,H12177,H,301.7,310.8,1362,55.4,152,0,0,0,0,0,0
2179,L12178,L,301.7,310.9,1525,40.0,157,0,0,0,0,0,0
2180,H12179,H,301.8,310.9,1751,33.5,159,0,0,0,0,0,0
2181,M12180,M,301.7,310.8,1447,45.9,164,0,0,0,0,0,0
2182,H12181,H,301.7,310.9,1674,31.8,167,0,0,0,0,0,0
2183,H12182,H,301.8,310.9,1454,45.3,172,0,0,0,0,0,0
2184,L12183,L,301.8,310.9,1450,44.1,177,0,0,0,0,0,0
2185,M12184,M,301.8,310.9,1460,38.1,179,0,0,0,0,0,0
2186,L12185,L,301.7,310.8,1491,45.7,182,0,0,0,0,0,0
2187,H12186,H,301.8,310.9,1914,25.1,184,0,0,0,0,0,0
2188,M12187,M,301.8,310.9,1537,41.6,189,0,0,0,0,0,0
2189,L12188,L,301.8,311.1,1647,35.4,192,0,0,0,0,0,0
2190,H12189,H,301.8,311.0,1100,68.6,194,1,0,0,0,1,0
2191,L12190,L,301.7,310.9,1576,41.6,199,0,0,0,0,0,0
2192,M12191,M,301.6,310.8,1637,34.0,201,0,0,0,0,0,0
2193,M12192,M,301.7,310.8,1787,26.2,204,0,0,0,0,0,0
2194,L12193,L,301.7,310.9,1229,53.1,207,0,0,0,0,0,0
2195,M12194,M,301.8,311.0,1568,36.5,209,0,0,0,0,0,0
2196,H12195,H,301.8,310.9,1693,32.1,212,0,0,0,0,0,0
2197,L12196,L,301.8,311.0,1532,43.4,217,0,0,0,0,0,0
2198,M12197,M,301.8,311.2,1480,46.5,219,0,0,0,0,0,0
2199,L12198,L,301.8,311.2,1342,46.3,222,0,0,0,0,0,0
2200,M12199,M,301.7,311.0,1452,40.2,224,0,0,0,0,0,0
2201,L12200,L,301.7,311.1,1544,41.6,227,0,0,0,0,0,0
2202,H12201,H,301.7,311.1,1457,42.3,229,0,0,0,0,0,0
2203,H12202,H,301.7,311.2,1531,43.4,234,0,0,0,0,0,0
2204,L12203,L,301.7,311.1,1375,44.2,239,0,0,0,0,0,0
2205,L12204,L,301.7,311.1,1346,50.9,0,0,0,0,0,0,0
2206,M12205,M,301.7,311.1,1526,40.6,2,0,0,0,0,0,0
2207,M12206,M,301.8,311.1,1704,31.8,5,0,0,0,0,0,0
2208,L12207,L,301.8,311.1,1505,38.6,8,0,0,0,0,0,0
2209,L12208,L,301.8,311.1,1300,47.5,10,0,0,0,0,0,0
2210,L12209,L,301.8,311.1,1851,22.1,12,0,0,0,0,0,0
2211,H12210,H,301.9,311.2,1870,22.2,14,0,0,0,0,0,0
2212,L12211,L,301.9,311.3,1438,49.2,19,0,0,0,0,0,0
2213,H12212,H,301.9,311.2,1259,55.2,21,0,0,0,0,0,0
2214,L12213,L,301.8,311.2,1797,27.3,26,0,0,0,0,0,0
2215,H12214,H,301.8,311.2,1548,41.0,28,0,0,0,0,0,0
2216,L12215,L,301.8,311.2,1680,36.0,33,0,0,0,0,0,0
2217,L12216,L,301.8,311.2,1579,37.4,35,0,0,0,0,0,0
2218,H12217,H,301.8,311.2,1389,43.1,37,0,0,0,0,0,0
2219,H12218,H,301.8,311.2,1754,27.1,42,0,0,0,0,0,0
2220,L12219,L,301.9,311.4,1731,28.9,47,0,0,0,0,0,0
2221,L12220,L,301.9,311.2,1618,37.0,49,0,0,0,0,0,0
2222,L12221,L,301.8,311.2,1477,38.5,51,0,0,0,0,0,0
2223,L12222,L,301.9,311.2,1712,28.7,53,0,0,0,0,0,0
2224,L12223,L,301.9,311.2,1452,47.9,55,0,0,0,0,0,0
2225,H12224,H,302.0,311.3,1603,35.8,57,0,0,0,0,0,0
2226,L12225,L,301.9,311.3,1593,35.8,62,0,0,0,0,0,0
2227,M12226,M,301.8,311.2,1596,42.8,64,0,0,0,0,0,0
2228,L12227,L,301.8,311.1,1500,38.7,67,0,0,0,0,0,0
2229,L12228,L,301.9,311.4,1465,48.4,69,0,0,0,0,0,0
2230,M12229,M,302.0,311.5,1754,30.7,71,0,0,0,0,0,0
2231,L12230,L,302.0,311.6,1763,26.0,74,0,0,0,0,0,0
2232,M12231,M,302.0,311.5,1589,36.9,76,0,0,0,0,0,0
2233,L12232,L,301.9,311.3,1526,40.6,79,0,0,0,0,0,0
2234,H12233,H,302.0,311.3,1759,27.6,81,0,0,0,0,0,0
2235,M12234,M,301.9,311.3,1741,26.1,86,0,0,0,0,0,0
2236,H12235,H,301.9,311.3,1483,41.8,89,0,0,0,0,0,0
2237,L12236,L,301.9,311.3,1647,32.4,94,0,0,0,0,0,0
2238,L12237,L,301.9,311.4,1767,25.5,96,0,0,0,0,0,0
2239,L12238,L,301.9,311.4,1356,49.7,98,0,0,0,0,0,0
2240,M12239,M,301.9,311.4,1520,33.7,100,0,0,0,0,0,0
2241,L12240,L,301.9,311.4,1348,51.5,103,0,0,0,0,0,0
2242,L12241,L,301.8,311.3,1504,40.3,105,0,0,0,0,0,0
2243,L12242,L,301.8,311.3,1384,42.9,107,0,0,0,0,0,0
2244,L12243,L,301.8,311.3,1554,37.9,109,0,0,0,0,0,0
2245,L12244,L,301.8,311.3,1968,13.4,111,1,0,0,1,0,0
2246,L12245,L,301.7,311.3,1803,28.6,113,0,0,0,0,0,0
2247,L12246,L,301.7,311.3,1529,38.7,115,0,0,0,0,0,0
2248,M12247,M,301.7,311.4,1513,43.6,117,0,0,0,0,0,0
2249,L12248,L,301.7,311.4,1920,22.1,120,0,0,0,0,0,0
2250,L12249,L,301.7,311.4,1512,39.5,122,0,0,0,0,0,0
2251,M12250,M,301.8,311.3,1726,28.8,124,0,0,0,0,0,0
2252,M12251,M,301.8,311.4,1595,42.3,127,0,0,0,0,0,0
2253,L12252,L,301.8,311.4,1554,39.8,130,0,0,0,0,0,0
2254,M12253,M,301.9,311.4,1432,47.4,132,0,0,0,0,0,0
2255,H12254,H,301.9,311.4,1334,50.7,135,0,0,0,0,0,0
2256,M12255,M,302.0,311.5,1498,44.6,140,0,0,0,0,0,0
2257,H12256,H,302.0,311.5,1389,48.6,143,0,0,0,0,0,0
2258,M12257,M,301.9,311.4,1495,36.5,148,0,0,0,0,0,0
2259,L12258,L,301.9,311.4,1100,68.2,151,0,0,0,0,0,0
2260,L12259,L,301.9,311.3,1679,27.8,153,0,0,0,0,0,0
2261,M12260,M,301.9,311.4,1634,34.7,155,0,0,0,0,0,0
2262,H12261,H,302.0,311.4,1333,49.0,158,0,0,0,0,0,0
2263,L12262,L,302.0,311.6,1437,47.5,163,0,0,0,0,0,0
2264,L12263,L,302.1,311.7,1458,44.9,165,0,0,0,0,0,0
2265,M12264,M,302.2,311.8,1353,46.8,167,0,0,0,0,0,0
2266,L12265,L,302.1,311.8,1865,19.2,170,0,0,0,0,0,0
2267,M12266,M,302.1,311.8,1302,55.9,172,0,0,0,0,0,0
2268,M12267,M,302.2,311.7,1637,38.0,175,0,0,0,0,0,0
2269,M12268,M,302.2,311.8,1276,52.5,178,0,0,0,0,0,0
2270,H12269,H,302.2,311.8,1822,19.7,181,0,0,0,0,0,0
2271,M12270,M,302.1,311.8,1603,42.6,186,0,0,0,0,0,0
2272,M12271,M,302.1,311.9,1633,34.4,189,0,0,0,0,0,0
2273,M12272,M,302.2,312.1,1446,45.7,192,0,0,0,0,0,0
2274,H12273,H,302.2,312.1,1443,43.2,195,0,0,0,0,0,0
2275,H12274,H,302.1,312.1,1488,43.7,200,0,0,0,0,0,0
2276,L12275,L,302.1,312.0,1814,29.4,205,0,0,0,0,0,0
2277,M12276,M,302.0,312.0,1562,39.4,207,0,0,0,0,0,0
2278,L12277,L,302.1,312.1,1628,38.2,210,1,1,0,0,0,0
2279,H12278,H,302.1,312.1,1455,45.0,0,0,0,0,0,0,0
2280,M12279,M,302.1,312.1,1312,49.9,5,0,0,0,0,0,0
2281,L12280,L,302.1,312.1,1474,41.5,8,0,0,0,0,0,0
2282,L12281,L,302.1,312.1,1693,27.2,10,0,0,0,0,0,0
2283,L12282,L,302.1,312.0,1532,41.1,12,0,0,0,0,0,0
2284,M12283,M,302.1,311.9,1162,66.1,14,0,0,0,0,0,0
2285,L12284,L,302.1,312.0,1267,56.5,17,0,0,0,0,0,0
2286,L12285,L,302.1,312.1,2027,10.3,19,1,0,0,1,0,0
2287,H12286,H,302.2,312.2,1483,40.6,21,0,0,0,0,0,0
2288,M12287,M,302.1,312.3,1399,49.3,26,0,0,0,0,0,0
2289,L12288,L,302.0,312.2,1500,38.2,29,0,0,0,0,0,0
2290,L12289,L,302.1,312.3,1553,35.4,31,0,0,0,0,0,0
2291,H12290,H,302.0,312.2,1634,37.3,33,0,0,0,0,0,0
2292,M12291,M,302.0,312.4,1429,45.5,38,0,0,0,0,0,0
2293,M12292,M,302.0,312.5,1717,28.5,41,0,0,0,0,0,0
2294,L12293,L,302.0,312.6,1326,51.9,44,0,0,0,0,0,0
2295,L12294,L,301.9,312.5,1588,39.4,46,0,0,0,0,0,0
2296,L12295,L,301.9,312.5,1706,30.6,48,0,0,0,0,0,0
2297,M12296,M,302.0,312.6,1305,51.2,50,0,0,0,0,0,0
2298,L12297,L,302.0,312.6,1761,24.5,53,0,0,0,0,0,0
2299,L12298,L,302.1,312.8,1622,34.4,55,0,0,0,0,0,0
2300,M12299,M,302.2,312.8,1652,34.3,57,0,0,0,0,0,0
2301,H12300,H,302.2,312.9,1171,61.4,60,0,0,0,0,0,0
2302,M12301,M,302.2,312.9,1648,33.1,65,0,0,0,0,0,0
2303,L12302,L,302.2,312.9,1907,18.5,68,0,0,0,0,0,0
2304,L12303,L,302.2,312.9,1635,34.2,70,0,0,0,0,0,0
2305,L12304,L,302.2,312.8,1417,44.6,72,0,0,0,0,0,0
2306,L12305,L,302.2,312.7,1467,47.8,74,0,0,0,0,0,0
2307,M12306,M,302.2,312.6,1124,62.8,76,0,0,0,0,0,0
2308,L12307,L,302.2,312.7,1306,54.1,79,0,0,0,0,0,0
2309,M12308,M,302.3,312.7,1391,41.9,81,0,0,0,0,0,0
2310,H12309,H,302.3,312.8,1678,31.1,84,0,0,0,0,0,0
2311,H12310,H,302.3,312.8,1200,56.2,89,0,0,0,0,0,0
2312,L12311,L,302.3,312.9,1546,36.3,94,0,0,0,0,0,0
2313,L12312,L,302.2,313.0,1785,33.4,96,0,0,0,0,0,0
2314,L12313,L,302.3,313.0,1623,35.8,98,0,0,0,0,0,0
2315,L12314,L,302.1,313.0,1819,27.5,100,0,0,0,0,0,0
2316,L12315,L,302.1,313.0,1665,35.3,102,0,0,0,0,0,0
2317,L12316,L,302.1,312.9,1633,37.7,104,0,0,0,0,0,0
2318,M12317,M,302.1,312.9,1403,47.3,106,0,0,0,0,0,0
2319,L12318,L,302.0,312.8,1694,36.1,109,0,0,0,0,0,0
2320,H12319,H,302.1,312.8,1801,27.3,111,0,0,0,0,0,0
2321,L12320,L,302.1,312.9,1813,24.0,116,0,0,0,0,0,0
2322,L12321,L,302.1,312.8,1517,42.1,118,0,0,0,0,0,0
2323,L12322,L,302.1,312.9,1518,40.7,120,0,0,0,0,0,0
2324,L12323,L,302.2,313.1,1635,34.5,122,0,0,0,0,0,0
2325,L12324,L,302.2,313.0,1615,35.3,124,0,0,0,0,0,0
2326,H12325,H,302.1,312.9,1493,43.9,126,0,0,0,0,0,0
2327,L12326,L,302.2,313.0,1399,53.9,131,0,0,0,0,0,0
2328,L12327,L,302.3,313.3,1603,32.2,133,0,0,0,0,0,0
2329,M12328,M,302.3,313.3,1587,40.9,135,0,0,0,0,0,0
2330,L12329,L,302.2,313.3,1354,49.6,138,0,0,0,0,0,0
2331,M12330,M,302.3,313.5,1741,32.2,140,0,0,0,0,0,0
2332,L12331,L,302.4,313.5,1522,39.8,143,0,0,0,0,0,0
2333,H12332,H,302.4,313.4,1568,39.6,145,0,0,0,0,0,0
2334,L12333,L,302.4,313.5,1752,26.9,150,0,0,0,0,0,0
2335,L12334,L,302.4,313.4,1413,41.7,152,0,0,0,0,0,0
2336,M12335,M,302.3,313.5,1630,40.3,154,0,0,0,0,0,0
2337,H12336,H,302.2,313.5,1391,45.6,157,0,0,0,0,0,0
2338,L12337,L,302.2,313.5,1745,28.1,162,0,0,0,0,0,0
2339,M12338,M,302.2,313.5,1477,40.1,164,0,0,0,0,0,0
2340,L12339,L,302.1,313.4,1228,53.8,167,0,0,0,0,0,0
2341,L12340,L,302.1,313.4,1173,60.8,169,0,0,0,0,0,0
2342,L12341,L,302.1,313.3,1287,52.8,171,0,0,0,0,0,0
2343,M12342,M,302.1,313.3,1673,28.2,173,0,0,0,0,0,0
2344,L12343,L,302.1,313.3,1459,44.5,176,0,0,0,0,0,0
2345,M12344,M,302.2,313.3,1537,35.2,178,1,0,0,0,0,1
2346,L12345,L,302.1,313.1,1497,42.8,181,0,0,0,0,0,0
2347,H12346,H,302.1,313.0,1662,32.3,183,0,0,0,0,0,0
2348,H12347,H,302.1,313.0,1691,22.9,188,0,0,0,0,0,0
2349,L12348,L,302.1,313.0,1567,36.6,193,0,0,0,0,0,0
2350,L12349,L,302.0,312.9,1441,47.2,195,0,0,0,0,0,0
2351,L12350,L,302.0,313.0,1430,42.9,197,0,0,0,0,0,0
2352,H12351,H,302.0,313.0,1498,44.0,199,0,0,0,0,0,0
2353,L12352,L,302.0,313.0,1525,42.2,204,0,0,0,0,0,0
2354,M12353,M,302.0,313.1,1412,44.0,206,0,0,0,0,0,0
2355,L12354,L,302.0,313.1,1447,45.3,209,0,0,0,0,0,0
2356,M12355,M,301.9,313.2,1631,37.3,211,0,0,0,0,0,0
2357,L12356,L,301.9,313.1,1475,40.8,214,0,0,0,0,0,0
2358,M12357,M,301.8,313.0,1230,57.4,216,1,0,0,0,1,0
2359,H12358,H,301.8,313.0,1578,41.4,219,0,0,0,0,0,0
2360,L12359,L,301.9,313.1,1483,40.4,224,0,0,0,0,0,0
2361,H12360,H,301.8,313.1,1546,41.0,226,1,1,0,0,0,0
2362,L12361,L,301.9,313.1,1515,37.8,0,0,0,0,0,0,0
2363,L12362,L,301.8,313.1,1603,35.6,2,0,0,0,0,0,0
2364,H12363,H,301.8,313.3,1527,42.1,4,0,0,0,0,0,0
2365,M12364,M,301.8,313.3,1490,34.9,9,0,0,0,0,0,0
2366,M12365,M,301.8,313.2,1533,38.5,12,0,0,0,0,0,0
2367,L12366,L,301.8,313.2,1696,32.1,15,0,0,0,0,0,0
2368,L12367,L,301.9,313.2,1532,41.1,17,0,0,0,0,0,0
2369,L12368,L,301.8,313.3,1409,45.8,19,0,0,0,0,0,0
2370,M12369,M,301.8,313.3,1512,37.9,21,0,0,0,0,0,0
2371,L12370,L,301.8,313.4,1915,19.9,24,0,0,0,0,0,0
2372,L12371,L,301.7,313.3,1420,45.9,26,0,0,0,0,0,0
2373,L12372,L,301.6,313.2,1548,41.2,28,0,0,0,0,0,0
2374,L12373,L,301.6,313.1,1728,30.1,30,0,0,0,0,0,0
2375,L12374,L,301.5,313.0,1381,47.7,32,0,0,0,0,0,0
2376,L12375,L,301.5,312.9,1836,26.0,34,0,0,0,0,0,0
2377,H12376,H,301.5,313.0,1327,50.5,36,0,0,0,0,0,0
2378,M12377,M,301.5,312.9,1614,39.4,41,0,0,0,0,0,0
2379,L12378,L,301.5,312.8,1998,17.3,44,0,0,0,0,0,0
2380,M12379,M,301.5,312.8,1566,41.8,46,0,0,0,0,0,0
2381,H12380,H,301.6,312.9,1597,35.9,49,0,0,0,0,0,0
2382,L12381,L,301.6,312.9,1775,34.4,54,0,0,0,0,0,0
2383,L12382,L,301.5,312.8,1672,32.6,56,0,0,0,0,0,0
2384,L12383,L,301.5,312.8,1573,38.7,58,0,0,0,0,0,0
2385,L12384,L,301.5,312.9,1619,35.1,60,0,0,0,0,0,0
2386,M12385,M,301.5,312.8,1791,21.4,62,0,0,0,0,0,0
2387,H12386,H,301.5,312.9,1394,52.7,65,0,0,0,0,0,0
2388,L12387,L,301.5,312.9,1548,37.6,70,0,0,0,0,0,0
2389,M12388,M,301.5,312.8,1714,32.7,72,0,0,0,0,0,0
2390,L12389,L,301.5,312.9,1795,28.7,75,0,0,0,0,0,0
2391,M12390,M,301.4,312.9,1441,47.7,77,0,0,0,0,0,0
2392,M12391,M,301.4,313.0,1720,27.0,80,0,0,0,0,0,0
2393,L12392,L,301.4,313.0,1496,41.3,83,0,0,0,0,0,0
2394,L12393,L,301.4,313.0,1488,34.2,85,0,0,0,0,0,0
2395,M12394,M,301.3,312.9,1621,34.7,87,0,0,0,0,0,0
2396,H12395,H,301.3,312.9,1771,29.0,90,0,0,0,0,0,0
2397,L12396,L,301.3,313.0,1630,33.8,95,0,0,0,0,0,0
2398,L12397,L,301.3,313.0,1504,40.1,97,0,0,0,0,0,0
2399,L12398,L,301.2,312.8,1481,42.4,99,0,0,0,0,0,0
2400,M12399,M,301.1,312.7,1740,32.1,101,0,0,0,0,0,0
2401,M12400,M,301.1,312.8,1550,39.1,104,0,0,0,0,0,0
2402,M12401,M,301.1,312.8,1491,48.9,107,0,0,0,0,0,0
2403,M12402,M,301.1,312.7,1789,23.4,110,0,0,0,0,0,0
2404,H12403,H,301.1,312.7,1551,39.9,113,0,0,0,0,0,0
2405,H12404,H,301.2,312.8,1675,30.5,118,0,0,0,0,0,0
2406,L12405,L,301.1,312.7,1833,29.5,123,0,0,0,0,0,0
2407,M12406,M,301.1,312.7,1504,42.6,125,0,0,0,0,0,0
2408,L12407,L,301.1,312.8,1750,34.5,128,0,0,0,0,0,0
2409,L12408,L,301.1,312.7,1721,27.8,130,0,0,0,0,0,0
2410,H12409,H,301.1,312.8,1398,53.2,132,0,0,0,0,0,0
2411,M12410,M,301.1,312.9,1388,49.2,137,0,0,0,0,0,0
2412,H12411,H,301.1,312.9,1913,20.7,140,0,0,0,0,0,0
2413,L12412,L,301.2,312.9,1721,25.3,145,0,0,0,0,0,0
2414,M12413,M,301.2,312.9,1457,45.9,147,0,0,0,0,0,0
2415,L12414,L,301.1,312.8,1527,37.2,150,0,0,0,0,0,0
2416,L12415,L,301.1,312.9,1297,55.0,152,0,0,0,0,0,0
2417,L12416,L,301.1,313.0,1348,46.2,154,0,0,0,0,0,0
2418,M12417,M,301.1,313.0,1482,43.0,156,0,0,0,0,0,0
2419,L12418,L,301.2,313.1,1773,29.8,159,0,0,0,0,0,0
2420,H12419,H,301.2,313.0,1485,44.9,161,0,0,0,0,0,0
2421,L12420,L,301.3,313.0,1686,27.2,166,0,0,0,0,0,0
2422,L12421,L,301.2,313.1,1210,53.1,168,0,0,0,0,0,0
2423,M12422,M,301.3,313.0,1494,44.2,170,0,0,0,0,0,0
2424,L12423,L,301.3,313.2,1767,31.8,173,0,0,0,0,0,0
2425,H12424,H,301.4,313.2,1347,48.0,175,1,0,0,0,0,1
2426,M12425,M,301.3,313.0,1274,62.4,180,0,0,0,0,0,0
2427,L12426,L,301.3,313.1,1575,37.8,183,0,0,0,0,0,0
2428,M12427,M,301.3,313.1,1335,45.5,185,0,0,0,0,0,0
2429,M12428,M,301.4,313.2,1524,35.7,188,0,0,0,0,0,0
2430,M12429,M,301.3,313.1,1567,40.9,191,0,0,0,0,0,0
2431,H12430,H,301.3,313.1,1802,24.9,194,0,0,0,0,0,0
2432,M12431,M,301.3,313.1,1621,40.0,199,0,0,0,0,0,0
2433,M12432,M,301.4,313.2,1464,40.4,202,0,0,0,0,0,0
2434,L12433,L,301.4,313.2,1239,58.0,205,1,0,0,0,1,0
2435,M12434,M,301.3,313.3,1844,22.0,207,0,0,0,0,0,0
2436,H12435,H,301.3,313.3,1578,37.2,210,0,0,0,0,0,0
2437,M12436,M,301.4,313.4,1298,52.9,0,0,0,0,0,0,0
2438,M12437,M,301.3,313.3,1559,37.6,3,0,0,0,0,0,0
2439,L12438,L,301.4,313.3,1577,38.3,6,0,0,0,0,0,0
2440,M12439,M,301.5,313.4,1697,31.7,8,0,0,0,0,0,0
2441,H12440,H,301.5,313.4,1711,30.7,11,0,0,0,0,0,0
2442,L12441,L,301.6,313.6,1916,21.7,16,0,0,0,0,0,0
2443,L12442,L,301.5,313.5,1578,33.7,18,0,0,0,0,0,0
2444,M12443,M,301.6,313.5,1605,30.1,20,0,0,0,0,0,0
2445,L12444,L,301.6,313.5,1575,41.2,23,0,0,0,0,0,0
2446,M12445,M,301.6,313.4,1619,32.1,25,0,0,0,0,0,0
2447,L12446,L,301.5,313.4,1598,35.2,28,0,0,0,0,0,0
2448,L12447,L,301.5,313.4,1581,35.5,30,0,0,0,0,0,0
2449,M12448,M,301.4,313.5,1511,39.5,32,0,0,0,0,0,0
2450,M12449,M,301.5,313.5,1546,34.7,35,0,0,0,0,0,0
2451,M12450,M,301.4,313.4,1687,29.4,38,0,0,0,0,0,0
2452,M12451,M,301.5,313.5,1560,40.9,41,0,0,0,0,0,0
2453,M12452,M,301.5,313.5,1356,50.7,44,0,0,0,0,0,0
2454,M12453,M,301.6,313.6,1544,41.3,47,0,0,0,0,0,0
2455,M12454,M,301.7,313.6,1614,33.9,50,0,0,0,0,0,0
2456,M12455,M,301.7,313.6,1609,38.8,53,0,0,0,0,0,0
2457,M12456,M,301.8,313.7,1858,19.5,56,0,0,0,0,0,0
2458,L12457,L,301.7,313.7,1444,38.6,59,0,0,0,0,0,0
2459,L12458,L,301.7,313.8,1624,36.0,61,0,0,0,0,0,0
2460,M12459,M,301.7,313.8,1740,30.7,63,0,0,0,0,0,0
2461,H12460,H,301.7,313.7,1635,32.5,66,0,0,0,0,0,0
2462,M12461,M,301.6,313.5,1675,35.9,71,0,0,0,0,0,0
2463,L12462,L,301.7,313.6,1322,49.9,74,0,0,0,0,0,0
2464,M12463,M,301.7,313.6,1390,50.9,76,0,0,0,0,0,0
2465,L12464,L,301.7,313.6,1793,30.7,79,0,0,0,0,0,0
2466,M12465,M,301.6,313.5,1628,34.8,81,0,0,0,0,0,0
2467,H12466,H,301.5,313.4,1609,35.1,84,0,0,0,0,0,0
2468,M12467,M,301.6,313.4,1394,48.1,89,0,0,0,0,0,0
2469,M12468,M,301.5,313.3,1604,41.5,92,0,0,0,0,0,0
2470,L12469,L,301.5,313.3,1545,40.9,95,0,0,0,0,0,0
2471,L12470,L,301.4,313.3,1567,45.4,97,0,0,0,0,0,0
2472,H12471,H,301.5,313.4,1655,34.0,99,0,0,0,0,0,0
2473,M12472,M,301.5,313.4,1270,53.6,104,0,0,0,0,0,0
2474,M12473,M,301.5,313.3,1506,40.0,107,0,0,0,0,0,0
2475,L12474,L,301.4,313.2,1687,31.4,110,0,0,0,0,0,0
2476,L12475,L,301.5,313.3,1463,37.7,112,0,0,0,0,0,0
2477,L12476,L,301.5,313.3,1302,52.3,114,0,0,0,0,0,0
2478,L12477,L,301.5,313.3,1585,35.7,116,0,0,0,0,0,0
2479,L12478,L,301.6,313.4,1390,49.5,118,0,0,0,0,0,0
2480,H12479,H,301.6,313.4,1753,33.7,120,0,0,0,0,0,0
2481,M12480,M,301.6,313.4,1671,32.3,125,0,0,0,0,0,0
2482,L12481,L,301.6,313.3,1318,46.6,128,0,0,0,0,0,0
2483,L12482,L,301.5,313.1,1636,31.3,130,0,0,0,0,0,0
2484,L12483,L,301.5,313.1,1413,48.2,132,0,0,0,0,0,0
2485,H12484,H,301.5,313.1,1483,43.5,134,0,0,0,0,0,0
2486,L12485,L,301.5,313.2,1777,31.3,139,0,0,0,0,0,0
2487,M12486,M,301.5,313.2,1604,39.3,141,0,0,0,0,0,0
2488,H12487,H,301.5,313.1,1683,34.5,144,0,0,0,0,0,0
2489,L12488,L,301.6,313.2,1467,43.5,149,0,0,0,0,0,0
2490,M12489,M,301.6,313.2,1278,58.9,151,0,0,0,0,0,0
2491,H12490,H,301.6,313.3,1551,36.3,154,0,0,0,0,0,0
2492,L12491,L,301.7,313.4,1501,45.3,159,0,0,0,0,0,0
2493,L12492,L,301.7,313.5,1518,40.2,161,0,0,0,0,0,0
2494,H12493,H,301.7,313.5,1453,40.2,163,0,0,0,0,0,0
2495,H12494,H,301.8,313.6,1599,38.3,168,0,0,0,0,0,0
2496,M12495,M,301.8,313.6,1762,31.4,173,0,0,0,0,0,0
2497,M12496,M,301.8,313.5,1458,43.4,176,0,0,0,0,0,0
2498,L12497,L,301.8,313.5,1674,37.1,179,0,0,0,0,0,0
2499,H12498,H,301.7,313.4,1599,31.0,181,0,0,0,0,0,0
2500,L12499,L,301.7,313.3,1299,50.1,186,0,0,0,0,0,0
2501,L12500,L,301.7,313.3,1513,41.0,188,0,0,0,0,0,0
2502,M12501,M,301.7,313.2,1556,37.7,190,0,0,0,0,0,0
2503,H12502,H,301.6,313.2,1273,53.4,193,0,0,0,0,0,0
2504,H12503,H,301.6,313.3,1858,21.6,198,0,0,0,0,0,0
2505,L12504,L,301.6,313.3,1292,52.7,203,0,0,0,0,0,0
2506,L12505,L,301.6,313.3,1668,31.2,205,0,0,0,0,0,0
2507,H12506,H,301.6,313.3,1518,42.1,207,0,0,0,0,0,0
2508,H12507,H,301.6,313.2,1601,34.1,212,0,0,0,0,0,0
2509,M12508,M,301.6,313.2,1689,30.8,217,0,0,0,0,0,0
2510,M12509,M,301.4,313.0,1278,53.1,220,0,0,0,0,0,0
2511,L12510,L,301.5,313.0,1155,58.6,223,1,0,0,0,1,0
2512,L12511,L,301.5,313.1,1618,37.8,225,0,0,0,0,0,0
2513,L12512,L,301.5,313.1,1576,43.4,227,0,0,0,0,0,0
2514,L12513,L,301.5,313.1,1588,40.6,229,1,1,0,0,0,0
2515,L12514,L,301.5,313.0,1262,57.3,0,0,0,0,0,0,0
2516,H12515,H,301.5,313.0,1861,18.9,2,0,0,0,0,0,0
2517,L12516,L,301.5,313.0,1458,43.8,7,0,0,0,0,0,0
2518,L12517,L,301.5,313.0,1721,32.7,9,0,0,0,0,0,0
2519,M12518,M,301.5,313.0,1811,16.4,11,1,0,0,1,0,0
2520,L12519,L,301.5,313.0,1579,36.4,14,0,0,0,0,0,0
2521,L12520,L,301.5,312.9,1265,58.5,16,0,0,0,0,0,0
2522,M12521,M,301.5,312.9,1586,33.4,18,0,0,0,0,0,0
2523,L12522,L,301.5,312.9,1427,47.9,21,0,0,0,0,0,0
2524,M12523,M,301.4,312.6,1355,52.0,23,0,0,0,0,0,0
2525,H12524,H,301.4,312.6,1459,39.9,26,0,0,0,0,0,0
2526,L12525,L,301.4,312.5,1522,41.2,31,0,0,0,0,0,0
2527,H12526,H,301.3,312.6,1795,22.8,33,0,0,0,0,0,0
2528,H12527,H,301.4,312.6,1683,32.8,38,0,0,0,0,0,0
2529,H12528,H,301.4,312.7,1421,49.1,43,0,0,0,0,0,0
2530,M12529,M,301.4,312.7,1550,40.6,48,0,0,0,0,0,0
2531,M12530,M,301.4,312.7,1480,43.7,51,0,0,0,0,0,0
2532,M12531,M,301.4,312.7,1532,41.3,54,0,0,0,0,0,0
2533,M12532,M,301.4,312.7,1100,61.9,57,0,0,0,0,0,0
2534,L12533,L,301.3,312.7,1609,35.7,60,0,0,0,0,0,0
2535,H12534,H,301.2,312.7,1220,56.1,62,0,0,0,0,0,0
2536,M12535,M,301.3,312.8,1573,41.3,67,0,0,0,0,0,0
2537,M12536,M,301.4,312.9,1288,56.9,70,0,0,0,0,0,0
2538,L12537,L,301.4,312.8,1784,27.8,73,0,0,0,0,0,0
2539,L12538,L,301.3,312.6,1602,41.8,75,0,0,0,0,0,0
2540,M12539,M,301.3,312.6,1587,36.1,77,0,0,0,0,0,0
2541,M12540,M,301.3,312.6,1484,41.4,80,0,0,0,0,0,0
2542,L12541,L,301.4,312.6,1310,52.2,83,0,0,0,0,0,0
2543,L12542,L,301.4,312.6,1384,43.8,85,0,0,0,0,0,0
2544,L12543,L,301.5,312.8,1245,52.2,87,0,0,0,0,0,0
2545,M12544,M,301.6,312.9,1687,33.3,89,0,0,0,0,0,0
2546,L12545,L,301.5,312.8,1600,31.8,92,0,0,0,0,0,0
2547,H12546,H,301.5,312.7,1475,40.2,94,0,0,0,0,0,0
2548,L12547,L,301.5,312.6,1539,39.6,99,0,0,0,0,0,0
2549,L12548,L,301.6,312.7,1547,38.1,101,0,0,0,0,0,0
2550,L12549,L,301.6,312.7,1751,30.4,103,0,0,0,0,0,0
2551,M12550,M,301.6,312.8,1338,52.0,105,0,0,0,0,0,0
2552,L12551,L,301.6,312.9,1555,36.4,108,0,0,0,0,0,0
2553,M12552,M,301.7,312.9,1350,54.3,110,0,0,0,0,0,0
2554,H12553,H,301.7,313.0,1577,40.1,113,0,0,0,0,0,0
2555,L12554,L,301.7,313.0,1349,46.5,118,0,0,0,0,0,0
2556,M12555,M,301.8,313.0,1457,45.6,120,0,0,0,0,0,0
2557,L12556,L,301.7,313.0,1638,31.8,123,0,0,0,0,0,0
2558,L12557,L,301.7,313.0,1434,43.7,125,0,0,0,0,0,0
2559,L12558,L,301.8,313.0,1315,59.3,127,0,0,0,0,0,0
2560,L12559,L,301.9,313.1,1502,42.5,129,0,0,0,0,0,0
2561,M12560,M,301.9,313.1,1373,49.0,131,0,0,0,0,0,0
2562,M12561,M,301.9,313.2,1425,46.9,134,0,0,0,0,0,0
2563,M12562,M,302.0,313.3,1535,43.1,137,0,0,0,0,0,0
2564,M12563,M,302.0,313.3,1467,41.9,140,0,0,0,0,0,0
2565,M12564,M,302.1,313.3,1415,45.5,143,0,0,0,0,0,0
2566,L12565,L,302.2,313.3,1445,47.6,146,0,0,0,0,0,0
2567,L12566,L,302.1,313.3,1683,26.5,148,0,0,0,0,0,0
2568,L12567,L,302.2,313.3,1551,42.5,150,0,0,0,0,0,0
2569,M12568,M,302.1,313.2,1480,38.2,152,0,0,0,0,0,0
2570,H12569,H,302.0,312.9,1591,36.1,155,0,0,0,0,0,0
2571,L12570,L,302.0,312.9,1228,53.0,160,0,0,0,0,0,0
2572,M12571,M,302.0,312.9,1604,32.7,162,0,0,0,0,0,0
2573,M12572,M,302.0,312.9,1848,26.1,165,0,0,0,0,0,0
2574,H12573,H,301.9,312.8,1461,48.0,168,0,0,0,0,0,0
2575,M12574,M,301.9,312.8,1844,25.8,173,0,0,0,0,0,0
2576,M12575,M,301.9,312.7,1785,20.7,176,0,0,0,0,0,0
2577,M12576,M,301.8,312.6,1325,49.1,179,0,0,0,0,0,0
2578,H12577,H,301.8,312.5,1530,41.6,182,0,0,0,0,0,0
2579,L12578,L,301.9,312.6,1498,44.7,187,0,0,0,0,0,0
2580,H12579,H,301.9,312.6,1569,35.6,189,0,0,0,0,0,0
2581,L12580,L,301.9,312.5,1741,26.2,194,0,0,0,0,0,0
2582,H12581,H,302.0,312.6,1676,28.1,196,0,0,0,0,0,0
2583,L12582,L,302.0,312.8,1677,37.3,201,0,0,0,0,0,0
2584,L12583,L,302.0,312.8,1728,27.3,203,0,0,0,0,0,0
2585,L12584,L,302.0,312.8,1488,43.1,205,0,0,0,0,0,0
2586,L12585,L,301.9,312.7,1621,35.4,207,0,0,0,0,0,0
2587,L12586,L,302.0,312.8,1568,41.9,209,0,0,0,0,0,0
2588,L12587,L,302.1,312.8,1458,41.6,211,0,0,0,0,0,0
2589,L12588,L,302.0,312.6,1538,43.9,213,0,0,0,0,0,0
2590,L12589,L,302.0,312.5,1382,45.0,215,0,0,0,0,0,0
2591,M12590,M,302.0,312.4,1662,36.6,217,0,0,0,0,0,0
2592,H12591,H,301.9,312.4,1411,41.8,0,0,0,0,0,0,0
2593,M12592,M,301.9,312.4,1492,42.4,5,0,0,0,0,0,0
2594,L12593,L,301.9,312.2,2042,15.7,8,1,0,0,1,0,0
2595,L12594,L,302.0,312.4,1467,46.5,10,0,0,0,0,0,0
2596,H12595,H,302.1,312.6,1536,41.5,12,0,0,0,0,0,0
2597,L12596,L,302.1,312.7,1383,45.6,17,0,0,0,0,0,0
2598,L12597,L,302.1,312.6,1716,27.1,19,0,0,0,0,0,0
2599,H12598,H,302.2,312.8,1667,36.8,21,0,0,0,0,0,0
2600,H12599,H,302.1,312.6,1750,29.1,26,0,0,0,0,0,0
2601,L12600,L,302.1,312.6,1461,47.4,31,0,0,0,0,0,0
2602,M12601,M,302.0,312.5,1781,25.9,33,0,0,0,0,0,0
2603,L12602,L,302.0,312.5,1680,30.7,36,0,0,0,0,0,0
2604,M12603,M,302.0,312.6,1490,45.3,38,0,0,0,0,0,0
2605,L12604,L,302.1,312.8,1660,33.7,41,0,0,0,0,0,0
2606,L12605,L,302.1,312.8,1686,30.7,43,0,0,0,0,0,0
2607,M12606,M,302.1,312.7,1305,49.1,45,0,0,0,0,0,0
2608,L12607,L,302.1,312.6,1430,49.5,48,0,0,0,0,0,0
2609,M12608,M,302.0,312.5,1440,47.2,50,0,0,0,0,0,0
2610,L12609,L,302.0,312.6,1360,48.5,53,0,0,0,0,0,0
2611,H12610,H,302.0,312.6,1643,37.7,55,0,0,0,0,0,0
2612,H12611,H,302.0,312.4,1586,38.0,60,0,0,0,0,0,0
2613,L12612,L,302.0,312.4,1663,33.5,65,0,0,0,0,0,0
2614,M12613,M,302.0,312.3,1559,41.7,67,0,0,0,0,0,0
2615,L12614,L,301.9,312.3,1665,34.7,70,0,0,0,0,0,0
2616,L12615,L,302.0,312.4,1628,35.7,72,0,0,0,0,0,0
2617,L12616,L,302.0,312.3,1425,46.0,74,0,0,0,0,0,0
2618,H12617,H,302.0,312.3,1447,51.8,76,0,0,0,0,0,0
2619,H12618,H,302.0,312.2,1429,44.0,81,0,0,0,0,0,0
2620,H12619,H,302.0,312.3,1275,57.9,86,0,0,0,0,0,0
2621,H12620,H,302.0,312.2,1653,32.9,91,0,0,0,0,0,0
2622,H12621,H,301.9,312.2,1876,21.6,96,0,0,0,0,0,0
2623,L12622,L,301.9,312.1,1485,47.1,101,0,0,0,0,0,0
2624,H12623,H,301.9,312.0,1652,32.3,103,0,0,0,0,0,0
2625,M12624,M,301.9,312.1,1618,37.3,108,0,0,0,0,0,0
2626,L12625,L,301.8,311.9,1854,22.3,111,0,0,0,0,0,0
2627,M12626,M,301.9,312.0,1655,31.0,113,0,0,0,0,0,0
2628,L12627,L,302.0,312.0,1864,25.0,116,0,0,0,0,0,0
2629,L12628,L,301.9,311.9,1652,35.7,118,0,0,0,0,0,0
2630,L12629,L,301.9,311.9,1581,36.1,120,0,0,0,0,0,0
2631,L12630,L,301.9,312.0,1584,40.9,122,0,0,0,0,0,0
2632,L12631,L,301.8,312.0,1281,52.4,124,0,0,0,0,0,0
2633,H12632,H,301.9,312.0,1421,46.8,126,0,0,0,0,0,0
2634,M12633,M,302.0,312.1,1790,23.8,131,0,0,0,0,0,0
2635,M12634,M,301.9,312.1,1477,46.1,134,0,0,0,0,0,0
2636,L12635,L,301.9,312.0,1492,41.1,137,0,0,0,0,0,0
2637,L12636,L,301.9,312.0,1597,39.0,139,0,0,0,0,0,0
2638,L12637,L,301.9,312.0,1575,39.8,141,0,0,0,0,0,0
2639,H12638,H,301.9,311.9,1482,42.0,143,0,0,0,0,0,0
2640,L12639,L,301.9,312.1,1758,33.1,148,0,0,0,0,0,0
2641,M12640,M,301.9,312.0,1527,38.2,150,0,0,0,0,0,0
2642,M12641,M,301.9,312.0,1258,51.8,153,0,0,0,0,0,0
2643,M12642,M,302.0,312.1,1706,33.0,156,0,0,0,0,0,0
2644,H12643,H,301.9,312.1,1593,29.7,159,0,0,0,0,0,0
2645,L12644,L,302.0,312.1,1632,39.4,164,0,0,0,0,0,0
2646,H12645,H,301.9,312.0,1736,28.7,166,0,0,0,0,0,0
2647,M12646,M,301.9,311.9,1751,22.8,171,0,0,0,0,0,0
2648,M12647,M,301.9,311.9,1544,36.6,174,0,0,0,0,0,0
2649,M12648,M,301.9,311.9,1200,54.5,177,0,0,0,0,0,0
2650,H12649,H,302.0,312.1,1566,39.6,180,0,0,0,0,0,0
2651,H12650,H,301.9,312.0,1433,41.8,185,0,0,0,0,0,0
2652,L12651,L,302.0,312.0,1928,18.7,190,0,0,0,0,0,0
2653,H12652,H,301.9,311.9,1446,44.4,192,0,0,0,0,0,0
2654,M12653,M,301.9,312.0,1496,40.9,197,0,0,0,0,0,0
2655,L12654,L,301.8,311.9,1680,33.4,200,0,0,0,0,0,0
2656,H12655,H,301.8,311.8,1542,41.8,202,0,0,0,0,0,0
2657,L12656,L,301.8,311.8,1573,41.7,207,0,0,0,0,0,0
2658,M12657,M,301.9,311.9,1683,29.4,209,0,0,0,0,0,0
2659,L12658,L,301.9,311.9,1480,43.3,212,0,0,0,0,0,0
2660,L12659,L,301.8,312.0,1299,52.0,214,1,0,0,0,1,0
2661,H12660,H,301.8,311.9,1586,37.7,216,0,0,0,0,0,0
2662,L12661,L,301.8,311.9,1642,31.3,0,0,0,0,0,0,0
2663,L12662,L,301.8,311.8,1544,38.2,2,0,0,0,0,0,0
2664,L12663,L,301.8,311.7,1369,48.5,4,0,0,0,0,0,0
2665,L12664,L,301.8,311.7,1763,27.7,6,0,0,0,0,0,0
2666,H12665,H,301.8,311.8,1440,45.8,8,0,0,0,0,0,0
2667,H12666,H,301.9,311.9,1682,33.2,13,0,0,0,0,0,0
2668,L12667,L,302.0,312.0,1491,42.4,18,0,0,0,0,0,0
2669,M12668,M,302.0,312.0,1602,34.4,20,0,0,0,0,0,0
2670,L12669,L,301.9,311.9,1645,34.3,23,0,0,0,0,0,0
2671,M12670,M,301.9,311.9,1228,55.2,25,0,0,0,0,0,0
2672,L12671,L,301.9,311.9,1809,25.9,28,0,0,0,0,0,0
2673,L12672,L,301.8,311.8,1440,44.9,30,0,0,0,0,0,0
2674,L12673,L,301.9,311.9,1255,57.3,32,0,0,0,0,0,0
2675,M12674,M,301.9,312.0,1434,46.9,34,0,0,0,0,0,0
2676,M12675,M,301.9,311.9,1854,26.7,37,0,0,0,0,0,0
2677,L12676,L,301.8,311.9,1777,27.2,40,0,0,0,0,0,0
2678,H12677,H,301.9,312.0,1670,32.5,42,0,0,0,0,0,0
2679,M12678,M,301.8,311.9,1472,41.6,47,0,0,0,0,0,0
2680,L12679,L,301.8,311.9,1544,42.3,50,0,0,0,0,0,0
2681,H12680,H,301.8,312.0,1739,27.3,52,0,0,0,0,0,0
2682,H12681,H,301.8,312.0,1601,31.3,57,0,0,0,0,0,0
2683,L12682,L,301.8,312.1,1665,31.9,62,0,0,0,0,0,0
2684,M12683,M,301.8,312.1,1579,38.2,64,0,0,0,0,0,0
2685,L12684,L,301.8,312.2,1155,59.8,67,0,0,0,0,0,0
2686,M12685,M,301.8,312.2,1690,30.7,69,0,0,0,0,0,0
2687,L12686,L,301.8,312.2,1700,30.2,72,0,0,0,0,0,0
2688,M12687,M,301.9,312.3,1728,28.7,74,0,0,0,0,0,0
2689,L12688,L,301.8,312.2,1499,46.4,77,0,0,0,0,0,0
2690,M12689,M,301.8,312.2,1472,39.6,79,0,0,0,0,0,0
2691,H12690,H,301.7,312.1,1804,31.0,82,0,0,0,0,0,0
2692,L12691,L,301.7,312.1,1598,36.4,87,0,0,0,0,0,0
2693,H12692,H,301.8,312.3,1705,32.1,89,0,0,0,0,0,0
2694,H12693,H,301.8,312.3,1495,43.0,94,0,0,0,0,0,0
2695,H12694,H,301.8,312.3,1100,66.8,99,0,0,0,0,0,0
2696,L12695,L,301.8,312.3,1385,45.5,104,0,0,0,0,0,0
2697,H12696,H,301.8,312.3,1525,39.1,106,0,0,0,0,0,0
2698,L12697,L,301.7,312.4,1707,33.4,111,0,0,0,0,0,0
2699,L12698,L,301.8,312.4,1689,26.6,113,0,0,0,0,0,0
2700,H12699,H,301.7,312.4,1365,47.3,115,0,0,0,0,0,0
2701,M12700,M,301.7,312.4,1432,46.8,120,0,0,0,0,0,0
2702,M12701,M,301.8,312.5,1644,35.3,123,0,0,0,0,0,0
2703,L12702,L,301.8,312.5,1356,52.1,126,0,0,0,0,0,0
2704,H12703,H,301.8,312.4,1479,40.2,128,0,0,0,0,0,0
2705,M12704,M,301.7,312.5,1317,47.7,133,0,0,0,0,0,0
2706,L12705,L,301.7,312.5,1518,43.0,136,0,0,0,0,0,0
2707,H12706,H,301.6,312.4,1648,38.2,138,0,0,0,0,0,0
2708,L12707,L,301.6,312.4,1681,30.5,143,0,0,0,0,0,0
2709,L12708,L,301.6,312.4,1499,38.5,145,0,0,0,0,0,0
2710,M12709,M,301.7,312.5,1371,48.4,147,0,0,0,0,0,0
2711,H12710,H,301.7,312.5,1646,34.9,150,0,0,0,0,0,0
2712,L12711,L,301.7,312.6,1450,44.4,155,0,0,0,0,0,0
2713,L12712,L,301.8,312.6,1801,29.2,157,0,0,0,0,0,0
2714,L12713,L,301.7,312.5,1457,47.8,159,0,0,0,0,0,0
2715,H12714,H,301.7,312.6,1495,43.1,161,0,0,0,0,0,0
2716,L12715,L,301.7,312.6,1633,28.0,166,0,0,0,0,0,0
2717,M12716,M,301.6,312.6,1537,37.8,168,0,0,0,0,0,0
2718,H12717,H,301.5,312.6,1349,49.3,171,0,0,0,0,0,0
2719,L12718,L,301.5,312.7,1710,27.4,176,0,0,0,0,0,0
2720,M12719,M,301.6,312.7,1731,29.3,178,0,0,0,0,0,0
2721,M12720,M,301.6,312.8,1562,39.3,181,0,0,0,0,0,0
2722,H12721,H,301.6,312.7,1100,61.3,184,0,0,0,0,0,0
2723,L12722,L,301.6,312.7,1697,33.3,189,0,0,0,0,0,0
2724,L12723,L,301.6,312.6,1455,45.0,191,0,0,0,0,0,0
2725,L12724,L,301.5,312.5,1514,42.6,193,0,0,0,0,0,0
2726,M12725,M,301.6,312.6,1680,34.1,195,0,0,0,0,0,0
2727,M12726,M,301.6,312.5,1468,41.6,198,0,0,0,0,0,0
2728,L12727,L,301.7,312.6,1685,35.5,201,0,0,0,0,0,0
2729,L12728,L,301.7,312.5,1591,36.4,203,0,0,0,0,0,0
2730,H12729,H,301.7,312.6,1905,23.4,205,0,0,0,0,0,0
2731,L12730,L,301.7,312.7,1492,39.8,210,0,0,0,0,0,0
2732,L12731,L,301.7,312.7,1465,49.0,212,0,0,0,0,0,0
2733,M12732,M,301.8,312.7,1478,40.6,214,0,0,0,0,0,0
2734,L12733,L,301.8,312.6,1495,50.9,217,1,0,0,0,1,0
2735,L12734,L,301.9,312.6,1386,45.8,219,0,0,0,0,0,0
2736,L12735,L,301.9,312.6,1607,39.4,221,0,0,0,0,0,0
2737,L12736,L,302.0,312.6,1625,33.7,223,0,0,0,0,0,0
2738,M12737,M,302.0,312.6,1661,35.1,225,0,0,0,0,0,0
2739,M12738,M,302.0,312.7,1786,25.3,228,0,0,0,0,0,0
2740,M12739,M,302.0,312.8,1522,37.3,0,0,0,0,0,0,0
2741,L12740,L,302.0,312.7,1357,41.5,3,0,0,0,0,0,0
2742,H12741,H,302.0,312.7,1386,57.2,5,0,0,0,0,0,0
2743,L12742,L,302.1,312.7,1452,45.3,10,0,0,0,0,0,0
2744,M12743,M,302.1,312.7,1521,31.4,12,0,0,0,0,0,0
2745,L12744,L,302.1,312.7,1800,25.6,15,0,0,0,0,0,0
2746,M12745,M,302.1,312.7,1612,37.9,17,0,0,0,0,0,0
2747,L12746,L,302.2,312.8,1360,48.1,20,0,0,0,0,0,0
2748,L12747,L,302.1,312.7,1536,37.8,22,0,0,0,0,0,0
2749,L12748,L,302.1,312.7,1445,45.4,24,0,0,0,0,0,0
2750,L12749,L,302.0,312.5,1636,38.2,26,0,0,0,0,0,0
2751,L12750,L,302.0,312.5,1422,47.2,28,0,0,0,0,0,0
2752,M12751,M,302.0,312.5,1891,24.0,30,0,0,0,0,0,0
2753,H12752,H,301.9,312.5,1328,56.0,33,0,0,0,0,0,0
2754,L12753,L,301.8,312.4,1714,28.9,38,0,0,0,0,0,0
2755,H12754,H,301.8,312.5,1315,47.9,40,0,0,0,0,0,0
2756,M12755,M,301.9,312.7,1572,37.3,45,0,0,0,0,0,0
2757,H12756,H,301.8,312.6,1587,38.8,48,0,0,0,0,0,0
2758,M12757,M,301.7,312.7,1582,37.6,53,0,0,0,0,0,0
2759,M12758,M,301.8,312.6,1530,42.6,56,0,0,0,0,0,0
2760,M12759,M,301.8,312.6,1508,44.6,59,0,0,0,0,0,0
2761,M12760,M,301.8,312.7,1388,50.6,62,0,0,0,0,0,0
2762,H12761,H,301.7,312.6,1283,54.1,65,0,0,0,0,0,0
2763,L12762,L,301.7,312.5,1511,43.3,70,0,0,0,0,0,0
2764,L12763,L,301.7,312.7,1372,57.1,72,0,0,0,0,0,0
2765,L12764,L,301.8,312.7,1439,40.9,74,0,0,0,0,0,0
2766,H12765,H,301.8,312.7,1382,50.8,76,0,0,0,0,0,0
2767,L12766,L,301.8,312.6,1567,44.3,81,0,0,0,0,0,0
2768,M12767,M,301.8,312.7,1566,34.5,83,0,0,0,0,0,0
2769,H12768,H,301.8,312.6,1563,41.8,86,0,0,0,0,0,0
2770,H12769,H,301.8,312.7,1516,45.0,91,0,0,0,0,0,0
2771,L12770,L,301.8,312.6,1461,39.7,96,0,0,0,0,0,0
2772,M12771,M,301.7,312.6,1508,44.1,98,0,0,0,0,0,0
2773,H12772,H,301.7,312.4,1376,48.7,101,0,0,0,0,0,0
2774,L12773,L,301.6,312.4,1539,39.8,106,0,0,0,0,0,0
2775,M12774,M,301.6,312.3,2020,10.6,108,1,0,0,1,0,0
2776,L12775,L,301.7,312.4,1326,56.8,111,0,0,0,0,0,0
2777,M12776,M,301.6,312.3,1582,37.0,113,0,0,0,0,0,0
2778,M12777,M,301.6,312.3,1652,31.8,116,0,0,0,0,0,0
2779,L12778,L,301.7,312.3,1704,28.8,119,0,0,0,0,0,0
2780,L12779,L,301.7,312.4,1576,36.6,121,0,0,0,0,0,0
2781,L12780,L,301.7,312.4,1573,34.4,123,0,0,0,0,0,0
2782,L12781,L,301.6,312.3,1637,32.6,125,0,0,0,0,0,0
2783,M12782,M,301.7,312.4,1661,33.2,127,0,0,0,0,0,0
2784,L12783,L,301.7,312.5,1471,45.3,130,0,0,0,0,0,0
2785,L12784,L,301.7,312.5,1260,60.3,132,0,0,0,0,0,0
2786,M12785,M,301.7,312.4,1412,48.2,134,0,0,0,0,0,0
2787,M12786,M,301.7,312.4,1321,51.2,137,0,0,0,0,0,0
2788,M12787,M,301.8,312.5,1546,36.2,140,0,0,0,0,0,0
2789,H12788,H,301.8,312.5,1537,41.0,143,0,0,0,0,0,0
2790,L12789,L,301.7,312.5,1459,44.3,148,0,0,0,0,0,0
2791,H12790,H,301.7,312.6,1645,33.4,150,0,0,0,0,0,0
2792,L12791,L,301.7,312.7,1625,35.7,155,0,0,0,0,0,0
2793,M12792,M,301.6,312.6,1422,48.5,157,0,0,0,0,0,0
2794,H12793,H,301.6,312.6,1368,50.9,160,0,0,0,0,0,0
2795,H12794,H,301.6,312.5,1517,40.7,165,0,0,0,0,0,0
2796,M12795,M,301.6,312.5,1696,28.0,170,0,0,0,0,0,0
2797,M12796,M,301.5,312.6,1554,37.0,173,0,0,0,0,0,0
2798,L12797,L,301.5,312.6,1831,25.6,176,0,0,0,0,0,0
2799,M12798,M,301.5,312.5,1502,40.8,178,0,0,0,0,0,0
2800,M12799,M,301.5,312.5,1419,42.6,181,0,0,0,0,0,0
2801,H12800,H,301.5,312.4,1649,37.3,184,0,0,0,0,0,0
2802,L12801,L,301.6,312.5,1444,42.4,189,0,0,0,0,0,0
2803,L12802,L,301.6,312.6,1469,44.2,191,0,0,0,0,0,0
2804,M12803,M,301.7,312.7,1522,42.6,193,0,0,0,0,0,0
2805,L12804,L,301.7,312.7,1743,28.0,196,0,0,0,0,0,0
2806,L12805,L,301.8,312.7,1443,37.5,198,0,0,0,0,0,0
2807,L12806,L,301.7,312.6,1490,44.1,200,0,0,0,0,0,0
2808,M12807,M,301.7,312.5,1344,55.8,202,0,0,0,0,0,0
2809,L12808,L,301.8,312.6,1628,37.3,205,0,0,0,0,0,0
2810,L12809,L,301.8,312.6,1326,45.5,207,0,0,0,0,0,0
2811,L12810,L,301.7,312.6,1508,48.8,209,0,0,0,0,0,0
2812,H12811,H,301.7,312.7,1497,38.0,211,0,0,0,0,0,0
2813,M12812,M,301.7,312.7,1282,51.5,216,0,0,0,0,0,0
2814,L12813,L,301.7,312.8,1377,52.0,219,1,0,0,0,1,0
2815,L12814,L,301.7,312.9,1329,53.8,221,1,0,0,0,1,0
2816,M12815,M,301.7,312.9,1465,44.6,223,0,0,0,0,0,0
2817,L12816,L,301.6,312.8,1105,63.6,226,1,0,0,0,1,0
2818,M12817,M,301.6,312.7,1717,33.8,228,0,0,0,0,0,0
2819,L12818,L,301.6,312.7,1175,61.2,231,1,0,0,0,1,0
2820,H12819,H,301.6,312.7,1320,47.7,233,0,0,0,0,0,0
2821,L12820,L,301.6,312.7,1379,53.4,0,0,0,0,0,0,0
2822,M12821,M,301.6,312.7,1605,36.8,2,0,0,0,0,0,0
2823,L12822,L,301.6,312.7,1457,48.4,5,0,0,0,0,0,0
2824,H12823,H,301.6,312.6,1327,54.3,7,0,0,0,0,0,0
2825,H12824,H,301.7,312.7,1857,29.1,12,0,0,0,0,0,0
2826,M12825,M,301.6,312.7,1548,38.4,17,0,0,0,0,0,0
2827,L12826,L,301.7,312.7,1903,18.6,20,0,0,0,0,0,0
2828,L12827,L,301.7,312.8,1609,38.2,22,0,0,0,0,0,0
2829,H12828,H,301.7,312.8,1660,31.8,24,0,0,0,0,0,0
2830,M12829,M,301.7,312.8,1620,37.8,29,0,0,0,0,0,0
2831,L12830,L,301.7,312.7,1100,69.2,32,0,0,0,0,0,0
2832,L12831,L,301.7,312.7,1242,57.2,34,0,0,0,0,0,0
2833,L12832,L,301.7,312.7,1777,25.6,36,0,0,0,0,0,0
2834,H12833,H,301.8,312.7,1436,45.6,38,0,0,0,0,0,0
2835,M12834,M,301.8,312.7,1353,48.0,43,0,0,0,0,0,0
2836,M12835,M,301.8,312.7,1646,36.6,46,0,0,0,0,0,0
2837,M12836,M,301.8,312.6,1479,41.8,49,0,0,0,0,0,0
2838,L12837,L,301.8,312.7,1502,42.8,52,0,0,0,0,0,0
2839,L12838,L,301.8,312.8,1765,26.5,54,0,0,0,0,0,0
2840,L12839,L,301.8,312.7,1741,29.7,56,0,0,0,0,0,0
2841,M12840,M,301.8,312.7,1589,41.7,58,0,0,0,0,0,0
2842,L12841,L,301.9,312.6,1532,41.0,61,0,0,0,0,0,0
2843,L12842,L,301.9,312.6,1706,32.9,63,0,0,0,0,0,0
2844,L12843,L,301.8,312.5,1681,32.1,65,0,0,0,0,0,0
2845,L12844,L,301.8,312.5,1525,39.1,67,0,0,0,0,0,0
2846,M12845,M,301.8,312.4,1379,48.9,69,0,0,0,0,0,0
2847,L12846,L,301.8,312.4,1535,39.2,72,0,0,0,0,0,0
2848,L12847,L,301.8,312.4,1294,56.2,74,0,0,0,0,0,0
2849,M12848,M,301.9,312.5,1662,33.0,76,0,0,0,0,0,0
2850,L12849,L,302.0,312.6,1461,41.9,79,0,0,0,0,0,0
2851,L12850,L,301.9,312.5,1586,36.5,81,0,0,0,0,0,0
2852,L12851,L,302.0,312.7,1353,45.9,83,0,0,0,0,0,0
2853,H12852,H,302.0,312.7,1661,32.2,85,0,0,0,0,0,0
2854,L12853,L,301.9,312.7,1210,59.3,90,0,0,0,0,0,0
2855,M12854,M,301.9,312.8,1927,23.1,92,0,0,0,0,0,0
2856,H12855,H,301.9,312.8,1322,57.2,95,0,0,0,0,0,0
2857,M12856,M,302.0,312.9,1465,40.9,100,0,0,0,0,0,0
2858,L12857,L,302.0,312.9,1455,45.5,103,0,0,0,0,0,0
2859,M12858,M,302.1,312.9,1323,53.3,105,0,0,0,0,0,0
2860,L12859,L,302.0,312.8,1379,48.6,108,0,0,0,0,0,0
2861,L12860,L,301.9,312.8,1653,32.7,110,0,0,0,0,0,0
2862,M12861,M,301.9,312.7,1416,46.0,112,0,0,0,0,0,0
2863,L12862,L,302.0,312.7,1325,58.7,115,0,0,0,0,0,0
2864,L12863,L,302.0,312.7,1666,31.1,117,0,0,0,0,0,0
2865,L12864,L,302.0,312.8,1197,61.2,119,0,0,0,0,0,0
2866,L12865,L,302.0,312.7,1331,43.9,121,0,0,0,0,0,0
2867,L12866,L,302.0,312.7,1658,35.7,123,0,0,0,0,0,0
2868,M12867,M,302.0,312.6,1756,31.1,125,0,0,0,0,0,0
2869,H12868,H,301.9,312.6,1517,37.8,128,0,0,0,0,0,0
2870,L12869,L,301.9,312.6,1842,20.4,133,0,0,0,0,0,0
2871,M12870,M,301.9,312.6,1634,35.8,135,0,0,0,0,0,0
2872,L12871,L,301.9,312.5,1584,37.4,138,0,0,0,0,0,0
2873,L12872,L,301.9,312.6,1747,29.3,140,0,0,0,0,0,0
2874,L12873,L,301.9,312.5,1395,47.5,142,0,0,0,0,0,0
2875,L12874,L,302.0,312.4,1679,37.8,144,0,0,0,0,0,0
2876,L12875,L,302.0,312.3,1609,33.6,146,0,0,0,0,0,0
2877,L12876,L,302.0,312.3,1744,36.7,148,0,0,0,0,0,0
2878,L12877,L,302.0,312.4,1547,43.6,150,0,0,0,0,0,0
2879,M12878,M,302.0,312.4,1572,40.7,152,0,0,0,0,0,0
2880,L12879,L,302.0,312.4,1599,33.0,155,0,0,0,0,0,0
2881,L12880,L,302.1,312.6,1567,41.3,157,0,0,0,0,0,0
2882,L12881,L,302.0,312.5,1580,39.5,159,0,0,0,0,0,0
2883,M12882,M,302.0,312.3,1613,28.6,161,0,0,0,0,0,0
2884,L12883,L,302.0,312.3,1509,37.1,164,0,0,0,0,0,0
2885,M12884,M,302.0,312.4,1459,45.8,166,0,0,0,0,0,0
2886,L12885,L,302.1,312.5,1433,45.7,169,0,0,0,0,0,0
2887,L12886,L,302.1,312.4,1548,37.7,171,0,0,0,0,0,0
2888,H12887,H,302.1,312.5,1483,46.8,173,0,0,0,0,0,0
2889,L12888,L,302.1,312.5,1655,30.2,178,0,0,0,0,0,0
2890,L12889,L,302.1,312.5,1674,30.5,180,0,0,0,0,0,0
2891,L12890,L,302.1,312.6,1545,37.5,182,0,0,0,0,0,0
2892,H12891,H,302.2,312.6,1312,55.0,184,0,0,0,0,0,0
2893,M12892,M,302.2,312.6,1414,41.6,189,0,0,0,0,0,0
2894,M12893,M,302.2,312.6,1557,37.2,192,0,0,0,0,0,0
2895,H12894,H,302.3,312.7,1179,55.4,195,0,0,0,0,0,0
2896,L12895,L,302.3,312.7,1569,37.1,200,0,0,0,0,0,0
2897,H12896,H,302.3,312.8,1198,62.3,202,0,0,0,0,0,0
2898,L12897,L,302.3,312.7,1666,34.9,207,0,0,0,0,0,0
2899,M12898,M,302.2,312.6,1669,29.9,209,0,0,0,0,0,0
2900,L12899,L,302.2,312.6,1596,38.3,212,0,0,0,0,0,0
2901,L12900,L,302.2,312.5,1570,37.5,214,0,0,0,0,0,0
2902,H12901,H,302.2,312.5,1751,31.9,216,1,1,0,0,0,0
2903,L12902,L,302.1,312.4,1100,66.0,0,0,0,0,0,0,0
2904,H12903,H,302.0,312.4,1318,43.2,2,0,0,0,0,0,0
2905,L12904,L,301.9,312.3,1509,44.6,7,0,0,0,0,0,0
2906,M12905,M,301.9,312.3,1591,35.4,9,0,0,0,0,0,0
2907,H12906,H,302.0,312.4,1621,34.2,12,0,0,0,0,0,0
2908,L12907,L,302.1,312.5,1382,50.3,17,0,0,0,0,0,0
2909,H12908,H,302.1,312.5,1743,23.2,19,0,0,0,0,0,0
2910,M12909,M,302.0,312.5,1737,28.6,24,0,0,0,0,0,0
2911,M12910,M,302.0,312.6,1610,37.5,27,0,0,0,0,0,0
2912,L12911,L,302.0,312.6,1329,53.5,30,0,0,0,0,0,0
2913,M12912,M,302.1,312.6,1568,36.3,32,0,0,0,0,0,0
2914,M12913,M,302.1,312.6,1523,44.2,35,0,0,0,0,0,0
2915,L12914,L,302.1,312.7,1478,40.3,38,0,0,0,0,0,0
2916,L12915,L,302.2,312.7,1283,53.0,40,0,0,0,0,0,0
2917,L12916,L,302.1,312.7,1800,24.2,42,0,0,0,0,0,0
2918,H12917,H,302.1,312.6,1429,47.4,44,0,0,0,0,0,0
2919,L12918,L,302.1,312.7,1554,38.0,49,0,0,0,0,0,0
2920,M12919,M,302.1,312.7,1449,49.2,51,0,0,0,0,0,0
2921,H12920,H,302.1,312.6,1694,31.8,54,0,0,0,0,0,0
2922,L12921,L,302.0,312.6,1538,40.2,59,0,0,0,0,0,0
2923,L12922,L,302.0,312.5,1570,39.0,61,0,0,0,0,0,0
2924,M12923,M,302.1,312.4,1749,30.0,63,0,0,0,0,0,0
2925,L12924,L,302.1,312.5,1769,27.2,66,0,0,0,0,0,0
2926,M12925,M,302.1,312.6,1536,34.2,68,0,0,0,0,0,0
2927,M12926,M,302.1,312.7,1577,41.3,71,0,0,0,0,0,0
2928,M12927,M,302.1,312.7,1673,32.4,74,0,0,0,0,0,0
2929,L12928,L,302.1,312.7,1632,36.7,77,0,0,0,0,0,0
2930,M12929,M,302.1,312.7,1836,21.1,79,0,0,0,0,0,0
2931,M12930,M,302.1,312.7,1499,36.3,82,0,0,0,0,0,0
2932,L12931,L,302.1,312.7,1237,50.2,85,0,0,0,0,0,0
2933,M12932,M,302.1,312.8,1365,47.1,87,0,0,0,0,0,0
2934,H12933,H,302.2,312.8,1582,39.1,90,0,0,0,0,0,0
2935,M12934,M,302.1,312.7,1569,42.4,95,0,0,0,0,0,0
2936,L12935,L,302.2,312.7,1696,31.7,98,0,0,0,0,0,0
2937,L12936,L,302.2,312.7,1203,56.2,100,0,0,0,0,0,0
2938,L12937,L,302.2,312.7,1143,60.7,102,0,0,0,0,0,0
2939,L12938,L,302.2,312.7,1586,41.6,104,0,0,0,0,0,0
2940,L12939,L,302.2,312.7,1100,65.9,106,0,0,0,0,0,0
2941,H12940,H,302.2,312.7,1771,33.2,108,0,0,0,0,0,0
2942,L12941,L,302.1,312.6,1856,27.5,113,0,0,0,0,0,0
2943,H12942,H,302.1,312.6,1778,32.9,115,0,0,0,0,0,0
2944,L12943,L,302.1,312.5,1597,37.8,120,0,0,0,0,0,0
2945,L12944,L,302.1,312.4,1126,63.1,122,0,0,0,0,0,0
2946,L12945,L,302.1,312.5,1606,37.2,124,0,0,0,0,0,0
2947,L12946,L,302.0,312.5,1735,31.4,126,0,0,0,0,0,0
2948,M12947,M,302.0,312.6,1654,31.0,128,0,0,0,0,0,0
2949,H12948,H,302.1,312.5,1283,51.4,131,0,0,0,0,0,0
2950,H12949,H,302.1,312.5,1353,50.0,136,0,0,0,0,0,0
2951,L12950,L,302.2,312.6,1577,35.1,141,0,0,0,0,0,0
2952,M12951,M,302.2,312.5,1926,21.2,143,0,0,0,0,0,0
2953,L12952,L,302.1,312.5,1695,28.7,146,0,0,0,0,0,0
2954,H12953,H,302.2,312.6,1251,57.2,148,0,0,0,0,0,0
2955,M12954,M,302.2,312.8,1476,46.9,153,0,0,0,0,0,0
2956,L12955,L,302.2,312.8,1598,40.7,156,0,0,0,0,0,0
2957,L12956,L,302.2,312.8,1232,58.7,158,0,0,0,0,0,0
2958,L12957,L,302.2,312.8,1226,59.6,160,0,0,0,0,0,0
2959,L12958,L,302.1,312.8,1487,39.6,162,0,0,0,0,0,0
2960,H12959,H,302.1,312.8,1598,39.8,164,0,0,0,0,0,0
2961,M12960,M,302.0,312.8,1708,34.2,169,0,0,0,0,0,0
2962,H12961,H,301.9,312.8,1482,37.2,172,0,0,0,0,0,0
2963,L12962,L,302.0,312.9,1889,25.1,177,0,0,0,0,0,0
2964,M12963,M,302.0,312.9,1752,25.1,179,0,0,0,0,0,0
2965,L12964,L,302.1,313.1,1864,22.8,182,0,0,0,0,0,0
2966,M12965,M,302.1,313.1,1358,50.8,184,0,0,0,0,0,0
2967,L12966,L,302.0,313.1,1800,24.4,187,0,0,0,0,0,0
2968,L12967,L,302.1,313.1,1195,59.5,189,1,0,0,0,1,0
2969,M12968,M,302.1,313.1,1607,32.7,191,0,0,0,0,0,0
2970,L12969,L,302.1,313.2,1272,57.4,194,1,0,0,0,1,0
2971,L12970,L,302.0,313.1,1584,36.3,196,0,0,0,0,0,0
2972,M12971,M,301.9,313.0,1731,24.3,198,0,0,0,0,0,0
2973,L12972,L,301.9,312.9,1262,52.8,201,0,0,0,0,0,0
2974,H12973,H,301.9,312.8,1227,54.0,203,0,0,0,0,0,0
2975,M12974,M,301.9,312.9,1663,30.9,208,0,0,0,0,0,0
2976,H12975,H,301.9,312.9,1622,36.7,211,0,0,0,0,0,0
2977,M12976,M,301.9,312.9,1652,30.9,0,0,0,0,0,0,0
2978,M12977,M,301.9,313.1,1613,38.8,3,0,0,0,0,0,0
2979,M12978,M,301.9,313.0,1513,41.1,6,0,0,0,0,0,0
2980,H12979,H,301.9,313.0,1582,36.5,9,0,0,0,0,0,0
2981,M12980,M,301.9,312.9,1848,21.8,14,0,0,0,0,0,0
2982,L12981,L,301.9,312.8,1715,34.2,17,0,0,0,0,0,0
2983,L12982,L,301.8,312.8,1342,47.0,19,0,0,0,0,0,0
2984,M12983,M,301.7,312.8,1666,37.9,21,0,0,0,0,0,0
2985,L12984,L,301.8,312.7,1647,36.7,24,0,0,0,0,0,0
2986,L12985,L,301.8,312.8,1695,30.7,26,0,0,0,0,0,0
2987,L12986,L,301.8,312.8,1708,33.9,28,0,0,0,0,0,0
2988,M12987,M,301.8,312.9,1280,54.1,30,0,0,0,0,0,0
2989,L12988,L,301.9,312.9,1748,28.6,33,0,0,0,0,0,0
2990,M12989,M,301.9,313.0,1385,47.2,35,0,0,0,0,0,0
2991,M12990,M,301.9,313.1,1584,40.5,38,0,0,0,0,0,0
2992,H12991,H,301.9,313.1,1457,42.4,41,0,0,0,0,0,0
2993,L12992,L,301.8,313.0,1660,32.7,46,0,0,0,0,0,0
2994,M12993,M,301.8,313.0,1636,36.5,48,0,0,0,0,0,0
2995,M12994,M,301.8,313.0,1598,39.9,51,0,0,0,0,0,0
2996,L12995,L,301.8,312.9,1581,34.8,54,0,0,0,0,0,0
2997,M12996,M,301.8,312.9,1524,43.3,56,0,0,0,0,0,0
2998,L12997,L,301.8,312.8,1405,44.6,59,0,0,0,0,0,0
2999,H12998,H,301.7,312.7,1100,61.7,61,0,0,0,0,0,0
3000,L12999,L,301.7,312.7,1449,42.8,66,0,0,0,0,0,0
3001,H13000,H,301.7,312.7,1910,20.9,68,0,0,0,0,0,0
3002,M13001,M,301.7,312.8,1340,51.6,73,0,0,0,0,0,0
3003,L13002,L,301.7,312.7,1543,38.0,76,1,0,0,0,0,1
3004,M13003,M,301.7,313.0,1199,60.1,78,0,0,0,0,0,0
3005,L13004,L,301.7,312.9,1289,54.7,81,0,0,0,0,0,0
3006,M13005,M,301.8,312.9,1659,34.9,83,0,0,0,0,0,0
3007,M13006,M,301.8,312.9,1325,47.2,86,0,0,0,0,0,0
3008,L13007,L,301.7,312.7,1633,34.1,89,0,0,0,0,0,0
3009,L13008,L,301.7,312.7,1544,40.0,91,0,0,0,0,0,0
3010,M13009,M,301.8,312.7,1347,46.8,93,0,0,0,0,0,0
3011,L13010,L,301.8,312.8,1272,51.1,96,0,0,0,0,0,0
3012,H13011,H,301.9,312.8,1365,49.0,98,0,0,0,0,0,0
3013,M13012,M,301.9,313.1,1526,40.7,103,0,0,0,0,0,0
3014,M13013,M,302.0,313.1,1116,64.8,106,0,0,0,0,0,0
3015,L13014,L,302.0,313.1,1569,36.3,109,0,0,0,0,0,0
3016,M13015,M,301.9,313.0,1778,23.9,111,0,0,0,0,0,0
3017,H13016,H,301.8,312.9,1756,25.9,114,0,0,0,0,0,0
3018,L13017,L,301.9,313.0,1304,54.7,119,0,0,0,0,0,0
3019,L13018,L,301.9,313.0,1621,39.2,121,0,0,0,0,0,0
3020,L13019,L,301.9,313.0,1387,41.6,123,0,0,0,0,0,0
3021,L13020,L,301.9,313.0,1665,34.6,125,0,0,0,0,0,0
3022,M13021,M,301.9,312.8,1609,35.5,127,0,0,0,0,0,0
3023,L13022,L,301.9,312.7,1701,32.1,130,0,0,0,0,0,0
3024,M13023,M,301.8,312.6,1524,44.7,132,0,0,0,0,0,0
3025,L13024,L,301.8,312.6,1512,39.0,135,0,0,0,0,0,0
3026,L13025,L,301.8,312.6,1517,44.4,137,0,0,0,0,0,0
3027,L13026,L,301.8,312.6,1410,43.4,139,0,0,0,0,0,0
3028,H13027,H,301.9,312.6,1618,35.7,141,0,0,0,0,0,0
3029,M13028,M,301.9,312.6,1773,25.4,146,0,0,0,0,0,0
3030,L13029,L,301.9,312.7,1803,24.5,149,0,0,0,0,0,0
3031,M13030,M,301.9,312.7,1100,70.3,151,0,0,0,0,0,0
3032,L13031,L,302.0,312.7,1311,54.8,154,0,0,0,0,0,0
3033,L13032,L,301.9,312.7,1399,53.4,156,0,0,0,0,0,0
3034,L13033,L,301.9,312.4,1598,33.3,158,0,0,0,0,0,0
3035,H13034,H,301.9,312.5,1547,40.1,160,0,0,0,0,0,0
3036,M13035,M,301.9,312.6,1724,31.8,165,0,0,0,0,0,0
3037,M13036,M,301.9,312.6,1745,26.9,168,0,0,0,0,0,0
3038,L13037,L,301.8,312.5,1714,34.1,171,0,0,0,0,0,0
3039,L13038,L,301.9,312.5,1288,53.3,173,0,0,0,0,0,0
3040,M13039,M,301.9,312.6,1389,48.4,175,0,0,0,0,0,0
3041,L13040,L,302.0,312.6,1647,30.3,178,0,0,0,0,0,0
3042,H13041,H,302.0,312.6,1599,36.9,180,0,0,0,0,0,0
3043,M13042,M,302.0,312.6,1411,47.5,185,0,0,0,0,0,0
3044,L13043,L,302.1,312.6,1671,34.3,188,0,0,0,0,0,0
3045,M13044,M,302.1,312.7,1489,40.8,190,0,0,0,0,0,0
3046,H13045,H,302.1,312.7,1432,44.0,193,0,0,0,0,0,0
3047,L13046,L,302.1,312.7,1497,43.9,198,0,0,0,0,0,0
3048,M13047,M,302.1,312.6,1573,42.5,200,0,0,0,0,0,0
3049,H13048,H,302.0,312.7,1684,33.5,203,0,0,0,0,0,0
3050,L13049,L,302.1,312.7,1735,34.5,208,0,0,0,0,0,0
3051,H13050,H,302.0,312.6,1762,28.7,210,0,0,0,0,0,0
3052,L13051,L,301.9,312.5,1833,24.4,215,0,0,0,0,0,0
3053,M13052,M,302.0,312.6,1595,38.9,217,0,0,0,0,0,0
3054,M13053,M,302.0,312.6,1482,48.2,220,0,0,0,0,0,0
3055,M13054,M,301.9,312.7,1842,26.2,223,0,0,0,0,0,0
3056,L13055,L,301.9,312.6,1431,42.7,226,0,0,0,0,0,0
3057,M13056,M,301.9,312.8,1449,47.8,228,1,1,0,0,0,0
3058,L13057,L,302.0,312.8,1865,21.6,0,0,0,0,0,0,0
3059,L13058,L,302.0,312.8,1573,37.3,2,0,0,0,0,0,0
3060,L13059,L,302.0,312.8,1159,56.5,4,0,0,0,0,0,0
3061,M13060,M,302.1,312.9,1358,45.5,6,0,0,0,0,0,0
3062,L13061,L,302.1,312.8,1836,21.3,9,0,0,0,0,0,0
3063,L13062,L,302.0,312.7,1344,46.6,11,0,0,0,0,0,0
3064,H13063,H,302.0,312.7,1646,32.5,13,0,0,0,0,0,0
3065,L13064,L,302.0,312.8,1460,46.9,18,0,0,0,0,0,0
3066,L13065,L,302.1,312.7,1623,33.1,20,0,0,0,0,0,0
3067,L13066,L,302.0,312.7,1552,39.5,22,0,0,0,0,0,0
3068,L13067,L,302.0,312.9,1570,34.6,24,0,0,0,0,0,0
3069,M13068,M,302.0,312.9,1554,40.0,26,0,0,0,0,0,0
3070,L13069,L,301.9,312.8,1663,34.3,29,0,0,0,0,0,0
3071,L13070,L,301.9,312.8,1496,37.8,31,0,0,0,0,0,0
3072,H13071,H,301.9,312.8,1696,28.2,33,0,0,0,0,0,0
3073,H13072,H,301.9,312.8,1384,44.9,38,0,0,0,0,0,0
3074,M13073,M,301.8,312.8,1537,41.8,43,0,0,0,0,0,0
3075,H13074,H,301.9,312.8,1822,23.8,46,0,0,0,0,0,0
3076,H13075,H,301.9,312.8,1366,49.9,51,0,0,0,0,0,0
3077,L13076,L,301.9,312.8,1561,38.2,56,0,0,0,0,0,0
3078,M13077,M,301.9,312.8,1529,41.6,58,0,0,0,0,0,0
3079,M13078,M,301.8,312.6,1427,47.6,61,0,0,0,0,0,0
3080,L13079,L,301.8,312.6,1454,43.3,64,0,0,0,0,0,0
3081,L13080,L,301.8,312.6,1304,51.7,66,0,0,0,0,0,0
3082,L13081,L,301.8,312.5,1585,37.1,68,0,0,0,0,0,0
3083,M13082,M,301.8,312.5,1351,50.3,70,0,0,0,0,0,0
3084,M13083,M,301.8,312.6,1632,41.2,73,0,0,0,0,0,0
3085,M13084,M,301.8,312.5,1430,45.1,76,0,0,0,0,0,0
3086,L13085,L,301.8,312.5,1486,44.0,79,0,0,0,0,0,0
3087,L13086,L,301.8,312.5,1353,52.4,81,0,0,0,0,0,0
3088,L13087,L,301.7,312.5,1494,47.2,83,0,0,0,0,0,0
3089,M13088,M,301.7,312.4,1568,35.6,85,0,0,0,0,0,0
3090,H13089,H,301.7,312.6,1722,33.6,88,0,0,0,0,0,0
3091,H13090,H,301.9,312.7,1538,39.5,93,0,0,0,0,0,0
3092,H13091,H,301.8,312.7,1807,32.4,98,0,0,0,0,0,0
3093,H13092,H,301.7,312.6,1737,29.5,103,0,0,0,0,0,0
3094,H13093,H,301.8,312.6,1831,18.7,108,0,0,0,0,0,0
3095,L13094,L,301.8,312.6,1790,24.5,113,0,0,0,0,0,0
3096,L13095,L,301.8,312.6,1275,59.9,115,0,0,0,0,0,0
3097,L13096,L,301.8,312.5,1654,33.4,117,0,0,0,0,0,0
3098,L13097,L,301.8,312.5,1211,59.0,119,0,0,0,0,0,0
3099,L13098,L,301.8,312.5,1510,44.0,121,0,0,0,0,0,0
3100,L13099,L,301.7,312.4,1527,39.5,123,0,0,0,0,0,0
3101,H13100,H,301.6,312.2,1781,25.0,125,0,0,0,0,0,0
3102,L13101,L,301.6,312.2,1484,40.0,130,0,0,0,0,0,0
3103,H13102,H,301.6,312.1,1313,58.9,132,0,0,0,0,0,0
3104,M13103,M,301.5,312.1,1205,55.6,137,0,0,0,0,0,0
3105,M13104,M,301.5,312.0,1501,42.7,140,0,0,0,0,0,0
3106,M13105,M,301.5,311.9,1760,28.5,143,0,0,0,0,0,0
3107,L13106,L,301.5,311.9,1700,30.4,146,0,0,0,0,0,0
3108,M13107,M,301.5,311.9,1613,31.5,148,0,0,0,0,0,0
3109,L13108,L,301.5,311.9,1265,52.8,151,0,0,0,0,0,0
3110,H13109,H,301.4,311.9,1290,56.3,153,0,0,0,0,0,0
3111,L13110,L,301.5,311.8,1461,42.0,158,0,0,0,0,0,0
3112,L13111,L,301.5,311.8,1474,37.0,160,0,0,0,0,0,0
3113,M13112,M,301.7,311.8,1296,55.5,162,0,0,0,0,0,0
3114,M13113,M,301.7,311.9,1656,30.2,165,0,0,0,0,0,0
3115,L13114,L,301.8,311.9,1564,40.5,168,0,0,0,0,0,0
3116,M13115,M,301.8,311.9,1448,44.6,170,0,0,0,0,0,0
3117,L13116,L,301.9,312.0,1671,31.4,173,0,0,0,0,0,0
3118,M13117,M,301.9,312.0,1649,33.6,175,0,0,0,0,0,0
3119,L13118,L,301.9,311.9,1596,32.9,178,0,0,0,0,0,0
3120,L13119,L,301.8,311.9,1251,54.2,180,0,0,0,0,0,0
3121,L13120,L,301.8,311.8,1198,59.1,182,0,0,0,0,0,0
3122,L13121,L,301.7,311.7,1455,41.1,184,0,0,0,0,0,0
3123,L13122,L,301.8,311.5,1624,37.3,186,0,0,0,0,0,0
3124,L13123,L,301.9,311.6,1623,34.0,188,0,0,0,0,0,0
3125,L13124,L,301.9,311.6,1457,40.0,190,0,0,0,0,0,0
3126,L13125,L,301.9,311.7,1600,34.5,192,0,0,0,0,0,0
3127,M13126,M,302.0,311.7,1560,39.0,194,0,0,0,0,0,0
3128,L13127,L,302.0,311.8,1443,44.1,197,0,0,0,0,0,0
3129,M13128,M,302.0,311.9,1629,35.9,199,1,1,0,0,0,0
3130,H13129,H,302.0,311.9,1602,38.1,0,0,0,0,0,0,0
3131,L13130,L,302.0,311.9,1704,38.1,5,0,0,0,0,0,0
3132,H13131,H,301.9,311.8,1656,36.8,7,0,0,0,0,0,0
3133,L13132,L,301.9,311.9,1522,35.6,12,0,0,0,0,0,0
3134,L13133,L,302.0,312.0,1388,47.6,14,0,0,0,0,0,0
3135,M13134,M,302.0,312.0,1824,22.3,16,0,0,0,0,0,0
3136,M13135,M,302.0,312.0,1302,55.7,19,0,0,0,0,0,0
3137,H13136,H,302.0,312.0,1463,41.4,22,0,0,0,0,0,0
3138,L13137,L,302.0,311.9,1405,46.1,27,0,0,0,0,0,0
3139,M13138,M,302.0,312.0,1345,47.3,29,0,0,0,0,0,0
3140,L13139,L,302.0,311.9,1625,32.9,32,0,0,0,0,0,0
3141,L13140,L,301.9,311.9,1662,30.9,34,0,0,0,0,0,0
3142,L13141,L,301.9,311.9,1696,29.7,36,0,0,0,0,0,0
3143,H13142,H,302.0,312.0,1514,37.5,38,0,0,0,0,0,0
3144,L13143,L,302.0,312.1,1474,47.0,43,0,0,0,0,0,0
3145,H13144,H,302.1,312.1,1664,34.2,45,0,0,0,0,0,0
3146,M13145,M,302.1,312.1,1354,46.1,50,0,0,0,0,0,0
3147,M13146,M,302.1,312.0,1942,16.3,53,1,0,0,1,0,0
3148,M13147,M,302.2,312.2,1516,36.1,56,0,0,0,0,0,0
3149,H13148,H,302.2,312.2,1415,51.7,59,0,0,0,0,0,0
3150,L13149,L,302.2,312.2,1657,38.3,64,0,0,0,0,0,0
3151,L13150,L,302.2,312.2,1676,31.7,66,0,0,0,0,0,0
3152,M13151,M,302.1,312.2,1602,33.4,68,0,0,0,0,0,0
3153,L13152,L,302.0,312.1,2016,9.7,71,1,0,0,1,0,0
3154,L13153,L,302.1,312.1,1685,29.9,73,1,0,0,0,0,1
3155,L13154,L,302.1,312.1,1352,50.6,75,0,0,0,0,0,0
3156,L13155,L,302.1,312.3,1714,34.2,77,0,0,0,0,0,0
3157,L13156,L,302.1,312.3,1670,35.4,79,0,0,0,0,0,0
3158,L13157,L,302.0,312.2,1989,16.7,81,1,0,0,1,0,0
3159,H13158,H,302.1,312.2,1825,23.7,83,0,0,0,0,0,0
3160,L13159,L,302.1,312.2,1271,51.9,88,0,0,0,0,0,0
3161,H13160,H,302.1,312.2,1390,46.2,90,0,0,0,0,0,0
3162,H13161,H,302.1,312.1,1762,27.0,95,0,0,0,0,0,0
3163,L13162,L,302.1,312.0,1578,33.7,100,0,0,0,0,0,0
3164,M13163,M,302.1,312.1,1560,39.7,102,0,0,0,0,0,0
3165,M13164,M,302.1,312.1,1786,28.0,105,0,0,0,0,0,0
3166,M13165,M,302.1,312.1,1909,20.0,108,0,0,0,0,0,0
3167,L13166,L,302.1,312.1,1593,38.4,111,0,0,0,0,0,0
3168,L13167,L,302.1,312.0,1336,45.7,113,0,0,0,0,0,0
3169,L13168,L,302.1,312.2,1512,45.9,115,0,0,0,0,0,0
3170,M13169,M,302.1,312.1,1302,48.8,117,0,0,0,0,0,0
3171,H13170,H,302.1,312.2,1794,24.5,120,0,0,0,0,0,0
3172,M13171,M,302.1,312.2,1563,40.6,125,0,0,0,0,0,0
3173,M13172,M,302.0,312.1,1604,37.3,128,0,0,0,0,0,0
3174,H13173,H,302.1,312.2,1481,39.1,131,0,0,0,0,0,0
3175,M13174,M,302.1,312.2,1513,37.9,136,0,0,0,0,0,0
3176,L13175,L,302.1,312.1,1666,33.4,139,0,0,0,0,0,0
3177,H13176,H,302.1,312.1,2080,9.8,141,1,0,0,1,0,0
3178,L13177,L,302.1,312.0,1279,51.6,146,0,0,0,0,0,0
3179,L13178,L,302.1,312.1,1504,43.3,148,0,0,0,0,0,0
3180,M13179,M,302.0,312.0,1706,25.2,150,0,0,0,0,0,0
3181,H13180,H,302.0,312.0,1492,44.7,153,0,0,0,0,0,0
3182,L13181,L,302.1,312.0,1565,35.5,158,0,0,0,0,0,0
3183,L13182,L,302.1,312.2,1614,35.8,160,0,0,0,0,0,0
3184,L13183,L,302.2,312.2,1664,32.3,162,0,0,0,0,0,0
3185,L13184,L,302.2,312.3,1512,45.4,164,0,0,0,0,0,0
3186,L13185,L,302.2,312.4,1688,32.0,166,0,0,0,0,0,0
3187,M13186,M,302.3,312.5,1691,29.0,168,0,0,0,0,0,0
3188,H13187,H,302.3,312.7,1366,51.3,171,0,0,0,0,0,0
3189,L13188,L,302.4,312.6,1688,38.2,176,0,0,0,0,0,0
3190,L13189,L,302.3,312.6,1604,38.5,178,0,0,0,0,0,0
3191,L13190,L,302.3,312.5,1417,46.9,180,0,0,0,0,0,0
3192,L13191,L,302.3,312.4,1605,33.3,182,0,0,0,0,0,0
3193,M13192,M,302.3,312.4,1583,35.3,184,0,0,0,0,0,0
3194,M13193,M,302.3,312.5,1524,43.1,187,0,0,0,0,0,0
3195,M13194,M,302.2,312.5,1751,24.6,190,0,0,0,0,0,0
3196,L13195,L,302.3,312.4,1501,42.2,193,0,0,0,0,0,0
3197,M13196,M,302.2,312.5,1747,32.4,195,0,0,0,0,0,0
3198,L13197,L,302.2,312.4,1401,48.6,198,0,0,0,0,0,0
3199,L13198,L,302.1,312.4,1385,45.5,200,0,0,0,0,0,0
3200,H13199,H,302.1,312.6,1589,44.1,202,0,0,0,0,0,0
3201,M13200,M,302.1,312.4,1910,23.9,207,0,0,0,0,0,0
3202,H13201,H,302.1,312.4,1584,39.0,210,0,0,0,0,0,0
3203,H13202,H,302.0,312.5,1809,28.2,215,0,0,0,0,0,0
3204,M13203,M,302.1,312.5,1529,39.6,220,0,0,0,0,0,0
3205,H13204,H,302.1,312.5,1972,16.8,0,1,0,0,1,0,0
3206,L13205,L,302.1,312.5,1776,24.6,5,0,0,0,0,0,0
3207,L13206,L,302.2,312.6,1260,51.9,7,0,0,0,0,0,0
3208,L13207,L,302.1,312.5,1620,43.7,9,0,0,0,0,0,0
3209,L13208,L,302.1,312.5,1520,36.5,11,0,0,0,0,0,0
3210,L13209,L,302.1,312.5,1709,30.9,13,0,0,0,0,0,0
3211,L13210,L,302.1,312.5,1738,29.2,15,0,0,0,0,0,0
3212,M13211,M,302.2,312.7,1533,42.0,17,0,0,0,0,0,0
3213,M13212,M,302.1,312.6,1591,36.6,20,0,0,0,0,0,0
3214,M13213,M,302.1,312.4,1271,55.5,23,0,0,0,0,0,0
3215,L13214,L,302.1,312.5,1577,38.2,26,0,0,0,0,0,0
3216,M13215,M,302.1,312.5,1555,40.6,28,0,0,0,0,0,0
3217,L13216,L,302.1,312.6,1774,26.1,31,0,0,0,0,0,0
3218,L13217,L,302.1,312.5,1596,36.4,33,0,0,0,0,0,0
3219,L13218,L,302.1,312.4,1434,41.8,35,0,0,0,0,0,0
3220,L13219,L,302.1,312.4,1714,36.3,37,0,0,0,0,0,0
3221,L13220,L,302.1,312.4,1651,35.1,39,0,0,0,0,0,0
3222,H13221,H,302.1,312.5,1494,43.3,41,0,0,0,0,0,0
3223,M13222,M,302.2,312.6,1246,55.1,46,0,0,0,0,0,0
3224,M13223,M,302.2,312.7,1457,41.4,49,0,0,0,0,0,0
3225,L13224,L,302.2,312.8,1391,51.4,52,0,0,0,0,0,0
3226,H13225,H,302.2,312.9,1423,46.2,54,0,0,0,0,0,0
3227,M13226,M,302.2,312.9,1388,50.8,59,0,0,0,0,0,0
3228,L13227,L,302.1,312.8,1566,33.9,62,0,0,0,0,0,0
3229,M13228,M,302.1,312.9,1660,37.9,64,0,0,0,0,0,0
3230,L13229,L,302.2,312.9,1623,38.0,67,0,0,0,0,0,0
3231,L13230,L,302.4,313.1,1441,45.5,69,0,0,0,0,0,0
3232,L13231,L,302.4,313.2,1429,47.9,71,0,0,0,0,0,0
3233,M13232,M,302.4,313.2,1558,41.3,73,0,0,0,0,0,0
3234,L13233,L,302.4,313.2,1314,48.8,76,0,0,0,0,0,0
3235,L13234,L,302.5,313.3,1728,34.4,78,0,0,0,0,0,0
3236,L13235,L,302.5,313.2,1414,48.9,80,0,0,0,0,0,0
3237,H13236,H,302.5,313.2,1326,50.2,82,0,0,0,0,0,0
3238,L13237,L,302.5,313.1,1362,46.8,87,0,0,0,0,0,0
3239,L13238,L,302.5,313.2,1570,41.3,89,0,0,0,0,0,0
3240,L13239,L,302.5,313.2,1429,47.1,91,0,0,0,0,0,0
3241,H13240,H,302.5,313.1,1717,31.1,93,0,0,0,0,0,0
3242,M13241,M,302.5,313.3,1506,42.0,98,0,0,0,0,0,0
3243,H13242,H,302.5,313.2,1431,43.0,101,0,0,0,0,0,0
3244,L13243,L,302.6,313.3,1793,26.7,106,0,0,0,0,0,0
3245,L13244,L,302.5,313.3,1446,44.7,108,0,0,0,0,0,0
3246,M13245,M,302.6,313.4,1749,27.5,110,0,0,0,0,0,0
3247,L13246,L,302.6,313.3,1744,35.7,113,0,0,0,0,0,0
3248,H13247,H,302.5,313.3,1580,40.4,115,0,0,0,0,0,0
3249,H13248,H,302.5,313.3,1714,32.7,120,0,0,0,0,0,0
3250,L13249,L,302.5,313.3,1676,40.8,125,0,0,0,0,0,0
3251,H13250,H,302.5,313.3,1548,40.7,127,0,0,0,0,0,0
3252,M13251,M,302.5,313.2,1684,31.8,132,0,0,0,0,0,0
3253,L13252,L,302.5,313.5,1403,45.7,135,0,0,0,0,0,0
3254,L13253,L,302.4,313.4,1643,32.4,137,0,0,0,0,0,0
3255,L13254,L,302.4,313.4,1100,62.9,139,0,0,0,0,0,0
3256,H13255,H,302.4,313.5,1601,38.9,141,0,0,0,0,0,0
3257,L13256,L,302.5,313.6,1666,28.3,146,0,0,0,0,0,0
3258,L13257,L,302.6,313.5,1756,30.2,148,0,0,0,0,0,0
3259,M13258,M,302.6,313.6,1340,51.5,150,0,0,0,0,0,0
3260,L13259,L,302.6,313.5,1615,35.9,153,0,0,0,0,0,0
3261,L13260,L,302.6,313.5,1768,26.4,155,0,0,0,0,0,0
3262,M13261,M,302.6,313.4,1470,48.5,157,0,0,0,0,0,0
3263,L13262,L,302.6,313.4,1676,35.8,160,0,0,0,0,0,0
3264,L13263,L,302.6,313.5,1425,46.5,162,0,0,0,0,0,0
3265,L13264,L,302.7,313.5,1329,49.4,164,0,0,0,0,0,0
3266,L13265,L,302.6,313.5,1543,42.7,166,0,0,0,0,0,0
3267,L13266,L,302.6,313.4,1100,64.0,168,0,0,0,0,0,0
3268,M13267,M,302.6,313.5,1744,22.8,170,0,0,0,0,0,0
3269,H13268,H,302.6,313.4,1705,31.8,173,0,0,0,0,0,0
3270,L13269,L,302.6,313.5,1650,37.4,178,0,0,0,0,0,0
3271,H13270,H,302.6,313.6,1131,62.6,180,0,0,0,0,0,0
3272,M13271,M,302.6,313.6,1255,58.0,185,0,0,0,0,0,0
3273,M13272,M,302.6,313.5,1296,52.9,188,0,0,0,0,0,0
3274,M13273,M,302.6,313.7,1713,32.1,191,0,0,0,0,0,0
3275,M13274,M,302.7,313.7,1714,33.2,194,0,0,0,0,0,0
3276,H13275,H,302.7,313.7,1664,31.7,197,0,0,0,0,0,0
3277,L13276,L,302.7,313.7,1614,32.2,202,0,0,0,0,0,0
3278,M13277,M,302.6,313.7,1203,54.9,204,0,0,0,0,0,0
3279,L13278,L,302.6,313.7,1631,37.6,207,0,0,0,0,0,0
3280,L13279,L,302.7,313.7,1493,38.9,209,0,0,0,0,0,0
3281,M13280,M,302.6,313.7,1427,47.7,211,0,0,0,0,0,0
3282,L13281,L,302.7,313.7,1864,23.4,214,1,1,0,0,0,0
3283,L13282,L,302.7,313.7,1501,40.5,0,0,0,0,0,0,0
3284,L13283,L,302.7,313.8,1715,29.0,2,0,0,0,0,0,0
3285,L13284,L,302.7,313.9,1644,37.1,4,0,0,0,0,0,0
3286,M13285,M,302.7,313.9,1593,34.1,6,0,0,0,0,0,0
3287,M13286,M,302.7,313.8,1596,33.6,9,0,0,0,0,0,0
3288,L13287,L,302.7,313.7,1487,42.3,12,0,0,0,0,0,0
3289,L13288,L,302.7,313.6,1572,42.2,14,0,0,0,0,0,0
3290,L13289,L,302.7,313.7,1665,37.8,16,0,0,0,0,0,0
3291,L13290,L,302.6,313.7,1469,43.7,18,0,0,0,0,0,0
3292,M13291,M,302.6,313.7,1646,31.3,20,0,0,0,0,0,0
3293,M13292,M,302.5,313.7,1482,46.8,23,0,0,0,0,0,0
3294,L13293,L,302.5,313.6,1480,37.9,26,0,0,0,0,0,0
3295,L13294,L,302.5,313.7,1634,35.2,28,0,0,0,0,0,0
3296,H13295,H,302.5,313.8,1671,32.1,30,0,0,0,0,0,0
3297,M13296,M,302.6,313.8,1651,37.6,35,0,0,0,0,0,0
3298,L13297,L,302.6,313.8,1298,58.7,38,0,0,0,0,0,0
3299,L13298,L,302.6,313.8,1496,39.4,40,0,0,0,0,0,0
3300,L13299,L,302.6,313.8,1742,28.6,42,0,0,0,0,0,0
3301,H13300,H,302.6,313.7,1350,49.2,44,0,0,0,0,0,0
3302,L13301,L,302.5,313.6,1602,35.3,49,0,0,0,0,0,0
3303,L13302,L,302.5,313.5,1524,42.8,51,0,0,0,0,0,0
3304,H13303,H,302.5,313.5,1622,33.9,53,0,0,0,0,0,0
3305,M13304,M,302.6,313.6,1331,52.8,58,0,0,0,0,0,0
3306,L13305,L,302.6,313.7,1692,34.1,61,0,0,0,0,0,0
3307,L13306,L,302.6,313.7,1385,54.0,63,0,0,0,0,0,0
3308,L13307,L,302.6,313.7,1733,29.5,65,0,0,0,0,0,0
3309,M13308,M,302.6,313.6,1594,37.1,67,0,0,0,0,0,0
3310,L13309,L,302.6,313.6,1238,54.0,70,0,0,0,0,0,0
3311,H13310,H,302.6,313.6,1598,41.7,72,0,0,0,0,0,0
3312,H13311,H,302.6,313.6,1179,62.7,77,0,0,0,0,0,0
3313,M13312,M,302.7,313.6,1591,37.3,82,0,0,0,0,0,0
3314,M13313,M,302.8,313.7,1499,42.6,85,0,0,0,0,0,0
3315,L13314,L,302.7,313.7,1234,59.1,88,0,0,0,0,0,0
3316,L13315,L,302.7,313.6,1839,24.9,90,0,0,0,0,0,0
3317,M13316,M,302.6,313.6,1867,23.6,92,0,0,0,0,0,0
3318,L13317,L,302.7,313.6,1763,32.0,95,0,0,0,0,0,0
3319,L13318,L,302.8,313.6,1413,48.1,97,0,0,0,0,0,0
3320,L13319,L,302.7,313.6,1910,23.9,99,0,0,0,0,0,0
3321,L13320,L,302.8,313.6,1496,46.0,101,0,0,0,0,0,0
3322,L13321,L,302.8,313.6,1445,45.3,103,0,0,0,0,0,0
3323,M13322,M,302.7,313.6,1102,60.1,105,0,0,0,0,0,0
3324,H13323,H,302.7,313.6,1365,50.5,108,0,0,0,0,0,0
3325,M13324,M,302.7,313.6,1563,43.6,113,0,0,0,0,0,0
3326,H13325,H,302.6,313.6,1264,53.6,116,0,0,0,0,0,0
3327,L13326,L,302.6,313.5,1451,45.4,121,0,0,0,0,0,0
3328,H13327,H,302.6,313.6,1625,35.4,123,0,0,0,0,0,0
3329,M13328,M,302.6,313.6,1785,28.6,128,0,0,0,0,0,0
3330,L13329,L,302.6,313.7,1613,34.3,131,0,0,0,0,0,0
3331,H13330,H,302.7,313.7,1496,39.6,133,0,0,0,0,0,0
3332,L13331,L,302.7,313.7,1540,41.8,138,0,0,0,0,0,0
3333,L13332,L,302.7,313.6,1860,18.6,140,0,0,0,0,0,0
3334,L13333,L,302.7,313.7,1473,37.8,142,0,0,0,0,0,0
3335,L13334,L,302.8,313.8,1636,40.3,144,0,0,0,0,0,0
3336,L13335,L,302.8,313.8,1497,45.5,146,0,0,0,0,0,0
3337,M13336,M,302.9,313.8,1367,56.3,148,0,0,0,0,0,0
3338,H13337,H,302.9,313.8,1555,41.9,151,0,0,0,0,0,0
3339,L13338,L,302.8,313.7,1731,30.9,156,0,0,0,0,0,0
3340,M13339,M,302.8,313.7,1868,21.8,158,0,0,0,0,0,0
3341,L13340,L,302.9,313.7,1411,46.9,161,0,0,0,0,0,0
3342,H13341,H,302.8,313.6,1714,31.3,163,0,0,0,0,0,0
3343,L13342,L,302.7,313.6,1360,48.7,168,0,0,0,0,0,0
3344,L13343,L,302.7,313.6,1241,54.0,170,0,0,0,0,0,0
3345,M13344,M,302.7,313.6,1782,24.6,172,0,0,0,0,0,0
3346,M13345,M,302.7,313.6,1516,45.5,175,0,0,0,0,0,0
3347,M13346,M,302.7,313.6,1249,52.9,178,0,0,0,0,0,0
3348,M13347,M,302.7,313.8,1297,50.2,181,0,0,0,0,0,0
3349,M13348,M,302.7,313.7,1928,19.0,184,0,0,0,0,0,0
3350,L13349,L,302.7,313.6,1660,31.5,187,0,0,0,0,0,0
3351,L13350,L,302.7,313.7,1783,27.2,189,0,0,0,0,0,0
3352,L13351,L,302.7,313.7,1504,45.2,191,0,0,0,0,0,0
3353,L13352,L,302.7,313.6,1494,44.1,193,0,0,0,0,0,0
3354,L13353,L,302.6,313.5,1961,13.0,195,1,0,0,1,0,0
3355,L13354,L,302.6,313.4,1661,37.0,197,0,0,0,0,0,0
3356,L13355,L,302.7,313.5,1443,48.0,199,0,0,0,0,0,0
3357,M13356,M,302.6,313.5,1514,41.5,201,0,0,0,0,0,0
3358,L13357,L,302.7,313.6,1512,41.5,204,0,0,0,0,0,0
3359,M13358,M,302.7,313.7,1621,36.4,206,0,0,0,0,0,0
3360,M13359,M,302.7,313.8,1701,29.4,209,1,1,0,0,0,0
3361,L13360,L,302.7,313.7,1450,39.8,0,0,0,0,0,0,0
3362,L13361,L,302.7,313.8,1571,40.5,2,0,0,0,0,0,0
3363,M13362,M,302.7,313.7,1472,46.2,4,0,0,0,0,0,0
3364,M13363,M,302.6,313.6,1291,47.0,7,0,0,0,0,0,0
3365,L13364,L,302.7,313.6,1552,40.9,10,0,0,0,0,0,0
3366,L13365,L,302.7,313.5,1450,50.9,12,0,0,0,0,0,0
3367,M13366,M,302.7,313.6,1539,36.3,14,0,0,0,0,0,0
3368,M13367,M,302.7,313.5,1779,25.6,17,0,0,0,0,0,0
3369,L13368,L,302.6,313.5,1447,44.8,20,0,0,0,0,0,0
3370,L13369,L,302.6,313.5,1609,41.3,22,0,0,0,0,0,0
3371,H13370,H,302.6,313.4,1516,45.0,24,0,0,0,0,0,0
3372,L13371,L,302.6,313.4,1704,27.4,29,0,0,0,0,0,0
3373,H13372,H,302.6,313.3,1253,57.9,31,0,0,0,0,0,0
3374,L13373,L,302.5,313.3,1546,47.1,36,0,0,0,0,0,0
3375,M13374,M,302.6,313.4,1552,37.1,38,0,0,0,0,0,0
3376,L13375,L,302.6,313.4,1696,30.6,41,0,0,0,0,0,0
3377,L13376,L,302.6,313.3,1384,50.8,43,0,0,0,0,0,0
3378,H13377,H,302.6,313.4,1691,29.0,45,0,0,0,0,0,0
3379,L13378,L,302.6,313.5,1252,62.6,50,0,0,0,0,0,0
3380,H13379,H,302.5,313.4,1616,33.9,52,0,0,0,0,0,0
3381,L13380,L,302.5,313.4,1168,57.2,57,0,0,0,0,0,0
3382,H13381,H,302.5,313.4,1540,38.2,59,0,0,0,0,0,0
3383,H13382,H,302.5,313.4,1306,55.8,64,0,0,0,0,0,0
3384,M13383,M,302.4,313.3,1618,32.7,69,0,0,0,0,0,0
3385,L13384,L,302.4,313.4,1552,40.2,72,0,0,0,0,0,0
3386,M13385,M,302.4,313.4,1433,48.0,74,0,0,0,0,0,0
3387,M13386,M,302.4,313.4,1358,46.6,77,0,0,0,0,0,0
3388,H13387,H,302.5,313.4,1319,51.0,80,0,0,0,0,0,0
3389,L13388,L,302.5,313.4,1640,35.1,85,0,0,0,0,0,0
3390,L13389,L,302.7,313.5,1563,40.8,87,0,0,0,0,0,0
3391,L13390,L,302.8,313.6,1296,52.5,89,0,0,0,0,0,0
3392,M13391,M,302.8,313.5,1666,32.9,91,0,0,0,0,0,0
3393,H13392,H,302.8,313.5,1425,45.7,94,0,0,0,0,0,0
3394,L13393,L,302.9,313.5,1616,37.8,99,0,0,0,0,0,0
3395,M13394,M,302.9,313.6,1532,42.1,101,0,0,0,0,0,0
3396,H13395,H,302.9,313.6,1503,40.8,104,0,0,0,0,0,0
3397,L13396,L,302.9,313.6,1699,32.1,109,0,0,0,0,0,0
3398,L13397,L,302.9,313.6,1559,37.4,111,0,0,0,0,0,0
3399,M13398,M,302.8,313.4,1539,41.4,113,0,0,0,0,0,0
3400,M13399,M,302.8,313.4,1582,39.0,116,0,0,0,0,0,0
3401,L13400,L,302.9,313.4,1403,55.7,119,0,0,0,0,0,0
3402,H13401,H,302.9,313.5,1347,50.1,121,0,0,0,0,0,0
3403,M13402,M,302.9,313.4,1481,42.9,126,0,0,0,0,0,0
3404,H13403,H,302.9,313.5,1632,32.4,129,0,0,0,0,0,0
3405,H13404,H,302.9,313.4,1620,31.8,134,0,0,0,0,0,0
3406,H13405,H,303.0,313.5,1177,59.7,139,0,0,0,0,0,0
3407,M13406,M,302.9,313.4,1747,29.9,144,0,0,0,0,0,0
3408,L13407,L,302.9,313.4,1560,41.1,147,0,0,0,0,0,0
3409,M13408,M,302.9,313.5,1493,43.6,149,0,0,0,0,0,0
3410,L13409,L,302.9,313.6,1574,36.9,152,0,0,0,0,0,0
3411,M13410,M,303.0,313.6,1681,30.0,154,0,0,0,0,0,0
3412,L13411,L,303.0,313.6,1620,32.2,157,0,0,0,0,0,0
3413,M13412,M,303.0,313.7,1600,34.5,159,0,0,0,0,0,0
3414,L13413,L,302.9,313.5,1586,32.9,162,0,0,0,0,0,0
3415,L13414,L,302.9,313.5,1388,53.3,164,0,0,0,0,0,0
3416,L13415,L,302.9,313.4,1642,39.9,166,0,0,0,0,0,0
3417,M13416,M,302.9,313.4,1519,34.8,168,0,0,0,0,0,0
3418,M13417,M,302.9,313.3,1536,41.1,171,0,0,0,0,0,0
3419,L13418,L,302.9,313.3,1440,46.7,174,0,0,0,0,0,0
3420,H13419,H,302.9,313.4,1608,36.6,176,0,0,0,0,0,0
3421,H13420,H,302.9,313.3,1351,49.0,181,0,0,0,0,0,0
3422,L13421,L,302.9,313.4,1811,27.3,186,0,0,0,0,0,0
3423,M13422,M,302.9,313.5,1362,51.7,188,0,0,0,0,0,0
3424,L13423,L,302.8,313.5,1597,39.9,191,0,0,0,0,0,0
3425,L13424,L,302.8,313.4,1505,39.5,193,0,0,0,0,0,0
3426,M13425,M,302.8,313.3,1579,33.1,195,0,0,0,0,0,0
3427,L13426,L,302.8,313.2,1771,27.7,198,0,0,0,0,0,0
3428,H13427,H,302.8,313.3,1768,23.3,200,0,0,0,0,0,0
3429,H13428,H,302.8,313.3,1727,32.4,205,0,0,0,0,0,0
3430,H13429,H,302.9,313.4,1319,45.9,210,1,1,0,0,0,0
3431,M13430,M,302.9,313.4,1675,30.4,0,0,0,0,0,0,0
3432,M13431,M,302.9,313.4,1767,24.5,3,0,0,0,0,0,0
3433,H13432,H,302.9,313.4,1674,30.9,6,0,0,0,0,0,0
3434,L13433,L,302.9,313.3,1618,36.2,11,0,0,0,0,0,0
3435,L13434,L,302.9,313.4,1619,36.5,13,0,0,0,0,0,0
3436,M13435,M,302.9,313.5,1596,38.7,15,0,0,0,0,0,0
3437,L13436,L,303.0,313.5,1405,50.3,18,0,0,0,0,0,0
3438,L13437,L,303.1,313.5,1316,52.5,20,0,0,0,0,0,0
3439,L13438,L,303.1,313.5,1315,60.1,22,0,0,0,0,0,0
3440,M13439,M,303.1,313.5,1892,23.8,24,0,0,0,0,0,0
3441,L13440,L,303.1,313.4,1666,31.4,27,0,0,0,0,0,0
3442,L13441,L,303.0,313.4,1412,47.0,29,0,0,0,0,0,0
3443,L13442,L,303.0,313.4,1597,35.5,31,0,0,0,0,0,0
3444,L13443,L,303.1,313.5,1412,48.6,33,0,0,0,0,0,0
3445,H13444,H,303.0,313.5,1448,42.1,35,0,0,0,0,0,0
3446,L13445,L,303.1,313.6,1225,55.8,40,0,0,0,0,0,0
3447,M13446,M,303.1,313.7,1240,50.4,42,0,0,0,0,0,0
3448,M13447,M,303.1,313.7,1335,50.6,45,0,0,0,0,0,0
3449,L13448,L,303.1,313.8,1668,35.9,48,0,0,0,0,0,0
3450,H13449,H,303.1,313.7,1546,39.0,50,0,0,0,0,0,0
3451,M13450,M,303.1,313.6,1585,36.9,55,0,0,0,0,0,0
3452,M13451,M,302.9,313.6,1810,24.9,58,0,0,0,0,0,0
3453,L13452,L,302.9,313.5,1232,54.7,61,0,0,0,0,0,0
3454,L13453,L,303.0,313.6,1413,47.5,63,0,0,0,0,0,0
3455,H13454,H,303.0,313.5,1646,36.5,65,0,0,0,0,0,0
3456,M13455,M,303.0,313.5,1333,53.0,70,0,0,0,0,0,0
3457,H13456,H,303.0,313.6,1700,33.7,73,0,0,0,0,0,0
3458,H13457,H,303.1,313.6,1921,21.6,78,0,0,0,0,0,0
3459,L13458,L,303.0,313.6,1404,50.1,83,0,0,0,0,0,0
3460,M13459,M,303.0,313.6,1716,27.2,85,0,0,0,0,0,0
3461,L13460,L,303.0,313.7,1552,38.0,88,0,0,0,0,0,0
3462,M13461,M,303.0,313.6,1611,42.1,90,0,0,0,0,0,0
3463,L13462,L,303.0,313.7,1490,43.9,93,0,0,0,0,0,0
3464,L13463,L,303.0,313.7,1404,48.5,95,0,0,0,0,0,0
3465,M13464,M,302.9,313.7,1391,45.8,97,0,0,0,0,0,0
3466,M13465,M,302.9,313.6,1439,45.5,100,0,0,0,0,0,0
3467,M13466,M,302.8,313.6,1713,32.1,103,0,0,0,0,0,0
3468,L13467,L,302.8,313.6,1489,42.9,106,0,0,0,0,0,0
3469,L13468,L,302.7,313.6,1765,24.9,108,0,0,0,0,0,0
3470,H13469,H,302.7,313.5,1256,55.6,110,0,0,0,0,0,0
3471,L13470,L,302.7,313.5,1843,26.0,115,0,0,0,0,0,0
3472,L13471,L,302.6,313.4,1634,36.5,117,0,0,0,0,0,0
3473,M13472,M,302.6,313.4,1792,26.8,119,0,0,0,0,0,0
3474,L13473,L,302.6,313.4,1687,32.7,122,0,0,0,0,0,0
3475,M13474,M,302.6,313.3,1470,40.1,124,0,0,0,0,0,0
3476,L13475,L,302.5,313.3,1643,34.7,127,0,0,0,0,0,0
3477,H13476,H,302.5,313.3,1403,51.4,129,0,0,0,0,0,0
3478,H13477,H,302.6,313.4,1485,42.3,134,0,0,0,0,0,0
3479,H13478,H,302.6,313.3,1671,35.4,139,0,0,0,0,0,0
3480,M13479,M,302.6,313.3,1591,38.7,144,0,0,0,0,0,0
3481,L13480,L,302.7,313.4,1377,52.2,147,0,0,0,0,0,0
3482,M13481,M,302.7,313.4,1386,49.1,149,0,0,0,0,0,0
3483,H13482,H,302.7,313.4,1781,28.6,152,0,0,0,0,0,0
3484,M13483,M,302.6,313.3,1572,33.2,157,0,0,0,0,0,0
3485,M13484,M,302.6,313.3,1459,44.7,160,0,0,0,0,0,0
3486,M13485,M,302.6,313.4,1518,43.5,163,0,0,0,0,0,0
3487,M13486,M,302.6,313.5,1733,29.5,166,0,0,0,0,0,0
3488,M13487,M,302.6,313.5,1472,47.5,169,0,0,0,0,0,0
3489,L13488,L,302.6,313.5,1681,31.1,172,0,0,0,0,0,0
3490,L13489,L,302.6,313.5,1286,53.0,174,0,0,0,0,0,0
3491,M13490,M,302.7,313.6,1356,45.3,176,0,0,0,0,0,0
3492,L13491,L,302.7,313.6,1715,28.7,179,0,0,0,0,0,0
3493,H13492,H,302.7,313.7,1657,34.7,181,0,0,0,0,0,0
3494,M13493,M,302.8,313.7,1673,34.5,186,0,0,0,0,0,0
3495,L13494,L,302.9,313.9,1433,41.6,189,0,0,0,0,0,0
3496,H13495,H,302.8,313.8,1638,38.0,191,0,0,0,0,0,0
3497,M13496,M,302.8,313.7,1678,28.5,196,0,0,0,0,0,0
3498,M13497,M,302.7,313.6,1768,26.1,199,0,0,0,0,0,0
3499,L13498,L,302.7,313.7,1413,45.5,202,0,0,0,0,0,0
3500,H13499,H,302.7,313.7,1513,42.9,204,0,0,0,0,0,0
3501,L13500,L,302.7,313.7,1525,41.1,0,0,0,0,0,0,0
3502,M13501,M,302.7,313.8,1530,42.7,2,0,0,0,0,0,0
3503,L13502,L,302.7,313.8,1746,33.8,5,0,0,0,0,0,0
3504,M13503,M,302.7,313.8,1529,41.8,7,0,0,0,0,0,0
3505,M13504,M,302.8,313.9,1100,65.4,10,0,0,0,0,0,0
3506,M13505,M,302.7,313.9,1364,51.7,13,0,0,0,0,0,0
3507,L13506,L,302.7,313.8,1696,37.1,16,0,0,0,0,0,0
3508,H13507,H,302.7,313.9,1664,34.8,18,0,0,0,0,0,0
3509,M13508,M,302.8,314.0,2077,11.4,23,1,0,0,1,0,0
3510,L13509,L,302.8,313.9,1267,50.7,26,0,0,0,0,0,0
3511,H13510,H,302.7,313.9,1426,47.9,28,0,0,0,0,0,0
3512,M13511,M,302.7,313.8,1615,34.6,33,0,0,0,0,0,0
3513,H13512,H,302.7,313.9,1743,25.7,36,0,0,0,0,0,0
3514,H13513,H,302.7,313.8,1733,28.4,41,0,0,0,0,0,0
3515,H13514,H,302.8,313.9,1469,44.4,46,0,0,0,0,0,0
3516,M13515,M,302.7,313.9,1518,39.1,51,0,0,0,0,0,0
3517,M13516,M,302.7,313.9,1431,46.9,54,0,0,0,0,0,0
3518,L13517,L,302.6,313.9,1514,40.9,57,0,0,0,0,0,0
3519,M13518,M,302.5,313.8,1413,49.7,59,0,0,0,0,0,0
3520,M13519,M,302.5,313.8,1488,43.7,62,0,0,0,0,0,0
3521,M13520,M,302.5,313.8,1418,48.3,65,0,0,0,0,0,0
3522,H13521,H,302.5,313.7,1948,19.1,68,0,0,0,0,0,0
3523,L13522,L,302.6,313.8,1779,27.7,73,0,0,0,0,0,0
3524,L13523,L,302.5,313.9,1600,36.4,75,0,0,0,0,0,0
3525,M13524,M,302.5,313.9,1238,50.8,77,0,0,0,0,0,0
3526,L13525,L,302.5,314.1,1247,58.8,80,0,0,0,0,0,0
3527,L13526,L,302.6,314.2,1515,38.4,82,0,0,0,0,0,0
3528,L13527,L,302.5,314.1,1637,33.9,84,0,0,0,0,0,0
3529,H13528,H,302.4,314.0,1891,20.5,86,0,0,0,0,0,0
3530,L13529,L,302.6,314.2,1466,48.6,91,0,0,0,0,0,0
3531,L13530,L,302.6,314.2,1735,34.5,93,0,0,0,0,0,0
3532,L13531,L,302.6,314.2,1100,69.6,95,0,0,0,0,0,0
3533,L13532,L,302.7,314.2,1590,32.6,97,0,0,0,0,0,0
3534,L13533,L,302.7,314.2,1198,61.1,99,0,0,0,0,0,0
3535,M13534,M,302.8,314.4,1424,47.5,101,0,0,0,0,0,0
3536,M13535,M,302.8,314.4,1646,29.7,104,0,0,0,0,0,0
3537,L13536,L,302.8,314.4,1498,42.3,107,0,0,0,0,0,0
3538,M13537,M,302.9,314.5,1440,47.7,109,0,0,0,0,0,0
3539,L13538,L,302.8,314.4,1508,37.7,112,0,0,0,0,0,0
3540,L13539,L,302.9,314.4,1340,48.4,114,0,0,0,0,0,0
3541,H13540,H,302.8,314.3,1363,48.2,116,0,0,0,0,0,0
3542,M13541,M,302.9,314.4,1425,46.0,121,0,0,0,0,0,0
3543,H13542,H,302.8,314.4,1580,39.8,124,0,0,0,0,0,0
3544,L13543,L,302.8,314.3,1720,28.3,129,0,0,0,0,0,0
3545,L13544,L,302.8,314.3,1554,39.2,131,0,0,0,0,0,0
3546,L13545,L,302.8,314.4,1634,41.8,133,0,0,0,0,0,0
3547,L13546,L,302.8,314.4,1804,21.2,135,0,0,0,0,0,0
3548,H13547,H,302.8,314.3,1473,41.7,137,0,0,0,0,0,0
3549,L13548,L,302.7,314.4,1592,39.0,142,0,0,0,0,0,0
3550,H13549,H,302.7,314.4,1814,27.0,144,0,0,0,0,0,0
3551,H13550,H,302.7,314.4,1618,36.7,149,0,0,0,0,0,0
3552,M13551,M,302.7,314.4,1692,36.9,154,0,0,0,0,0,0
3553,L13552,L,302.7,314.3,1228,59.3,157,0,0,0,0,0,0
3554,M13553,M,302.7,314.2,1390,42.2,159,0,0,0,0,0,0
3555,L13554,L,302.7,314.2,1367,50.4,162,0,0,0,0,0,0
3556,M13555,M,302.6,314.2,1526,38.8,164,0,0,0,0,0,0
3557,L13556,L,302.6,314.2,1934,21.3,167,0,0,0,0,0,0
3558,H13557,H,302.6,314.3,1478,46.7,169,0,0,0,0,0,0
3559,M13558,M,302.6,314.2,1561,33.4,174,0,0,0,0,0,0
3560,M13559,M,302.6,314.1,1671,36.6,177,0,0,0,0,0,0
3561,M13560,M,302.6,314.1,1770,29.5,180,0,0,0,0,0,0
3562,M13561,M,302.6,314.0,1507,40.7,183,0,0,0,0,0,0
3563,H13562,H,302.6,314.0,1352,50.7,186,0,0,0,0,0,0
3564,L13563,L,302.6,313.9,1457,49.3,191,0,0,0,0,0,0
3565,H13564,H,302.7,314.0,1158,55.9,193,0,0,0,0,0,0
3566,H13565,H,302.7,313.9,1269,57.3,198,0,0,0,0,0,0
3567,H13566,H,302.6,314.0,1947,19.5,203,0,0,0,0,0,0
3568,L13567,L,302.7,314.1,1736,28.1,208,0,0,0,0,0,0
3569,H13568,H,302.6,314.0,1882,21.9,210,0,0,0,0,0,0
3570,L13569,L,302.7,314.2,1436,46.3,215,0,0,0,0,0,0
3571,M13570,M,302.7,314.1,1612,33.1,217,0,0,0,0,0,0
3572,L13571,L,302.7,314.1,1576,35.1,0,0,0,0,0,0,0
3573,L13572,L,302.6,314.1,1615,37.8,2,0,0,0,0,0,0
3574,L13573,L,302.5,314.0,1437,43.8,4,0,0,0,0,0,0
3575,L13574,L,302.5,314.0,1705,25.1,6,0,0,0,0,0,0
3576,L13575,L,302.5,314.0,1759,27.4,8,0,0,0,0,0,0
3577,H13576,H,302.5,313.9,1509,40.0,10,0,0,0,0,0,0
3578,L13577,L,302.5,314.1,1267,52.0,15,0,0,0,0,0,0
3579,M13578,M,302.6,314.2,1546,39.7,17,0,0,0,0,0,0
3580,L13579,L,302.6,314.2,1716,32.1,20,0,0,0,0,0,0
3581,M13580,M,302.6,314.3,1904,18.5,22,0,0,0,0,0,0
3582,M13581,M,302.6,314.2,1316,49.5,25,0,0,0,0,0,0
3583,L13582,L,302.6,314.2,1690,32.6,28,0,0,0,0,0,0
3584,M13583,M,302.6,314.2,1791,28.5,30,0,0,0,0,0,0
3585,H13584,H,302.6,314.3,1953,22.8,33,0,0,0,0,0,0
3586,H13585,H,302.5,314.2,1863,25.6,38,0,0,0,0,0,0
3587,L13586,L,302.5,314.2,1645,30.4,43,0,0,0,0,0,0
3588,L13587,L,302.5,314.2,1627,37.6,45,0,0,0,0,0,0
3589,M13588,M,302.5,314.3,1758,27.9,47,0,0,0,0,0,0
3590,L13589,L,302.5,314.2,1442,41.9,50,0,0,0,0,0,0
3591,H13590,H,302.6,314.3,1596,37.5,52,0,0,0,0,0,0
3592,L13591,L,302.6,314.4,1267,62.2,57,0,0,0,0,0,0
3593,H13592,H,302.7,314.5,1895,23.0,59,0,0,0,0,0,0
3594,L13593,L,302.7,314.5,1454,41.6,64,0,0,0,0,0,0
3595,L13594,L,302.7,314.5,1509,41.7,66,0,0,0,0,0,0
3596,H13595,H,302.6,314.4,1741,29.7,68,0,0,0,0,0,0
3597,H13596,H,302.7,314.3,1425,41.0,73,0,0,0,0,0,0
3598,H13597,H,302.7,314.5,1312,47.7,78,0,0,0,0,0,0
3599,H13598,H,302.7,314.5,1530,41.0,83,0,0,0,0,0,0
3600,L13599,L,302.6,314.5,1312,53.8,88,0,0,0,0,0,0
3601,L13600,L,302.7,314.4,1806,18.2,90,1,0,0,1,0,0
3602,L13601,L,302.7,314.5,1703,31.6,92,0,0,0,0,0,0
3603,M13602,M,302.7,314.4,1348,54.8,94,0,0,0,0,0,0
3604,L13603,L,302.6,314.4,1371,49.1,97,0,0,0,0,0,0
3605,H13604,H,302.6,314.5,1449,45.4,99,0,0,0,0,0,0
3606,L13605,L,302.7,314.5,1360,52.3,104,0,0,0,0,0,0
3607,L13606,L,302.6,314.6,1888,20.8,106,0,0,0,0,0,0
3608,L13607,L,302.6,314.6,1309,48.0,108,0,0,0,0,0,0
3609,L13608,L,302.6,314.5,1306,50.6,110,0,0,0,0,0,0
3610,L13609,L,302.6,314.5,1628,33.4,112,0,0,0,0,0,0
3611,M13610,M,302.6,314.4,1100,66.3,114,0,0,0,0,0,0
3612,L13611,L,302.5,314.4,1587,42.0,117,0,0,0,0,0,0
3613,M13612,M,302.5,314.3,1946,18.1,119,0,0,0,0,0,0
3614,H13613,H,302.6,314.3,1411,43.8,122,0,0,0,0,0,0
3615,M13614,M,302.6,314.2,1648,32.8,127,0,0,0,0,0,0
3616,M13615,M,302.6,314.2,1403,51.6,130,0,0,0,0,0,0
3617,L13616,L,302.6,314.2,1409,45.5,133,0,0,0,0,0,0
3618,L13617,L,302.5,314.2,1687,34.0,135,0,0,0,0,0,0
3619,L13618,L,302.5,314.0,1360,55.0,137,0,0,0,0,0,0
3620,H13619,H,302.4,313.9,1446,49.4,139,0,0,0,0,0,0
3621,M13620,M,302.4,313.9,1689,31.7,144,0,0,0,0,0,0
3622,L13621,L,302.5,313.9,1634,38.5,147,0,0,0,0,0,0
3623,L13622,L,302.5,314.1,1421,45.2,149,0,0,0,0,0,0
3624,H13623,H,302.5,314.0,1739,36.4,151,0,0,0,0,0,0
3625,M13624,M,302.5,314.0,1608,36.7,156,0,0,0,0,0,0
3626,M13625,M,302.5,314.0,1596,40.4,159,0,0,0,0,0,0
3627,H13626,H,302.6,314.1,1699,29.3,162,0,0,0,0,0,0
3628,M13627,M,302.6,314.0,1946,17.7,167,0,0,0,0,0,0
3629,M13628,M,302.6,314.1,1528,42.4,170,0,0,0,0,0,0
3630,L13629,L,302.6,314.0,1824,20.1,173,0,0,0,0,0,0
3631,L13630,L,302.6,314.0,1653,30.1,175,0,0,0,0,0,0
3632,H13631,H,302.5,314.0,1828,22.3,177,0,0,0,0,0,0
3633,M13632,M,302.4,313.9,1880,23.5,182,0,0,0,0,0,0
3634,L13633,L,302.4,313.9,1363,44.3,185,0,0,0,0,0,0
3635,M13634,M,302.4,313.9,1556,37.8,187,0,0,0,0,0,0
3636,L13635,L,302.4,313.9,1655,37.4,190,0,0,0,0,0,0
3637,H13636,H,302.5,314.1,1693,26.8,192,0,0,0,0,0,0
3638,L13637,L,302.6,314.1,1720,33.4,197,0,0,0,0,0,0
3639,H13638,H,302.6,314.0,1411,43.8,199,0,0,0,0,0,0
3640,M13639,M,302.6,314.0,1496,39.5,204,0,0,0,0,0,0
3641,L13640,L,302.6,314.0,1390,48.2,207,0,0,0,0,0,0
3642,L13641,L,302.6,314.1,1479,49.7,209,0,0,0,0,0,0
3643,H13642,H,302.6,314.0,1545,37.5,211,0,0,0,0,0,0
3644,L13643,L,302.6,314.0,1756,21.5,216,0,0,0,0,0,0
3645,L13644,L,302.6,313.9,1588,32.4,218,0,0,0,0,0,0
3646,M13645,M,302.5,313.8,1607,39.0,220,0,0,0,0,0,0
3647,L13646,L,302.5,313.7,1594,32.2,223,0,0,0,0,0,0
3648,L13647,L,302.4,313.7,1784,29.5,225,0,0,0,0,0,0
3649,L13648,L,302.4,313.7,1530,40.7,227,1,1,0,0,0,0
3650,H13649,H,302.4,313.8,1123,64.3,0,0,0,0,0,0,0
3651,L13650,L,302.4,313.8,1638,35.1,5,0,0,0,0,0,0
3652,L13651,L,302.4,313.9,1494,40.0,7,0,0,0,0,0,0
3653,L13652,L,302.3,313.8,1769,26.9,9,0,0,0,0,0,0
3654,L13653,L,302.3,313.7,1260,52.4,11,0,0,0,0,0,0
3655,L13654,L,302.4,313.7,1465,48.7,13,0,0,0,0,0,0
3656,L13655,L,302.3,313.6,1344,48.1,15,0,0,0,0,0,0
3657,L13656,L,302.4,313.7,1331,53.6,17,0,0,0,0,0,0
3658,L13657,L,302.4,313.7,1553,35.7,19,0,0,0,0,0,0
3659,H13658,H,302.3,313.6,1560,37.0,21,0,0,0,0,0,0
3660,L13659,L,302.3,313.6,1226,57.1,26,0,0,0,0,0,0
3661,L13660,L,302.3,313.7,1597,46.3,28,0,0,0,0,0,0
3662,H13661,H,302.4,313.7,1915,17.8,30,0,0,0,0,0,0
3663,H13662,H,302.3,313.7,1415,44.5,35,0,0,0,0,0,0
3664,M13663,M,302.3,313.8,1612,34.2,40,0,0,0,0,0,0
3665,L13664,L,302.3,313.7,1301,49.0,43,0,0,0,0,0,0
3666,L13665,L,302.3,313.7,1459,44.1,45,0,0,0,0,0,0
3667,L13666,L,302.4,313.8,1937,22.6,47,0,0,0,0,0,0
3668,L13667,L,302.4,313.9,1511,42.7,49,0,0,0,0,0,0
3669,L13668,L,302.5,313.9,1553,42.1,51,0,0,0,0,0,0
3670,M13669,M,302.4,314.0,1425,43.6,53,0,0,0,0,0,0
3671,L13670,L,302.4,314.0,1429,45.8,56,0,0,0,0,0,0
3672,M13671,M,302.4,314.1,1295,55.0,58,0,0,0,0,0,0
3673,L13672,L,302.4,314.0,1427,44.1,61,0,0,0,0,0,0
3674,L13673,L,302.4,314.1,1556,40.2,63,0,0,0,0,0,0
3675,M13674,M,302.4,314.1,1377,51.5,65,0,0,0,0,0,0
3676,H13675,H,302.3,314.0,1187,62.4,68,0,0,0,0,0,0
3677,L13676,L,302.3,313.9,1374,49.2,73,0,0,0,0,0,0
3678,M13677,M,302.4,314.0,1564,42.1,75,0,0,0,0,0,0
3679,L13678,L,302.4,314.1,1450,44.3,78,0,0,0,0,0,0
3680,L13679,L,302.4,314.0,1475,42.6,80,0,0,0,0,0,0
3681,M13680,M,302.4,314.1,1615,40.2,82,0,0,0,0,0,0
3682,L13681,L,302.4,314.0,1108,61.7,85,0,0,0,0,0,0
3683,L13682,L,302.4,314.1,1570,32.5,87,0,0,0,0,0,0
3684,L13683,L,302.5,314.1,1293,51.5,89,0,0,0,0,0,0
3685,L13684,L,302.5,314.1,1581,38.7,91,0,0,0,0,0,0
3686,L13685,L,302.5,314.1,1861,25.2,93,0,0,0,0,0,0
3687,L13686,L,302.6,314.2,1533,38.1,95,0,0,0,0,0,0
3688,H13687,H,302.6,314.2,1732,34.5,97,0,0,0,0,0,0
3689,M13688,M,302.6,314.3,1441,45.8,102,0,0,0,0,0,0
3690,L13689,L,302.6,314.4,1516,40.9,105,0,0,0,0,0,0
3691,L13690,L,302.7,314.4,1664,29.8,107,0,0,0,0,0,0
3692,M13691,M,302.8,314.5,1397,54.7,109,0,0,0,0,0,0
3693,L13692,L,302.8,314.4,1344,50.9,112,0,0,0,0,0,0
3694,M13693,M,302.8,314.4,1194,55.9,114,0,0,0,0,0,0
3695,M13694,M,302.8,314.4,1635,42.4,117,0,0,0,0,0,0
3696,L13695,L,302.7,314.3,1566,39.6,120,0,0,0,0,0,0
3697,L13696,L,302.8,314.3,1463,47.0,122,0,0,0,0,0,0
3698,L13697,L,302.8,314.4,1730,34.2,124,0,0,0,0,0,0
3699,L13698,L,302.9,314.4,1550,41.3,126,0,0,0,0,0,0
3700,L13699,L,302.8,314.4,1622,38.2,128,0,0,0,0,0,0
3701,H13700,H,302.8,314.4,1789,25.4,130,0,0,0,0,0,0
3702,L13701,L,302.9,314.5,1557,41.3,135,0,0,0,0,0,0
3703,M13702,M,302.9,314.5,1611,35.6,137,0,0,0,0,0,0
3704,M13703,M,302.9,314.5,1578,37.6,140,0,0,0,0,0,0
3705,L13704,L,302.9,314.5,1483,43.6,143,0,0,0,0,0,0
3706,L13705,L,303.0,314.5,1299,52.7,145,0,0,0,0,0,0
3707,L13706,L,302.9,314.4,1711,31.5,147,0,0,0,0,0,0
3708,M13707,M,302.8,314.3,1623,36.6,149,0,0,0,0,0,0
3709,L13708,L,302.8,314.3,1714,32.3,152,0,0,0,0,0,0
3710,M13709,M,302.8,314.3,1715,31.7,154,0,0,0,0,0,0
3711,H13710,H,302.8,314.3,1751,34.1,157,0,0,0,0,0,0
3712,M13711,M,302.8,314.4,1630,38.0,162,0,0,0,0,0,0
3713,H13712,H,302.9,314.5,1427,45.9,165,0,0,0,0,0,0
3714,M13713,M,302.9,314.5,1509,43.2,170,0,0,0,0,0,0
3715,H13714,H,302.9,314.4,1797,29.4,173,0,0,0,0,0,0
3716,H13715,H,302.9,314.4,1265,52.9,178,0,0,0,0,0,0
3717,M13716,M,302.9,314.4,1490,49.4,183,0,0,0,0,0,0
3718,H13717,H,302.9,314.4,1648,31.0,186,0,0,0,0,0,0
3719,H13718,H,302.8,314.4,1380,52.2,191,0,0,0,0,0,0
3720,L13719,L,302.9,314.4,1483,43.3,196,0,0,0,0,0,0
3721,M13720,M,302.8,314.4,1562,38.4,198,0,0,0,0,0,0
3722,M13721,M,302.8,314.4,1404,43.6,201,0,0,0,0,0,0
3723,H13722,H,302.8,314.4,1593,39.7,204,0,0,0,0,0,0
3724,L13723,L,302.9,314.4,1373,45.5,209,0,0,0,0,0,0
3725,H13724,H,302.9,314.3,1426,41.9,0,0,0,0,0,0,0
3726,M13725,M,302.9,314.3,1660,36.6,5,0,0,0,0,0,0
3727,H13726,H,302.9,314.4,1983,19.7,8,0,0,0,0,0,0
3728,L13727,L,302.9,314.3,1411,45.3,13,0,0,0,0,0,0
3729,M13728,M,302.9,314.2,1658,36.3,15,0,0,0,0,0,0
3730,M13729,M,302.8,314.2,1450,47.8,18,0,0,0,0,0,0
3731,H13730,H,302.8,314.2,1451,44.8,21,0,0,0,0,0,0
3732,H13731,H,302.8,314.2,1672,36.5,26,0,0,0,0,0,0
3733,M13732,M,302.8,314.2,1355,50.2,31,0,0,0,0,0,0
3734,M13733,M,302.7,314.1,1532,42.0,34,0,0,0,0,0,0
3735,L13734,L,302.8,314.2,1440,41.6,37,0,0,0,0,0,0
3736,H13735,H,302.7,314.2,1494,38.6,39,0,0,0,0,0,0
3737,L13736,L,302.6,314.1,1317,56.8,44,0,0,0,0,0,0
3738,M13737,M,302.6,314.0,1690,32.9,46,0,0,0,0,0,0
3739,M13738,M,302.6,314.0,1585,36.8,49,0,0,0,0,0,0
3740,L13739,L,302.5,313.8,1855,27.6,52,0,0,0,0,0,0
3741,L13740,L,302.5,313.9,1520,47.3,54,0,0,0,0,0,0
3742,L13741,L,302.5,313.7,1662,34.2,56,0,0,0,0,0,0
3743,H13742,H,302.5,313.7,1537,35.3,58,0,0,0,0,0,0
3744,M13743,M,302.4,313.7,1620,34.8,63,0,0,0,0,0,0
3745,L13744,L,302.5,313.7,1481,40.6,66,0,0,0,0,0,0
3746,M13745,M,302.5,313.7,1756,27.5,68,0,0,0,0,0,0
3747,L13746,L,302.6,313.8,1867,17.6,71,1,0,0,1,0,0
3748,H13747,H,302.6,313.8,1393,44.6,73,0,0,0,0,0,0
3749,L13748,L,302.5,313.7,1771,18.9,78,1,0,0,1,0,0
3750,L13749,L,302.5,313.7,1402,48.5,80,0,0,0,0,0,0
3751,L13750,L,302.6,313.9,1144,55.6,82,0,0,0,0,0,0
3752,M13751,M,302.6,313.9,1548,38.4,84,0,0,0,0,0,0
3753,L13752,L,302.5,313.9,1356,53.0,87,0,0,0,0,0,0
3754,M13753,M,302.5,313.9,1502,39.8,89,0,0,0,0,0,0
3755,L13754,L,302.5,313.9,1205,56.0,92,0,0,0,0,0,0
3756,L13755,L,302.5,313.8,1612,35.4,94,0,0,0,0,0,0
3757,L13756,L,302.6,313.9,1894,16.4,96,1,0,0,1,0,0
3758,L13757,L,302.6,314.0,1562,39.2,98,0,0,0,0,0,0
3759,H13758,H,302.6,314.0,1190,57.1,100,0,0,0,0,0,0
3760,L13759,L,302.6,314.1,1441,45.3,105,0,0,0,0,0,0
3761,H13760,H,302.7,314.2,1606,34.8,107,0,0,0,0,0,0
3762,L13761,L,302.6,314.1,1481,43.3,112,0,0,0,0,0,0
3763,L13762,L,302.6,314.1,1464,49.7,114,0,0,0,0,0,0
3764,L13763,L,302.5,313.9,1564,39.1,116,0,0,0,0,0,0
3765,L13764,L,302.5,314.0,1120,66.3,118,0,0,0,0,0,0
3766,M13765,M,302.5,313.9,1591,34.8,120,0,0,0,0,0,0
3767,M13766,M,302.5,313.8,1380,50.0,123,0,0,0,0,0,0
3768,L13767,L,302.5,313.8,1393,47.6,126,0,0,0,0,0,0
3769,M13768,M,302.4,313.7,1659,33.0,128,0,0,0,0,0,0
3770,M13769,M,302.4,313.8,1646,35.8,131,0,0,0,0,0,0
3771,H13770,H,302.4,313.6,1337,50.2,134,0,0,0,0,0,0
3772,H13771,H,302.4,313.5,1491,41.4,139,0,0,0,0,0,0
3773,M13772,M,302.4,313.6,1453,43.4,144,0,0,0,0,0,0
3774,H13773,H,302.4,313.6,1788,23.6,147,0,0,0,0,0,0
3775,M13774,M,302.3,313.6,1436,46.6,152,0,0,0,0,0,0
3776,L13775,L,302.2,313.4,1469,42.9,155,0,0,0,0,0,0
3777,M13776,M,302.2,313.5,1633,39.4,157,0,0,0,0,0,0
3778,L13777,L,302.2,313.4,1626,43.6,160,0,0,0,0,0,0
3779,M13778,M,302.2,313.5,1576,35.9,162,0,0,0,0,0,0
3780,H13779,H,302.2,313.5,1655,34.1,165,0,0,0,0,0,0
3781,L13780,L,302.2,313.4,1637,37.6,170,0,0,0,0,0,0
3782,H13781,H,302.1,313.3,1602,35.4,172,0,0,0,0,0,0
3783,H13782,H,302.1,313.4,1112,61.8,177,0,0,0,0,0,0
3784,L13783,L,302.1,313.3,1480,49.1,182,0,0,0,0,0,0
3785,M13784,M,302.1,313.4,1741,30.3,184,0,0,0,0,0,0
3786,H13785,H,302.1,313.5,1210,60.4,187,0,0,0,0,0,0
3787,H13786,H,302.0,313.3,1693,35.7,192,0,0,0,0,0,0
3788,L13787,L,301.9,313.2,1576,40.3,197,0,0,0,0,0,0
3789,L13788,L,302.0,313.2,1383,49.0,199,0,0,0,0,0,0
3790,M13789,M,302.1,313.2,1818,20.3,201,0,0,0,0,0,0
3791,L13790,L,302.1,313.3,1551,37.6,204,0,0,0,0,0,0
3792,L13791,L,302.1,313.3,1703,34.3,206,0,0,0,0,0,0
3793,L13792,L,302.0,313.2,1541,42.1,208,0,0,0,0,0,0
3794,L13793,L,302.0,313.2,1465,43.7,210,0,0,0,0,0,0
3795,M13794,M,302.0,313.3,1650,39.2,212,0,0,0,0,0,0
3796,M13795,M,301.9,313.2,1550,38.8,215,0,0,0,0,0,0
3797,M13796,M,301.9,313.2,1412,50.7,218,0,0,0,0,0,0
3798,M13797,M,301.9,313.2,1499,43.0,221,0,0,0,0,0,0
3799,L13798,L,301.9,313.2,1639,40.4,224,0,0,0,0,0,0
3800,L13799,L,301.8,313.1,1555,41.5,226,0,0,0,0,0,0
3801,L13800,L,301.8,313.1,1228,58.4,228,1,0,0,0,1,0
3802,L13801,L,301.8,313.1,1499,41.7,230,0,0,0,0,0,0
3803,L13802,L,301.8,313.1,1625,34.9,232,0,0,0,0,0,0
3804,L13803,L,301.9,313.1,1822,20.9,234,0,0,0,0,0,0
3805,L13804,L,301.9,313.1,1705,25.7,0,0,0,0,0,0,0
3806,L13805,L,301.9,313.1,1635,35.3,2,0,0,0,0,0,0
3807,M13806,M,301.9,313.1,1527,38.9,4,0,0,0,0,0,0
3808,M13807,M,301.9,313.1,1603,34.4,7,0,0,0,0,0,0
3809,H13808,H,301.9,313.2,1473,43.5,10,0,0,0,0,0,0
3810,M13809,M,301.9,313.2,1638,34.3,15,0,0,0,0,0,0
3811,M13810,M,302.0,313.3,1694,30.9,18,0,0,0,0,0,0
3812,L13811,L,302.0,313.3,1531,46.1,21,0,0,0,0,0,0
3813,M13812,M,302.0,313.3,1342,53.7,23,0,0,0,0,0,0
3814,L13813,L,302.0,313.3,1844,28.9,26,0,0,0,0,0,0
3815,L13814,L,302.0,313.3,1472,42.4,28,0,0,0,0,0,0
3816,L13815,L,302.0,313.3,1906,20.9,30,0,0,0,0,0,0
3817,L13816,L,301.9,313.2,1767,25.3,32,0,0,0,0,0,0
3818,L13817,L,301.9,313.2,1607,34.1,34,0,0,0,0,0,0
3819,M13818,M,301.9,313.3,1465,51.3,36,0,0,0,0,0,0
3820,H13819,H,301.9,313.3,1627,32.2,39,0,0,0,0,0,0
3821,M13820,M,301.8,313.2,1552,31.8,44,0,0,0,0,0,0
3822,M13821,M,301.8,313.2,1492,40.4,47,0,0,0,0,0,0
3823,M13822,M,301.9,313.3,1419,40.4,50,0,0,0,0,0,0
3824,L13823,L,301.9,313.3,1618,32.1,53,0,0,0,0,0,0
3825,M13824,M,301.9,313.4,1152,59.9,55,0,0,0,0,0,0
3826,M13825,M,301.8,313.3,1585,37.3,58,0,0,0,0,0,0
3827,L13826,L,301.9,313.3,1404,41.1,61,0,0,0,0,0,0
3828,L13827,L,302.0,313.3,1673,36.0,63,0,0,0,0,0,0
3829,H13828,H,302.0,313.3,1358,44.4,65,0,0,0,0,0,0
3830,M13829,M,302.1,313.5,1321,52.3,70,0,0,0,0,0,0
3831,L13830,L,302.1,313.5,1237,56.6,73,0,0,0,0,0,0
3832,M13831,M,302.0,313.5,1714,32.4,75,0,0,0,0,0,0
3833,L13832,L,302.0,313.4,1370,51.0,78,0,0,0,0,0,0
3834,L13833,L,302.0,313.3,1511,45.5,80,0,0,0,0,0,0
3835,L13834,L,301.9,313.3,1352,49.7,82,0,0,0,0,0,0
3836,L13835,L,301.8,313.2,1528,39.1,84,0,0,0,0,0,0
3837,M13836,M,301.8,313.1,1593,38.1,86,0,0,0,0,0,0
3838,L13837,L,301.8,313.2,1436,49.4,89,0,0,0,0,0,0
3839,M13838,M,301.8,313.0,1422,49.5,91,0,0,0,0,0,0
3840,L13839,L,301.9,313.1,1290,55.7,94,0,0,0,0,0,0
3841,M13840,M,301.8,313.1,1517,42.0,96,0,0,0,0,0,0
3842,M13841,M,301.8,313.2,1554,38.9,99,0,0,0,0,0,0
3843,M13842,M,301.8,313.2,1979,15.4,102,1,0,0,1,0,0
3844,M13843,M,301.8,313.2,1926,23.9,105,0,0,0,0,0,0
3845,H13844,H,301.8,313.1,1591,36.1,108,0,0,0,0,0,0
3846,M13845,M,301.8,313.0,1705,29.0,113,0,0,0,0,0,0
3847,M13846,M,301.8,313.0,1375,48.1,116,0,0,0,0,0,0
3848,M13847,M,301.7,312.9,1783,26.9,119,0,0,0,0,0,0
3849,L13848,L,301.7,313.0,1505,35.0,122,0,0,0,0,0,0
3850,L13849,L,301.6,312.9,1609,35.4,124,0,0,0,0,0,0
3851,L13850,L,301.6,312.9,1382,52.0,126,0,0,0,0,0,0
3852,L13851,L,301.6,312.8,1612,33.9,128,0,0,0,0,0,0
3853,L13852,L,301.5,312.7,1472,44.5,130,0,0,0,0,0,0
3854,L13853,L,301.6,312.7,1623,42.0,132,0,0,0,0,0,0
3855,M13854,M,301.6,312.8,1403,49.0,134,0,0,0,0,0,0
3856,L13855,L,301.6,312.7,1268,48.5,137,0,0,0,0,0,0
3857,H13856,H,301.6,312.7,1465,39.7,139,0,0,0,0,0,0
3858,L13857,L,301.6,312.7,1812,23.0,144,0,0,0,0,0,0
3859,M13858,M,301.6,312.7,1532,37.7,146,0,0,0,0,0,0
3860,L13859,L,301.6,312.8,1547,39.8,149,0,0,0,0,0,0
3861,L13860,L,301.6,312.9,1473,42.9,151,0,0,0,0,0,0
3862,L13861,L,301.6,313.0,1729,32.6,153,0,0,0,0,0,0
3863,M13862,M,301.6,313.0,1283,51.4,155,0,0,0,0,0,0
3864,L13863,L,301.6,313.0,1524,40.1,158,0,0,0,0,0,0
3865,H13864,H,301.6,313.0,1707,30.8,160,0,0,0,0,0,0
3866,L13865,L,301.7,313.1,1635,35.4,165,0,0,0,0,0,0
3867,M13866,M,301.7,312.9,1218,59.3,167,0,0,0,0,0,0
3868,L13867,L,301.7,312.9,1290,46.6,170,0,0,0,0,0,0
3869,M13868,M,301.7,313.0,1364,50.5,172,0,0,0,0,0,0
3870,L13869,L,301.7,313.0,1707,29.6,175,0,0,0,0,0,0
3871,L13870,L,301.7,313.0,1703,33.1,177,0,0,0,0,0,0
3872,L13871,L,301.8,313.0,1694,33.2,179,0,0,0,0,0,0
3873,L13872,L,301.7,313.0,1520,41.8,181,0,0,0,0,0,0
3874,L13873,L,301.7,312.9,1585,38.3,183,0,0,0,0,0,0
3875,H13874,H,301.6,312.8,1697,35.1,185,0,0,0,0,0,0
3876,L13875,L,301.6,312.8,1664,36.4,190,0,0,0,0,0,0
3877,L13876,L,301.6,312.7,1688,32.1,192,0,0,0,0,0,0
3878,H13877,H,301.5,312.7,1688,38.2,194,0,0,0,0,0,0
3879,L13878,L,301.5,312.7,1314,51.1,199,0,0,0,0,0,0
3880,L13879,L,301.5,312.7,1729,24.9,201,0,0,0,0,0,0
3881,M13880,M,301.5,312.7,1478,43.5,203,0,0,0,0,0,0
3882,H13881,H,301.6,312.8,1282,53.8,206,0,0,0,0,0,0
3883,M13882,M,301.6,312.8,1431,38.2,211,0,0,0,0,0,0
3884,L13883,L,301.5,312.7,1591,34.7,214,0,0,0,0,0,0
3885,H13884,H,301.5,312.8,1400,49.2,216,0,0,0,0,0,0
3886,L13885,L,301.5,312.7,1702,30.2,221,0,0,0,0,0,0
3887,H13886,H,301.4,312.7,1498,39.8,223,0,0,0,0,0,0
3888,H13887,H,301.4,312.7,1717,29.6,228,0,0,0,0,0,0
3889,H13888,H,301.4,312.6,1863,21.3,233,0,0,0,0,0,0
3890,L13889,L,301.5,312.6,1604,38.5,0,0,0,0,0,0,0
3891,L13890,L,301.6,312.6,1717,27.4,2,0,0,0,0,0,0
3892,M13891,M,301.6,312.5,1589,39.9,4,0,0,0,0,0,0
3893,M13892,M,301.5,312.6,1287,51.2,7,0,0,0,0,0,0
3894,M13893,M,301.5,312.7,1195,58.5,10,0,0,0,0,0,0
3895,H13894,H,301.5,312.8,1617,40.9,13,0,0,0,0,0,0
3896,M13895,M,301.5,312.8,1307,50.2,18,0,0,0,0,0,0
3897,L13896,L,301.5,312.8,1433,44.0,21,0,0,0,0,0,0
3898,L13897,L,301.5,312.7,1533,36.2,23,0,0,0,0,0,0
3899,L13898,L,301.4,312.6,1819,20.8,25,0,0,0,0,0,0
3900,L13899,L,301.4,312.6,1269,56.3,27,0,0,0,0,0,0
3901,L13900,L,301.5,312.6,1756,29.5,29,0,0,0,0,0,0
3902,H13901,H,301.6,312.7,1302,53.8,31,0,0,0,0,0,0
3903,M13902,M,301.5,312.7,1429,45.4,36,0,0,0,0,0,0
3904,M13903,M,301.6,312.8,1635,30.2,39,0,0,0,0,0,0
3905,L13904,L,301.5,312.7,1444,43.1,42,0,0,0,0,0,0
3906,M13905,M,301.5,312.8,1100,61.3,44,0,0,0,0,0,0
3907,H13906,H,301.6,312.8,1318,55.4,47,0,0,0,0,0,0
3908,H13907,H,301.5,312.6,1670,34.9,52,0,0,0,0,0,0
3909,M13908,M,301.4,312.7,1657,32.9,57,0,0,0,0,0,0
3910,H13909,H,301.4,312.8,1546,41.0,60,0,0,0,0,0,0
3911,M13910,M,301.4,312.9,1615,38.3,65,0,0,0,0,0,0
3912,L13911,L,301.3,312.8,1340,52.0,68,0,0,0,0,0,0
3913,H13912,H,301.4,312.9,1490,47.4,70,0,0,0,0,0,0
3914,L13913,L,301.4,313.0,1769,23.1,75,0,0,0,0,0,0
3915,L13914,L,301.4,313.0,1441,44.6,77,0,0,0,0,0,0
3916,L13915,L,301.4,312.9,1542,38.2,79,0,0,0,0,0,0
3917,M13916,M,301.4,312.9,1568,40.4,81,0,0,0,0,0,0
3918,M13917,M,301.3,312.9,1416,42.5,84,0,0,0,0,0,0
3919,M13918,M,301.3,313.0,1415,52.0,87,0,0,0,0,0,0
3920,L13919,L,301.3,313.0,1403,49.8,90,0,0,0,0,0,0
3921,L13920,L,301.2,312.9,1763,32.5,92,0,0,0,0,0,0
3922,H13921,H,301.3,312.9,1546,39.4,94,0,0,0,0,0,0
3923,L13922,L,301.3,312.9,1584,35.5,99,0,0,0,0,0,0
3924,H13923,H,301.2,312.9,1861,23.2,101,0,0,0,0,0,0
3925,L13924,L,301.2,312.9,1614,38.9,106,0,0,0,0,0,0
3926,M13925,M,301.2,312.9,1184,58.4,108,0,0,0,0,0,0
3927,M13926,M,301.2,313.0,1717,22.9,111,0,0,0,0,0,0
3928,H13927,H,301.2,313.1,1440,39.8,114,0,0,0,0,0,0
3929,L13928,L,301.2,313.1,1562,39.4,119,0,0,0,0,0,0
3930,H13929,H,301.2,313.1,1575,42.9,121,0,0,0,0,0,0
3931,M13930,M,301.2,313.1,1629,30.4,126,0,0,0,0,0,0
3932,M13931,M,301.3,313.2,1765,25.7,129,0,0,0,0,0,0
3933,M13932,M,301.2,313.2,1753,26.2,132,0,0,0,0,0,0
3934,L13933,L,301.2,313.1,1419,53.3,135,0,0,0,0,0,0
3935,L13934,L,301.2,313.1,1831,30.2,137,0,0,0,0,0,0
3936,L13935,L,301.2,313.1,1647,35.0,139,0,0,0,0,0,0
3937,L13936,L,301.3,313.2,1230,61.0,141,0,0,0,0,0,0
3938,M13937,M,301.3,313.2,1711,32.7,143,0,0,0,0,0,0
3939,L13938,L,301.3,313.1,1408,43.4,146,0,0,0,0,0,0
3940,L13939,L,301.3,313.1,1396,50.6,148,0,0,0,0,0,0
3941,L13940,L,301.3,313.0,1308,50.2,150,0,0,0,0,0,0
3942,L13941,L,301.3,313.0,1755,26.7,152,0,0,0,0,0,0
3943,L13942,L,301.3,312.9,1723,32.9,154,0,0,0,0,0,0
3944,M13943,M,301.3,313.0,1491,43.0,156,0,0,0,0,0,0
3945,L13944,L,301.3,313.0,1272,59.3,159,0,0,0,0,0,0
3946,H13945,H,301.3,312.9,1740,32.4,161,0,0,0,0,0,0
3947,L13946,L,301.2,312.8,1524,35.1,166,0,0,0,0,0,0
3948,L13947,L,301.2,312.8,1345,44.2,168,0,0,0,0,0,0
3949,H13948,H,301.2,312.9,1498,46.2,170,0,0,0,0,0,0
3950,L13949,L,301.2,312.7,1490,46.8,175,0,0,0,0,0,0
3951,L13950,L,301.3,312.8,1696,31.5,177,0,0,0,0,0,0
3952,H13951,H,301.4,312.8,1650,34.7,179,0,0,0,0,0,0
3953,H13952,H,301.4,312.9,1551,42.2,184,0,0,0,0,0,0
3954,M13953,M,301.4,312.9,1372,52.6,189,0,0,0,0,0,0
3955,L13954,L,301.4,312.9,1562,37.6,192,0,0,0,0,0,0
3956,M13955,M,301.4,312.8,1595,39.8,194,0,0,0,0,0,0
3957,H13956,H,301.3,312.7,1693,29.7,197,0,0,0,0,0,0
3958,H13957,H,301.3,312.7,1235,58.6,202,0,0,0,0,0,0
3959,L13958,L,301.3,312.6,1523,41.5,207,0,0,0,0,0,0
3960,L13959,L,301.3,312.7,1307,50.8,209,0,0,0,0,0,0
3961,L13960,L,301.3,312.6,1491,40.3,211,0,0,0,0,0,0
3962,L13961,L,301.2,312.4,1648,40.9,213,0,0,0,0,0,0
3963,M13962,M,301.2,312.4,1743,25.0,215,0,0,0,0,0,0
3964,L13963,L,301.3,312.4,1924,18.5,218,0,0,0,0,0,0
3965,L13964,L,301.3,312.5,1358,52.5,220,1,0,0,0,1,0
3966,L13965,L,301.3,312.5,1522,40.8,222,0,0,0,0,0,0
3967,L13966,L,301.3,312.5,1540,42.1,224,0,0,0,0,0,0
3968,L13967,L,301.3,312.5,1769,27.5,0,0,0,0,0,0,0
3969,L13968,L,301.4,312.6,1643,31.0,2,0,0,0,0,0,0
3970,L13969,L,301.4,312.7,1387,50.6,4,0,0,0,0,0,0
3971,H13970,H,301.4,312.7,1212,57.4,6,0,0,0,0,0,0
3972,L13971,L,301.3,312.6,1741,33.8,11,0,0,0,0,0,0
3973,M13972,M,301.4,312.6,1448,46.7,13,0,0,0,0,0,0
3974,L13973,L,301.4,312.7,1467,41.9,16,0,0,0,0,0,0
3975,L13974,L,301.4,312.7,1578,38.8,18,0,0,0,0,0,0
3976,L13975,L,301.5,312.8,1171,58.5,20,0,0,0,0,0,0
3977,L13976,L,301.5,312.8,1629,35.5,22,0,0,0,0,0,0
3978,L13977,L,301.6,312.9,1314,52.4,24,0,0,0,0,0,0
3979,L13978,L,301.5,312.9,1427,43.8,26,0,0,0,0,0,0
3980,M13979,M,301.5,312.7,1494,39.8,28,0,0,0,0,0,0
3981,L13980,L,301.5,312.6,1441,53.7,31,0,0,0,0,0,0
3982,L13981,L,301.6,312.8,1494,42.9,33,0,0,0,0,0,0
3983,M13982,M,301.5,312.7,1530,39.0,35,0,0,0,0,0,0
3984,L13983,L,301.6,312.7,1270,53.8,38,0,0,0,0,0,0
3985,L13984,L,301.6,312.8,1352,52.5,40,0,0,0,0,0,0
3986,L13985,L,301.7,312.9,1298,52.0,42,0,0,0,0,0,0
3987,L13986,L,301.7,313.0,2138,3.0,44,1,0,0,1,0,0
3988,L13987,L,301.7,312.9,1461,44.4,46,0,0,0,0,0,0
3989,H13988,H,301.7,312.9,1500,42.1,48,0,0,0,0,0,0
3990,H13989,H,301.7,312.8,1521,39.7,53,0,0,0,0,0,0
3991,H13990,H,301.7,312.8,1384,46.1,58,0,0,0,0,0,0
3992,L13991,L,301.7,312.8,1472,42.6,63,0,0,0,0,0,0
3993,L13992,L,301.7,312.7,1396,46.8,65,0,0,0,0,0,0
3994,L13993,L,301.7,312.6,1550,37.3,67,0,0,0,0,0,0
3995,L13994,L,301.7,312.6,1299,55.0,69,0,0,0,0,0,0
3996,L13995,L,301.7,312.6,1530,47.8,71,0,0,0,0,0,0
3997,L13996,L,301.7,312.5,1520,45.4,73,0,0,0,0,0,0
3998,L13997,L,301.6,312.4,1563,44.9,75,0,0,0,0,0,0
3999,L13998,L,301.5,312.3,1309,51.6,77,0,0,0,0,0,0
4000,L13999,L,301.5,312.1,1458,50.2,79,0,0,0,0,0,0
4001,M14000,M,301.5,312.1,1570,38.9,81,0,0,0,0,0,0
4002,L14001,L,301.5,312.3,1425,49.9,84,0,0,0,0,0,0
4003,H14002,H,301.5,312.2,1534,41.7,86,0,0,0,0,0,0
4004,L14003,L,301.5,312.2,1193,59.2,91,0,0,0,0,0,0
4005,M14004,M,301.5,312.2,1392,51.0,93,0,0,0,0,0,0
4006,L14005,L,301.6,312.1,1671,33.7,96,0,0,0,0,0,0
4007,L14006,L,301.5,312.1,1100,63.3,98,0,0,0,0,0,0
4008,L14007,L,301.6,312.2,1889,19.0,100,0,0,0,0,0,0
4009,L14008,L,301.6,312.1,1478,46.4,102,0,0,0,0,0,0
4010,M14009,M,301.6,312.1,1672,33.0,104,0,0,0,0,0,0
4011,L14010,L,301.5,312.1,1244,58.8,107,0,0,0,0,0,0
4012,L14011,L,301.6,312.2,1453,42.5,109,0,0,0,0,0,0
4013,H14012,H,301.5,312.3,1687,32.1,111,0,0,0,0,0,0
4014,L14013,L,301.5,312.1,1578,37.3,116,0,0,0,0,0,0
4015,M14014,M,301.5,312.1,1648,32.9,118,0,0,0,0,0,0
4016,M14015,M,301.4,312.0,1552,36.9,121,0,0,0,0,0,0
4017,L14016,L,301.4,312.0,1645,36.7,124,0,0,0,0,0,0
4018,L14017,L,301.5,312.1,1685,32.5,126,0,0,0,0,0,0
4019,L14018,L,301.5,312.1,1506,42.7,128,0,0,0,0,0,0
4020,M14019,M,301.5,312.2,1586,43.9,130,0,0,0,0,0,0
4021,L14020,L,301.5,312.2,1734,30.0,133,0,0,0,0,0,0
4022,L14021,L,301.5,312.2,1887,23.4,135,0,0,0,0,0,0
4023,L14022,L,301.5,312.3,1500,43.1,137,0,0,0,0,0,0
4024,H14023,H,301.5,312.2,1428,45.3,139,0,0,0,0,0,0
4025,M14024,M,301.4,312.2,1355,47.3,144,0,0,0,0,0,0
4026,H14025,H,301.4,312.2,1458,45.5,147,0,0,0,0,0,0
4027,M14026,M,301.4,312.1,1122,55.7,152,0,0,0,0,0,0
4028,M14027,M,301.4,312.1,1384,50.0,155,0,0,0,0,0,0
4029,L14028,L,301.4,312.2,1100,66.8,158,0,0,0,0,0,0
4030,H14029,H,301.4,312.2,1100,71.0,160,0,0,0,0,0,0
4031,M14030,M,301.4,312.3,1832,22.4,165,0,0,0,0,0,0
4032,L14031,L,301.5,312.4,1842,18.0,168,1,0,0,1,0,0
4033,M14032,M,301.4,312.3,1617,39.9,170,0,0,0,0,0,0
4034,M14033,M,301.3,312.2,1433,45.0,173,0,0,0,0,0,0
4035,L14034,L,301.3,312.1,1497,39.2,176,0,0,0,0,0,0
4036,L14035,L,301.2,312.0,1449,47.0,178,0,0,0,0,0,0
4037,L14036,L,301.2,312.0,1590,37.3,180,0,0,0,0,0,0
4038,H14037,H,301.3,312.1,1636,33.1,182,0,0,0,0,0,0
4039,L14038,L,301.2,312.1,1604,34.6,187,0,0,0,0,0,0
4040,H14039,H,301.3,312.2,1572,38.0,189,0,0,0,0,0,0
4041,L14040,L,301.3,312.4,1470,48.4,194,0,0,0,0,0,0
4042,M14041,M,301.3,312.3,1647,35.1,196,0,0,0,0,0,0
4043,L14042,L,301.3,312.2,1585,37.1,199,0,0,0,0,0,0
4044,H14043,H,301.4,312.2,1489,45.7,201,0,0,0,0,0,0
4045,L14044,L,301.4,312.2,1573,38.0,206,0,0,0,0,0,0
4046,L14045,L,301.4,312.3,1371,51.2,208,0,0,0,0,0,0
4047,L14046,L,301.4,312.2,1703,30.8,210,0,0,0,0,0,0
4048,L14047,L,301.4,312.1,1764,28.6,212,0,0,0,0,0,0
4049,L14048,L,301.4,312.1,1461,43.0,214,0,0,0,0,0,0
4050,M14049,M,301.4,312.1,1406,44.0,216,0,0,0,0,0,0
4051,H14050,H,301.4,312.1,1736,31.4,219,0,0,0,0,0,0
4052,M14051,M,301.4,312.2,1394,53.4,224,0,0,0,0,0,0
4053,M14052,M,301.4,312.3,1150,59.2,227,1,0,0,0,1,0
4054,L14053,L,301.4,312.4,1655,33.7,230,0,0,0,0,0,0
4055,H14054,H,301.5,312.4,1260,54.9,232,0,0,0,0,0,0
4056,H14055,H,301.5,312.5,1992,16.2,0,1,0,0,1,0,0
4057,L14056,L,301.5,312.5,1369,50.8,5,0,0,0,0,0,0
4058,H14057,H,301.5,312.5,1870,31.4,7,0,0,0,0,0,0
4059,L14058,L,301.4,312.5,1355,49.8,12,0,0,0,0,0,0
4060,H14059,H,301.4,312.5,1787,30.4,14,0,0,0,0,0,0
4061,H14060,H,301.5,312.4,1641,39.3,19,0,0,0,0,0,0
4062,M14061,M,301.5,312.4,1706,31.9,24,0,0,0,0,0,0
4063,L14062,L,301.5,312.4,1576,37.9,27,0,0,0,0,0,0
4064,M14063,M,301.4,312.3,1232,58.3,29,0,0,0,0,0,0
4065,L14064,L,301.4,312.3,1557,38.9,32,0,0,0,0,0,0
4066,M14065,M,301.5,312.4,1242,61.1,34,0,0,0,0,0,0
4067,L14066,L,301.5,312.4,1555,36.1,37,0,0,0,0,0,0
4068,M14067,M,301.5,312.4,1275,54.9,39,0,0,0,0,0,0
4069,H14068,H,301.5,312.6,1799,23.7,42,0,0,0,0,0,0
4070,L14069,L,301.5,312.5,1490,37.1,47,0,0,0,0,0,0
4071,L14070,L,301.4,312.6,1677,34.6,49,0,0,0,0,0,0
4072,M14071,M,301.4,312.6,1336,55.4,51,0,0,0,0,0,0
4073,L14072,L,301.5,312.7,1471,41.9,54,0,0,0,0,0,0
4074,L14073,L,301.5,312.7,1951,19.1,56,0,0,0,0,0,0
4075,L14074,L,301.6,312.6,1672,26.9,58,0,0,0,0,0,0
4076,L14075,L,301.5,312.7,1712,29.9,60,0,0,0,0,0,0
4077,M14076,M,301.5,312.6,1372,49.3,62,0,0,0,0,0,0
4078,M14077,M,301.5,312.6,1406,48.1,65,0,0,0,0,0,0
4079,L14078,L,301.5,312.6,1594,37.0,68,0,0,0,0,0,0
4080,L14079,L,301.5,312.6,1627,34.5,70,0,0,0,0,0,0
4081,L14080,L,301.5,312.8,1395,47.2,72,0,0,0,0,0,0
4082,L14081,L,301.6,312.8,1724,28.7,74,0,0,0,0,0,0
4083,M14082,M,301.6,312.8,1536,44.6,76,0,0,0,0,0,0
4084,L14083,L,301.6,312.7,1442,43.7,79,0,0,0,0,0,0
4085,M14084,M,301.7,312.8,1711,37.3,81,0,0,0,0,0,0
4086,H14085,H,301.7,312.9,1435,44.0,84,0,0,0,0,0,0
4087,M14086,M,301.7,312.9,1534,41.0,89,0,0,0,0,0,0
4088,M14087,M,301.7,313.0,1485,45.0,92,0,0,0,0,0,0
4089,L14088,L,301.7,312.9,1749,26.7,95,0,0,0,0,0,0
4090,L14089,L,301.6,312.9,1511,46.1,97,0,0,0,0,0,0
4091,L14090,L,301.6,312.8,1394,50.3,99,0,0,0,0,0,0
4092,M14091,M,301.6,312.8,1472,43.2,101,0,0,0,0,0,0
4093,H14092,H,301.6,313.0,1512,46.0,104,0,0,0,0,0,0
4094,L14093,L,301.7,313.0,1500,38.9,109,0,0,0,0,0,0
4095,L14094,L,301.7,313.1,1355,48.9,111,0,0,0,0,0,0
4096,L14095,L,301.8,313.3,1558,40.7,113,0,0,0,0,0,0
4097,M14096,M,301.8,313.3,1778,28.5,115,0,0,0,0,0,0
4098,M14097,M,301.8,313.4,1417,48.2,118,0,0,0,0,0,0
4099,M14098,M,301.7,313.3,1809,23.7,121,0,0,0,0,0,0
4100,H14099,H,301.7,313.3,1476,42.8,124,0,0,0,0,0,0
4101,L14100,L,301.9,313.4,1667,36.2,129,0,0,0,0,0,0
4102,M14101,M,301.9,313.4,1628,35.5,131,0,0,0,0,0,0
4103,M14102,M,301.9,313.4,1460,41.7,134,0,0,0,0,0,0
4104,L14103,L,301.9,313.5,1607,32.9,137,0,0,0,0,0,0
4105,H14104,H,301.9,313.5,1535,45.1,139,0,0,0,0,0,0
4106,L14105,L,302.0,313.7,1488,40.6,144,0,0,0,0,0,0
4107,M14106,M,302.0,313.7,1658,33.8,146,0,0,0,0,0,0
4108,M14107,M,302.0,313.6,1386,53.4,149,0,0,0,0,0,0
4109,H14108,H,302.0,313.7,1533,42.0,152,0,0,0,0,0,0
4110,M14109,M,302.0,313.7,1388,46.3,157,0,0,0,0,0,0
4111,L14110,L,302.1,313.8,1240,54.2,160,0,0,0,0,0,0
4112,H14111,H,302.0,313.6,1404,54.0,162,0,0,0,0,0,0
4113,M14112,M,302.0,313.7,1381,45.8,167,0,0,0,0,0,0
4114,M14113,M,302.1,313.8,1559,37.0,170,0,0,0,0,0,0
4115,M14114,M,302.1,313.8,1802,25.7,173,0,0,0,0,0,0
4116,L14115,L,302.1,313.9,1491,42.1,176,0,0,0,0,0,0
4117,M14116,M,302.1,313.8,1384,50.9,178,0,0,0,0,0,0
4118,H14117,H,302.1,313.8,1396,43.5,181,0,0,0,0,0,0
4119,L14118,L,302.1,313.8,2112,5.6,186,1,0,0,1,0,0
4120,L14119,L,302.1,313.8,1428,48.7,188,0,0,0,0,0,0
4121,H14120,H,302.1,313.8,1418,49.3,190,0,0,0,0,0,0
4122,M14121,M,302.1,313.8,1557,37.0,195,0,0,0,0,0,0
4123,H14122,H,302.0,313.7,1313,49.9,198,0,0,0,0,0,0
4124,L14123,L,302.0,313.6,1443,46.3,203,0,0,0,0,0,0
4125,H14124,H,302.0,313.6,1581,33.1,205,1,1,0,0,0,0
4126,L14125,L,302.0,313.5,1394,52.7,0,0,0,0,0,0,0
4127,M14126,M,302.0,313.5,1762,27.3,2,0,0,0,0,0,0
4128,L14127,L,301.9,313.4,1509,39.4,5,0,0,0,0,0,0
4129,M14128,M,302.0,313.5,1506,38.4,7,0,0,0,0,0,0
4130,H14129,H,301.9,313.4,1643,31.7,10,0,0,0,0,0,0
4131,M14130,M,301.9,313.5,1399,43.0,15,0,0,0,0,0,0
4132,M14131,M,301.9,313.5,1343,53.1,18,0,0,0,0,0,0
4133,L14132,L,301.9,313.4,1281,52.5,21,0,0,0,0,0,0
4134,M14133,M,301.9,313.4,1437,47.2,23,0,0,0,0,0,0
4135,M14134,M,301.9,313.4,1856,23.0,26,0,0,0,0,0,0
4136,L14135,L,301.8,313.3,1819,26.6,29,0,0,0,0,0,0
4137,M14136,M,301.9,313.3,1524,41.7,31,0,0,0,0,0,0
4138,H14137,H,301.9,313.2,1607,39.7,34,0,0,0,0,0,0
4139,M14138,M,301.8,313.0,1700,35.0,39,0,0,0,0,0,0
4140,M14139,M,301.9,313.4,1228,59.1,42,0,0,0,0,0,0
4141,L14140,L,302.0,313.5,1538,41.1,45,0,0,0,0,0,0
4142,M14141,M,302.0,313.4,1415,45.4,47,0,0,0,0,0,0
4143,L14142,L,302.0,313.4,1315,49.9,50,0,0,0,0,0,0
4144,L14143,L,302.0,313.4,1600,40.5,52,0,0,0,0,0,0
4145,L14144,L,302.1,313.6,1131,65.9,54,0,0,0,0,0,0
4146,L14145,L,302.1,313.5,1736,30.6,56,0,0,0,0,0,0
4147,L14146,L,302.0,313.5,1608,33.9,58,0,0,0,0,0,0
4148,M14147,M,302.0,313.5,1789,30.6,60,0,0,0,0,0,0
4149,L14148,L,302.0,313.4,1259,55.6,63,0,0,0,0,0,0
4150,L14149,L,301.8,313.3,1357,48.0,65,0,0,0,0,0,0
4151,L14150,L,301.8,313.3,1598,34.6,67,0,0,0,0,0,0
4152,M14151,M,301.8,313.3,1773,31.4,69,0,0,0,0,0,0
4153,L14152,L,301.7,313.2,1240,53.8,72,0,0,0,0,0,0
4154,L14153,L,301.7,313.2,1435,43.6,74,0,0,0,0,0,0
4155,M14154,M,301.7,313.1,1460,54.1,76,0,0,0,0,0,0
4156,L14155,L,301.7,313.2,1601,39.4,79,0,0,0,0,0,0
4157,H14156,H,301.7,313.4,1410,45.1,81,0,0,0,0,0,0
4158,L14157,L,301.8,313.3,1427,43.0,86,0,0,0,0,0,0
4159,L14158,L,301.7,313.2,1551,33.8,88,0,0,0,0,0,0
4160,L14159,L,301.8,313.2,1568,38.6,90,0,0,0,0,0,0
4161,M14160,M,301.8,313.3,1780,28.2,92,0,0,0,0,0,0
4162,L14161,L,301.8,313.3,1539,44.9,95,0,0,0,0,0,0
4163,H14162,H,301.8,313.3,1303,47.6,97,0,0,0,0,0,0
4164,L14163,L,301.7,313.2,1296,49.9,102,0,0,0,0,0,0
4165,M14164,M,301.8,313.2,1418,46.7,104,0,0,0,0,0,0
4166,L14165,L,301.7,313.1,1716,38.7,107,0,0,0,0,0,0
4167,L14166,L,301.8,313.1,1324,55.5,109,0,0,0,0,0,0
4168,L14167,L,301.8,313.3,1407,48.9,111,0,0,0,0,0,0
4169,M14168,M,301.8,313.3,1233,53.9,113,0,0,0,0,0,0
4170,L14169,L,301.8,313.2,1173,54.5,116,0,0,0,0,0,0
4171,H14170,H,301.9,313.3,1562,38.7,118,0,0,0,0,0,0
4172,M14171,M,301.9,313.2,1466,43.9,123,0,0,0,0,0,0
4173,H14172,H,301.9,313.3,1391,47.7,126,0,0,0,0,0,0
4174,L14173,L,301.9,313.3,1712,28.5,131,0,0,0,0,0,0
4175,M14174,M,301.8,313.2,1688,28.7,133,0,0,0,0,0,0
4176,M14175,M,301.8,313.2,1704,27.0,136,0,0,0,0,0,0
4177,M14176,M,301.8,313.1,1634,38.9,139,0,0,0,0,0,0
4178,H14177,H,301.7,313.1,1545,36.7,142,0,0,0,0,0,0
4179,M14178,M,301.8,313.0,1767,25.6,147,0,0,0,0,0,0
4180,H14179,H,301.8,313.0,1510,41.5,150,0,0,0,0,0,0
4181,M14180,M,301.9,312.9,1594,39.0,155,0,0,0,0,0,0
4182,L14181,L,301.8,312.8,1289,51.8,158,0,0,0,0,0,0
4183,M14182,M,301.8,312.8,1250,60.1,160,0,0,0,0,0,0
4184,L14183,L,301.7,312.9,1428,44.6,163,0,0,0,0,0,0
4185,H14184,H,301.7,312.9,1647,33.0,165,0,0,0,0,0,0
4186,H14185,H,301.8,312.9,1520,46.5,170,0,0,0,0,0,0
4187,L14186,L,301.8,312.8,1482,40.1,175,0,0,0,0,0,0
4188,L14187,L,301.8,312.9,1619,37.6,177,0,0,0,0,0,0
4189,L14188,L,301.8,312.9,1741,31.4,179,0,0,0,0,0,0
4190,L14189,L,301.7,312.9,1634,35.4,181,0,0,0,0,0,0
4191,L14190,L,301.7,312.8,1562,38.2,183,0,0,0,0,0,0
4192,M14191,M,301.7,312.8,1520,48.0,185,0,0,0,0,0,0
4193,M14192,M,301.7,312.9,1450,45.1,188,0,0,0,0,0,0
4194,H14193,H,301.7,312.8,1239,58.3,191,0,0,0,0,0,0
4195,L14194,L,301.7,312.7,1405,46.7,196,0,0,0,0,0,0
4196,M14195,M,301.7,312.8,1474,44.2,198,0,0,0,0,0,0
4197,L14196,L,301.7,312.9,1644,36.9,201,0,0,0,0,0,0
4198,H14197,H,301.7,312.8,1699,29.6,203,0,0,0,0,0,0
4199,L14198,L,301.7,312.8,1517,34.3,208,0,0,0,0,0,0
4200,L14199,L,301.7,312.9,1686,33.0,210,0,0,0,0,0,0
4201,L14200,L,301.7,313.0,1913,14.4,212,1,0,0,1,0,0
4202,H14201,H,301.6,312.9,1751,29.9,214,0,0,0,0,0,0
4203,L14202,L,301.6,312.9,1265,56.0,219,1,0,0,0,1,0
4204,M14203,M,301.6,312.9,1528,43.7,221,0,0,0,0,0,0
4205,M14204,M,301.5,312.8,1549,36.2,224,0,0,0,0,0,0
4206,M14205,M,301.5,312.7,1440,44.0,227,0,0,0,0,0,0
4207,L14206,L,301.5,312.7,1851,20.5,0,0,0,0,0,0,0
4208,L14207,L,301.5,312.7,1407,42.8,2,0,0,0,0,0,0
4209,L14208,L,301.5,312.9,1383,52.8,4,0,0,0,0,0,0
4210,L14209,L,301.5,312.8,1468,38.8,6,0,0,0,0,0,0
4211,M14210,M,301.4,312.7,1901,22.3,8,0,0,0,0,0,0
4212,L14211,L,301.5,312.7,1632,35.9,11,0,0,0,0,0,0
4213,L14212,L,301.5,312.7,1309,52.8,13,0,0,0,0,0,0
4214,L14213,L,301.5,312.9,1513,42.6,15,0,0,0,0,0,0
4215,M14214,M,301.5,312.9,1797,25.8,17,0,0,0,0,0,0
4216,L14215,L,301.5,312.9,1113,63.7,20,0,0,0,0,0,0
4217,M14216,M,301.5,312.8,1768,27.5,22,0,0,0,0,0,0
4218,L14217,L,301.5,312.8,1620,37.6,25,0,0,0,0,0,0
4219,H14218,H,301.4,312.7,1662,29.6,27,0,0,0,0,0,0
4220,M14219,M,301.4,312.7,1734,29.6,32,0,0,0,0,0,0
4221,L14220,L,301.4,312.8,1468,35.5,35,0,0,0,0,0,0
4222,L14221,L,301.5,312.8,1322,46.4,37,0,0,0,0,0,0
4223,L14222,L,301.5,312.8,1350,52.9,39,0,0,0,0,0,0
4224,L14223,L,301.5,312.8,1580,36.1,41,0,0,0,0,0,0
4225,L14224,L,301.5,312.9,1662,29.9,43,0,0,0,0,0,0
4226,H14225,H,301.5,313.0,1454,44.8,45,0,0,0,0,0,0
4227,M14226,M,301.6,313.1,1429,45.1,50,0,0,0,0,0,0
4228,L14227,L,301.6,313.1,1442,42.4,53,0,0,0,0,0,0
4229,M14228,M,301.5,313.0,1399,42.8,55,0,0,0,0,0,0
4230,L14229,L,301.6,313.1,1447,38.9,58,0,0,0,0,0,0
4231,H14230,H,301.6,313.1,1563,41.0,60,0,0,0,0,0,0
4232,L14231,L,301.6,313.1,1545,38.2,65,0,0,0,0,0,0
4233,M14232,M,301.5,313.0,1410,50.7,67,0,0,0,0,0,0
4234,M14233,M,301.6,313.1,1135,62.3,70,0,0,0,0,0,0
4235,L14234,L,301.5,313.1,1527,41.8,73,0,0,0,0,0,0
4236,L14235,L,301.5,313.0,1532,39.9,75,0,0,0,0,0,0
4237,L14236,L,301.4,312.9,1497,42.6,77,0,0,0,0,0,0
4238,H14237,H,301.5,313.0,1655,33.4,79,0,0,0,0,0,0
4239,M14238,M,301.5,313.1,1383,47.6,84,0,0,0,0,0,0
4240,M14239,M,301.4,313.0,1394,44.4,87,0,0,0,0,0,0
4241,M14240,M,301.3,312.9,1652,35.8,90,0,0,0,0,0,0
4242,H14241,H,301.3,312.8,1474,49.0,93,0,0,0,0,0,0
4243,L14242,L,301.4,312.8,1628,40.2,98,0,0,0,0,0,0
4244,M14243,M,301.4,312.7,1672,30.3,100,0,0,0,0,0,0
4245,M14244,M,301.3,312.7,1437,43.5,103,0,0,0,0,0,0
4246,L14245,L,301.3,312.5,1467,42.4,106,0,0,0,0,0,0
4247,H14246,H,301.2,312.4,1365,49.6,108,0,0,0,0,0,0
4248,L14247,L,301.2,312.4,1394,48.3,113,0,0,0,0,0,0
4249,L14248,L,301.2,312.5,1501,38.9,115,0,0,0,0,0,0
4250,H14249,H,301.3,312.3,1536,35.3,117,0,0,0,0,0,0
4251,L14250,L,301.2,312.2,1540,40.0,122,0,0,0,0,0,0
4252,L14251,L,301.2,312.2,1279,43.6,124,0,0,0,0,0,0
4253,L14252,L,301.2,312.2,1450,44.8,126,0,0,0,0,0,0
4254,M14253,M,301.1,312.2,1434,43.0,128,0,0,0,0,0,0
4255,H14254,H,301.2,312.3,1597,39.1,131,0,0,0,0,0,0
4256,L14255,L,301.2,312.3,1427,50.0,136,0,0,0,0,0,0
4257,L14256,L,301.2,312.2,1713,33.3,138,0,0,0,0,0,0
4258,L14257,L,301.2,312.3,1100,64.8,140,0,0,0,0,0,0
4259,H14258,H,301.3,312.3,1345,47.6,142,0,0,0,0,0,0
4260,L14259,L,301.2,312.2,1684,28.7,147,0,0,0,0,0,0
4261,H14260,H,301.1,312.0,1523,41.9,149,0,0,0,0,0,0
4262,H14261,H,301.1,312.0,1315,47.7,154,0,0,0,0,0,0
4263,L14262,L,301.1,312.0,1675,36.5,159,0,0,0,0,0,0
4264,H14263,H,301.0,312.0,1774,25.0,161,0,0,0,0,0,0
4265,M14264,M,301.1,312.1,1743,29.6,166,0,0,0,0,0,0
4266,M14265,M,301.1,312.1,1346,45.4,169,0,0,0,0,0,0
4267,L14266,L,301.1,312.1,1785,22.5,172,0,0,0,0,0,0
4268,H14267,H,301.1,312.0,1678,25.5,174,0,0,0,0,0,0
4269,M14268,M,301.1,312.0,1504,45.4,179,0,0,0,0,0,0
4270,M14269,M,301.0,311.9,1567,37.8,182,0,0,0,0,0,0
4271,H14270,H,301.1,311.9,1688,33.0,185,0,0,0,0,0,0
4272,L14271,L,301.1,311.9,1626,35.1,190,0,0,0,0,0,0
4273,H14272,H,301.1,311.9,1814,25.3,192,0,0,0,0,0,0
4274,H14273,H,301.1,312.0,1437,44.8,197,0,0,0,0,0,0
4275,L14274,L,301.1,312.0,1664,31.9,202,0,0,0,0,0,0
4276,L14275,L,301.1,311.9,1624,34.6,204,0,0,0,0,0,0
4277,L14276,L,301.1,312.0,1502,43.5,206,0,0,0,0,0,0
4278,H14277,H,301.1,312.0,1606,37.4,208,0,0,0,0,0,0
4279,L14278,L,301.2,312.2,1815,33.0,213,0,0,0,0,0,0
4280,M14279,M,301.2,312.1,1970,20.1,215,0,0,0,0,0,0
4281,L14280,L,301.2,312.1,1376,43.7,218,0,0,0,0,0,0
4282,L14281,L,301.2,312.1,1517,40.8,220,0,0,0,0,0,0
4283,M14282,M,301.0,312.1,1603,34.8,222,0,0,0,0,0,0
4284,L14283,L,301.1,312.2,1786,29.6,225,0,0,0,0,0,0
4285,H14284,H,301.1,312.2,1518,40.1,227,0,0,0,0,0,0
4286,L14285,L,301.1,312.3,1482,44.8,232,0,0,0,0,0,0
4287,H14286,H,301.1,312.2,1391,41.0,0,0,0,0,0,0,0
4288,L14287,L,301.1,312.3,1175,56.4,5,0,0,0,0,0,0
4289,H14288,H,301.2,312.3,1535,47.0,7,0,0,0,0,0,0
4290,M14289,M,301.1,312.2,1559,38.9,12,0,0,0,0,0,0
4291,L14290,L,301.2,312.4,1357,47.4,15,0,0,0,0,0,0
4292,L14291,L,301.3,312.5,1543,40.5,17,0,0,0,0,0,0
4293,L14292,L,301.3,312.4,1471,40.5,19,0,0,0,0,0,0
4294,M14293,M,301.3,312.5,1302,53.0,21,0,0,0,0,0,0
4295,H14294,H,301.2,312.3,1610,31.0,24,0,0,0,0,0,0
4296,L14295,L,301.3,312.3,1490,40.2,29,0,0,0,0,0,0
4297,L14296,L,301.2,312.3,1312,51.9,31,0,0,0,0,0,0
4298,M14297,M,301.2,312.3,1548,43.1,33,0,0,0,0,0,0
4299,M14298,M,301.2,312.3,1627,36.3,36,0,0,0,0,0,0
4300,M14299,M,301.2,312.3,1864,22.9,39,0,0,0,0,0,0
4301,L14300,L,301.3,312.4,1923,17.3,42,1,0,0,1,0,0
4302,M14301,M,301.3,312.4,1231,60.8,44,0,0,0,0,0,0
4303,H14302,H,301.4,312.5,1437,43.1,47,0,0,0,0,0,0
4304,L14303,L,301.4,312.5,1596,34.2,52,0,0,0,0,0,0
4305,L14304,L,301.4,312.5,1501,43.5,54,0,0,0,0,0,0
4306,L14305,L,301.4,312.4,1684,30.5,56,0,0,0,0,0,0
4307,M14306,M,301.4,312.4,1594,36.7,58,0,0,0,0,0,0
4308,L14307,L,301.4,312.3,1689,30.6,61,0,0,0,0,0,0
4309,H14308,H,301.5,312.4,1848,25.9,63,0,0,0,0,0,0
4310,M14309,M,301.5,312.5,1969,19.0,68,0,0,0,0,0,0
4311,M14310,M,301.5,312.5,1775,24.0,71,0,0,0,0,0,0
4312,M14311,M,301.5,312.5,1266,50.2,74,0,0,0,0,0,0
4313,L14312,L,301.4,312.5,1666,30.1,77,0,0,0,0,0,0
4314,H14313,H,301.5,312.4,1397,45.3,79,0,0,0,0,0,0
4315,L14314,L,301.4,312.3,1422,49.6,84,0,0,0,0,0,0
4316,M14315,M,301.4,312.4,1587,40.2,86,0,0,0,0,0,0
4317,H14316,H,301.4,312.4,1531,37.0,89,0,0,0,0,0,0
4318,M14317,M,301.5,312.4,1473,41.3,94,0,0,0,0,0,0
4319,H14318,H,301.4,312.3,1526,35.8,97,0,0,0,0,0,0
4320,L14319,L,301.4,312.5,1341,52.0,102,0,0,0,0,0,0
4321,H14320,H,301.5,312.5,1216,58.8,104,0,0,0,0,0,0
4322,M14321,M,301.5,312.6,1336,54.5,109,0,0,0,0,0,0
4323,M14322,M,301.5,312.5,1932,18.5,112,0,0,0,0,0,0
4324,L14323,L,301.4,312.5,1646,35.6,115,0,0,0,0,0,0
4325,L14324,L,301.5,312.5,1451,40.0,117,0,0,0,0,0,0
4326,M14325,M,301.6,312.7,1424,44.6,119,0,0,0,0,0,0
4327,L14326,L,301.6,312.6,1885,22.7,122,0,0,0,0,0,0
4328,M14327,M,301.6,312.6,1804,22.6,124,0,0,0,0,0,0
4329,H14328,H,301.6,312.6,1225,53.1,127,0,0,0,0,0,0
4330,H14329,H,301.6,312.6,1678,34.4,132,0,0,0,0,0,0
4331,L14330,L,301.6,312.6,1759,25.1,137,0,0,0,0,0,0
4332,H14331,H,301.5,312.4,1785,29.0,139,0,0,0,0,0,0
4333,L14332,L,301.5,312.4,1471,43.9,144,0,0,0,0,0,0
4334,L14333,L,301.5,312.4,1662,31.8,146,0,0,0,0,0,0
4335,H14334,H,301.5,312.4,1573,42.4,148,0,0,0,0,0,0
4336,L14335,L,301.5,312.4,1632,30.2,153,0,0,0,0,0,0
4337,L14336,L,301.5,312.4,1915,22.6,155,0,0,0,0,0,0
4338,L14337,L,301.6,312.5,1260,54.2,157,0,0,0,0,0,0
4339,M14338,M,301.6,312.5,1479,44.0,159,0,0,0,0,0,0
4340,H14339,H,301.5,312.4,1604,36.7,162,0,0,0,0,0,0
4341,L14340,L,301.5,312.3,1603,34.8,167,0,0,0,0,0,0
4342,L14341,L,301.5,312.3,1246,54.6,169,0,0,0,0,0,0
4343,M14342,M,301.4,312.2,1417,45.9,171,0,0,0,0,0,0
4344,L14343,L,301.5,312.2,1286,51.5,174,0,0,0,0,0,0
4345,M14344,M,301.5,312.2,1747,34.2,176,0,0,0,0,0,0
4346,H14345,H,301.6,312.1,1502,40.5,179,0,0,0,0,0,0
4347,M14346,M,301.5,312.1,1534,44.0,184,0,0,0,0,0,0
4348,H14347,H,301.6,312.0,1689,34.5,187,0,0,0,0,0,0
4349,M14348,M,301.5,312.0,1575,39.0,192,0,0,0,0,0,0
4350,H14349,H,301.5,312.0,1630,34.2,195,0,0,0,0,0,0
4351,L14350,L,301.5,312.0,1481,44.0,200,0,0,0,0,0,0
4352,L14351,L,301.5,311.9,1795,26.8,202,0,0,0,0,0,0
4353,M14352,M,301.5,312.1,1446,45.7,204,0,0,0,0,0,0
4354,L14353,L,301.6,312.1,1398,43.1,207,0,0,0,0,0,0
4355,H14354,H,301.6,312.1,1471,38.0,209,0,0,0,0,0,0
4356,M14355,M,301.5,312.1,1546,44.5,214,0,0,0,0,0,0
4357,H14356,H,301.5,312.0,1453,36.4,217,0,0,0,0,0,0
4358,L14357,L,301.5,312.0,1663,33.3,222,0,0,0,0,0,0
4359,L14358,L,301.5,312.1,1432,45.4,224,0,0,0,0,0,0
4360,M14359,M,301.5,312.1,1447,45.9,226,0,0,0,0,0,0
4361,L14360,L,301.5,312.1,1561,34.9,229,0,0,0,0,0,0
4362,M14361,M,301.6,312.1,1658,34.1,231,0,0,0,0,0,0
4363,M14362,M,301.5,311.9,1581,38.2,0,0,0,0,0,0,0
4364,H14363,H,301.6,311.9,1786,34.5,3,0,0,0,0,0,0
4365,M14364,M,301.5,311.8,1286,55.3,8,0,0,0,0,0,0
4366,L14365,L,301.5,311.8,1560,43.2,11,0,0,0,0,0,0
4367,L14366,L,301.5,311.9,1452,40.1,13,0,0,0,0,0,0
4368,M14367,M,301.5,311.9,1754,30.7,15,0,0,0,0,0,0
4369,L14368,L,301.4,311.9,1425,47.4,18,0,0,0,0,0,0
4370,L14369,L,301.4,311.8,1657,33.9,20,0,0,0,0,0,0
4371,L14370,L,301.4,311.8,1665,33.5,22,0,0,0,0,0,0
4372,L14371,L,301.4,311.9,1502,47.7,24,0,0,0,0,0,0
4373,M14372,M,301.4,311.9,1486,43.9,26,0,0,0,0,0,0
4374,L14373,L,301.4,311.9,1920,15.0,29,1,0,0,1,0,0
4375,M14374,M,301.4,311.8,1530,38.4,31,0,0,0,0,0,0
4376,L14375,L,301.3,311.7,1562,41.3,34,0,0,0,0,0,0
4377,M14376,M,301.4,311.8,1621,36.6,36,0,0,0,0,0,0
4378,L14377,L,301.4,311.8,1425,41.6,39,0,0,0,0,0,0
4379,H14378,H,301.4,311.9,1875,21.9,41,0,0,0,0,0,0
4380,L14379,L,301.4,311.9,1959,11.7,46,1,0,0,1,0,0
4381,M14380,M,301.4,311.8,1728,30.2,48,0,0,0,0,0,0
4382,L14381,L,301.4,311.9,1445,42.8,51,0,0,0,0,0,0
4383,L14382,L,301.4,311.9,2071,7.8,53,1,0,0,1,0,0
4384,L14383,L,301.4,312.0,1651,31.6,55,0,0,0,0,0,0
4385,H14384,H,301.4,312.0,1950,20.8,57,0,0,0,0,0,0
4386,H14385,H,301.4,311.9,1602,37.6,62,0,0,0,0,0,0
4387,L14386,L,301.5,312.0,1276,59.6,67,0,0,0,0,0,0
4388,L14387,L,301.4,312.1,1737,37.8,69,0,0,0,0,0,0
4389,M14388,M,301.4,312.0,1559,38.9,71,0,0,0,0,0,0
4390,M14389,M,301.4,311.9,1479,48.4,74,0,0,0,0,0,0
4391,L14390,L,301.4,311.9,1495,40.2,77,0,0,0,0,0,0
4392,M14391,M,301.5,311.9,1645,37.9,79,0,0,0,0,0,0
4393,M14392,M,301.5,312.0,1335,49.3,82,0,0,0,0,0,0
4394,M14393,M,301.6,312.0,1457,44.7,85,0,0,0,0,0,0
4395,L14394,L,301.6,312.1,1519,42.9,88,0,0,0,0,0,0
4396,L14395,L,301.6,312.1,1600,38.6,90,0,0,0,0,0,0
4397,L14396,L,301.6,312.0,1526,36.5,92,0,0,0,0,0,0
4398,M14397,M,301.6,312.1,1334,49.2,94,0,0,0,0,0,0
4399,L14398,L,301.7,312.2,1629,36.6,97,0,0,0,0,0,0
4400,M14399,M,301.7,312.2,1308,52.3,99,0,0,0,0,0,0
4401,M14400,M,301.8,312.2,1638,29.5,102,0,0,0,0,0,0
4402,M14401,M,301.8,312.2,1290,54.3,105,0,0,0,0,0,0
4403,L14402,L,301.7,312.1,1451,44.7,108,0,0,0,0,0,0
4404,L14403,L,301.6,312.0,1713,30.3,110,0,0,0,0,0,0
4405,L14404,L,301.5,312.0,1481,45.1,112,0,0,0,0,0,0
4406,M14405,M,301.5,312.1,1675,33.5,114,0,0,0,0,0,0
4407,H14406,H,301.5,312.0,1489,40.3,117,0,0,0,0,0,0
4408,L14407,L,301.5,312.1,1598,35.1,122,0,0,0,0,0,0
4409,H14408,H,301.5,312.2,1612,38.7,124,0,0,0,0,0,0
4410,L14409,L,301.5,312.1,1348,49.4,129,0,0,0,0,0,0
4411,L14410,L,301.5,312.1,1428,45.2,131,0,0,0,0,0,0
4412,L14411,L,301.5,312.1,1645,28.7,133,0,0,0,0,0,0
4413,M14412,M,301.4,312.0,1718,29.3,135,0,0,0,0,0,0
4414,L14413,L,301.5,312.0,1511,42.7,138,0,0,0,0,0,0
4415,L14414,L,301.5,312.0,1369,43.4,140,0,0,0,0,0,0
4416,M14415,M,301.5,312.0,1593,33.3,142,0,0,0,0,0,0
4417,M14416,M,301.5,312.1,1188,55.9,145,0,0,0,0,0,0
4418,L14417,L,301.6,312.1,1444,48.1,148,0,0,0,0,0,0
4419,L14418,L,301.6,312.1,1537,33.7,150,0,0,0,0,0,0
4420,M14419,M,301.7,312.1,1656,32.8,152,0,0,0,0,0,0
4421,L14420,L,301.6,312.0,1617,37.7,155,0,0,0,0,0,0
4422,L14421,L,301.6,312.1,1605,36.7,157,0,0,0,0,0,0
4423,M14422,M,301.5,312.0,1300,52.6,159,0,0,0,0,0,0
4424,L14423,L,301.5,312.1,1390,49.8,162,0,0,0,0,0,0
4425,M14424,M,301.5,312.1,1590,40.4,164,0,0,0,0,0,0
4426,L14425,L,301.5,312.1,1417,46.8,167,0,0,0,0,0,0
4427,L14426,L,301.6,312.2,1273,48.2,169,0,0,0,0,0,0
4428,L14427,L,301.6,312.2,1592,40.6,171,0,0,0,0,0,0
4429,L14428,L,301.6,312.4,1492,44.0,173,0,0,0,0,0,0
4430,L14429,L,301.6,312.4,1435,45.9,175,0,0,0,0,0,0
4431,L14430,L,301.6,312.4,1344,44.9,177,0,0,0,0,0,0
4432,H14431,H,301.6,312.6,1654,32.2,179,0,0,0,0,0,0
4433,H14432,H,301.6,312.6,1604,33.2,184,0,0,0,0,0,0
4434,L14433,L,301.7,312.8,1519,37.1,189,0,0,0,0,0,0
4435,M14434,M,301.7,312.6,1651,32.9,191,0,0,0,0,0,0
4436,M14435,M,301.7,312.6,1759,25.3,194,0,0,0,0,0,0
4437,H14436,H,301.6,312.5,1397,46.8,197,0,0,0,0,0,0
4438,L14437,L,301.6,312.4,1520,43.5,202,0,0,0,0,0,0
4439,L14438,L,301.6,312.4,1780,26.6,204,0,0,0,0,0,0
4440,L14439,L,301.7,312.4,1551,37.6,0,0,0,0,0,0,0
4441,L14440,L,301.7,312.5,1535,38.2,2,0,0,0,0,0,0
4442,L14441,L,301.6,312.4,1482,41.8,4,0,0,0,0,0,0
4443,H14442,H,301.7,312.4,1708,29.2,6,0,0,0,0,0,0
4444,H14443,H,301.7,312.5,1801,26.5,11,0,0,0,0,0,0
4445,L14444,L,301.7,312.4,1391,45.2,16,0,0,0,0,0,0
4446,L14445,L,301.7,312.5,1880,24.7,18,0,0,0,0,0,0
4447,L14446,L,301.7,312.5,1610,37.7,20,0,0,0,0,0,0
4448,L14447,L,301.7,312.4,1440,36.7,22,0,0,0,0,0,0
4449,M14448,M,301.6,312.4,1564,38.8,24,0,0,0,0,0,0
4450,L14449,L,301.7,312.6,1553,42.5,27,0,0,0,0,0,0
4451,H14450,H,301.7,312.6,1288,56.0,29,0,0,0,0,0,0
4452,H14451,H,301.8,312.7,1787,24.0,34,0,0,0,0,0,0
4453,M14452,M,301.8,312.7,1386,48.8,39,0,0,0,0,0,0
4454,M14453,M,301.8,312.7,1975,14.9,42,1,0,0,1,0,0
4455,M14454,M,301.7,312.7,1344,53.9,45,0,0,0,0,0,0
4456,L14455,L,301.7,312.6,1806,19.6,48,0,0,0,0,0,0
4457,L14456,L,301.7,312.7,1100,64.4,50,0,0,0,0,0,0
4458,M14457,M,301.7,312.7,1696,36.1,52,0,0,0,0,0,0
4459,L14458,L,301.6,312.7,1320,52.9,55,0,0,0,0,0,0
4460,H14459,H,301.6,312.7,1439,50.8,57,0,0,0,0,0,0
4461,L14460,L,301.6,312.6,1779,35.6,62,0,0,0,0,0,0
4462,L14461,L,301.6,312.7,1572,36.4,64,0,0,0,0,0,0
4463,L14462,L,301.6,312.7,1613,31.6,66,0,0,0,0,0,0
4464,H14463,H,301.6,312.7,1389,47.9,68,0,0,0,0,0,0
4465,L14464,L,301.6,312.6,1671,35.8,73,0,0,0,0,0,0
4466,L14465,L,301.6,312.5,1747,31.8,75,0,0,0,0,0,0
4467,L14466,L,301.6,312.6,1574,45.4,77,0,0,0,0,0,0
4468,M14467,M,301.7,312.6,1689,31.0,79,0,0,0,0,0,0
4469,H14468,H,301.7,312.5,1621,36.7,82,0,0,0,0,0,0
4470,L14469,L,301.7,312.5,1480,41.1,87,0,0,0,0,0,0
4471,H14470,H,301.7,312.6,1507,33.6,89,0,0,0,0,0,0
4472,L14471,L,301.7,312.6,1619,35.1,94,0,0,0,0,0,0
4473,M14472,M,301.7,312.6,1212,55.3,96,0,0,0,0,0,0
4474,L14473,L,301.7,312.7,1609,38.0,99,0,0,0,0,0,0
4475,L14474,L,301.8,312.8,1494,36.4,101,0,0,0,0,0,0
4476,M14475,M,301.8,312.7,1526,38.2,103,0,0,0,0,0,0
4477,M14476,M,301.8,312.7,1476,44.5,106,0,0,0,0,0,0
4478,L14477,L,301.7,312.8,1735,29.7,109,0,0,0,0,0,0
4479,H14478,H,301.8,312.9,1463,44.3,111,0,0,0,0,0,0
4480,H14479,H,301.8,312.9,1599,42.6,116,0,0,0,0,0,0
4481,L14480,L,301.7,312.8,1930,22.1,121,0,0,0,0,0,0
4482,M14481,M,301.8,312.8,1195,57.9,123,0,0,0,0,0,0
4483,M14482,M,301.8,312.7,1380,54.6,126,0,0,0,0,0,0
4484,L14483,L,301.7,312.7,1773,32.0,129,0,0,0,0,0,0
4485,H14484,H,301.8,312.7,1722,28.8,131,0,0,0,0,0,0
4486,L14485,L,301.8,312.8,1502,42.3,136,0,0,0,0,0,0
4487,M14486,M,301.8,312.8,1778,25.7,138,0,0,0,0,0,0
4488,L14487,L,301.7,312.8,1270,53.6,141,0,0,0,0,0,0
4489,L14488,L,301.6,312.7,1587,35.3,143,0,0,0,0,0,0
4490,M14489,M,301.6,312.6,1336,56.2,145,0,0,0,0,0,0
4491,M14490,M,301.6,312.7,1703,31.8,148,0,0,0,0,0,0
4492,H14491,H,301.5,312.6,1526,38.9,151,0,0,0,0,0,0
4493,H14492,H,301.6,312.6,1271,52.7,156,0,0,0,0,0,0
4494,L14493,L,301.6,312.7,1551,36.8,161,0,0,0,0,0,0
4495,L14494,L,301.6,312.7,1483,42.7,163,0,0,0,0,0,0
4496,L14495,L,301.5,312.7,1403,50.9,165,0,0,0,0,0,0
4497,L14496,L,301.5,312.7,1584,34.4,167,0,0,0,0,0,0
4498,L14497,L,301.5,312.7,1803,27.4,169,0,0,0,0,0,0
4499,H14498,H,301.5,312.7,1797,25.4,171,0,0,0,0,0,0
4500,M14499,M,301.5,312.6,1447,45.8,176,0,0,0,0,0,0
4501,L14500,L,301.6,312.7,1529,43.9,179,0,0,0,0,0,0
4502,L14501,L,301.7,312.7,1405,50.6,181,0,0,0,0,0,0
4503,M14502,M,301.8,312.8,1506,37.3,183,0,0,0,0,0,0
4504,L14503,L,301.8,312.8,1721,25.7,186,0,0,0,0,0,0
4505,L14504,L,301.8,312.9,1925,16.5,188,1,0,0,1,0,0
4506,L14505,L,301.8,312.9,1100,68.7,190,1,0,0,0,1,0
4507,L14506,L,301.8,313.1,1525,45.3,192,0,0,0,0,0,0
4508,L14507,L,301.7,312.9,1518,41.4,194,0,0,0,0,0,0
4509,M14508,M,301.7,313.0,1586,42.8,196,0,0,0,0,0,0
4510,L14509,L,301.7,313.0,1742,25.7,199,0,0,0,0,0,0
4511,M14510,M,301.6,312.9,1643,32.1,201,0,0,0,0,0,0
4512,M14511,M,301.5,312.9,1224,57.4,204,0,0,0,0,0,0
4513,H14512,H,301.6,312.9,1380,46.6,207,1,0,0,0,0,1
4514,L14513,L,301.6,313.0,1733,32.4,212,0,0,0,0,0,0
4515,L14514,L,301.6,313.1,1592,27.7,214,0,0,0,0,0,0
4516,L14515,L,301.6,313.1,1598,34.8,216,0,0,0,0,0,0
4517,L14516,L,301.6,313.1,1656,36.8,218,0,0,0,0,0,0
4518,L14517,L,301.7,313.2,1172,60.5,220,1,0,0,0,1,0
4519,M14518,M,301.6,313.1,1630,38.1,222,0,0,0,0,0,0
4520,L14519,L,301.6,313.2,1863,28.1,225,0,0,0,0,0,0
4521,L14520,L,301.6,313.1,1552,39.4,0,0,0,0,0,0,0
4522,L14521,L,301.7,313.2,1558,42.6,2,0,0,0,0,0,0
4523,M14522,M,301.7,313.2,1891,27.2,4,0,0,0,0,0,0
4524,H14523,H,301.7,313.0,1492,44.0,7,0,0,0,0,0,0
4525,M14524,M,301.7,313.0,1330,52.1,12,0,0,0,0,0,0
4526,M14525,M,301.7,313.1,1565,41.4,15,0,0,0,0,0,0
4527,M14526,M,301.7,313.1,1740,32.0,18,0,0,0,0,0,0
4528,M14527,M,301.7,313.1,1626,34.7,21,0,0,0,0,0,0
4529,L14528,L,301.7,313.1,1793,23.4,24,0,0,0,0,0,0
4530,M14529,M,301.6,313.0,1657,38.7,26,0,0,0,0,0,0
4531,M14530,M,301.6,313.0,1470,43.1,29,0,0,0,0,0,0
4532,L14531,L,301.6,313.0,1757,31.0,32,0,0,0,0,0,0
4533,M14532,M,301.7,313.0,1223,59.4,34,0,0,0,0,0,0
4534,L14533,L,301.7,313.1,1505,47.9,37,0,0,0,0,0,0
4535,M14534,M,301.8,313.1,1795,22.1,39,0,0,0,0,0,0
4536,L14535,L,301.8,313.1,1792,22.3,42,0,0,0,0,0,0
4537,M14536,M,301.8,313.1,1753,30.2,44,0,0,0,0,0,0
4538,H14537,H,301.8,313.1,1207,55.7,47,0,0,0,0,0,0
4539,L14538,L,301.8,313.0,1393,48.9,52,0,0,0,0,0,0
4540,L14539,L,301.8,313.1,1348,56.2,54,0,0,0,0,0,0
4541,L14540,L,301.7,313.1,1437,40.1,56,0,0,0,0,0,0
4542,L14541,L,301.7,313.1,1596,37.9,58,0,0,0,0,0,0
4543,H14542,H,301.8,313.2,1818,27.5,60,0,0,0,0,0,0
4544,L14543,L,301.8,313.2,1477,43.5,65,0,0,0,0,0,0
4545,L14544,L,301.9,313.2,1520,38.0,67,0,0,0,0,0,0
4546,L14545,L,301.8,313.2,1563,37.7,69,0,0,0,0,0,0
4547,H14546,H,301.8,313.2,1216,56.2,71,0,0,0,0,0,0
4548,L14547,L,301.8,313.2,1563,38.7,76,0,0,0,0,0,0
4549,M14548,M,301.9,313.3,1296,53.3,78,0,0,0,0,0,0
4550,L14549,L,301.9,313.3,1779,24.1,81,0,0,0,0,0,0
4551,L14550,L,301.9,313.3,1107,66.9,83,0,0,0,0,0,0
4552,M14551,M,301.9,313.2,1690,36.3,85,0,0,0,0,0,0
4553,L14552,L,301.9,313.2,1436,47.1,88,0,0,0,0,0,0
4554,M14553,M,301.9,313.2,1466,48.7,90,0,0,0,0,0,0
4555,L14554,L,301.8,313.2,1711,35.0,93,0,0,0,0,0,0
4556,M14555,M,301.8,313.1,1366,48.2,95,0,0,0,0,0,0
4557,M14556,M,301.8,312.9,1405,48.7,98,0,0,0,0,0,0
4558,M14557,M,301.8,312.8,1636,32.9,101,0,0,0,0,0,0
4559,L14558,L,301.7,312.7,1574,33.0,104,0,0,0,0,0,0
4560,M14559,M,301.8,312.7,1550,40.5,106,0,0,0,0,0,0
4561,H14560,H,301.8,312.7,1499,38.8,109,0,0,0,0,0,0
4562,L14561,L,301.8,312.7,1328,53.9,114,0,0,0,0,0,0
4563,L14562,L,301.7,312.6,1332,47.0,116,0,0,0,0,0,0
4564,H14563,H,301.8,312.5,1560,39.3,118,0,0,0,0,0,0
4565,L14564,L,301.7,312.4,1347,46.1,123,0,0,0,0,0,0
4566,M14565,M,301.8,312.4,1924,19.5,125,0,0,0,0,0,0
4567,M14566,M,301.8,312.3,1621,33.8,128,0,0,0,0,0,0
4568,L14567,L,301.8,312.4,1462,42.9,131,0,0,0,0,0,0
4569,M14568,M,301.8,312.5,1411,51.2,133,0,0,0,0,0,0
4570,M14569,M,301.7,312.5,1486,42.0,136,0,0,0,0,0,0
4571,L14570,L,301.7,312.6,1296,54.6,139,0,0,0,0,0,0
4572,H14571,H,301.7,312.5,1379,48.7,141,0,0,0,0,0,0
4573,L14572,L,301.6,312.5,1649,35.1,146,0,0,0,0,0,0
4574,L14573,L,301.8,312.6,1620,38.6,148,0,0,0,0,0,0
4575,H14574,H,301.7,312.6,1515,44.1,150,0,0,0,0,0,0
4576,L14575,L,301.7,312.5,1588,35.5,155,0,0,0,0,0,0
4577,H14576,H,301.6,312.5,1345,55.3,157,0,0,0,0,0,0
4578,L14577,L,301.7,312.6,1675,28.9,162,0,0,0,0,0,0
4579,L14578,L,301.7,312.6,1443,43.2,164,0,0,0,0,0,0
4580,L14579,L,301.8,312.7,1406,47.4,166,0,0,0,0,0,0
4581,M14580,M,301.7,312.6,1650,36.9,168,0,0,0,0,0,0
4582,M14581,M,301.7,312.5,1564,34.6,171,0,0,0,0,0,0
4583,H14582,H,301.8,312.5,1601,39.2,174,0,0,0,0,0,0
4584,H14583,H,301.8,312.5,1397,48.1,179,0,0,0,0,0,0
4585,M14584,M,301.7,312.4,1599,35.0,184,0,0,0,0,0,0
4586,M14585,M,301.7,312.5,1781,29.3,187,0,0,0,0,0,0
4587,M14586,M,301.8,312.6,1297,51.5,190,0,0,0,0,0,0
4588,H14587,H,301.8,312.6,1598,44.0,193,0,0,0,0,0,0
4589,M14588,M,301.8,312.6,1357,50.1,198,0,0,0,0,0,0
4590,H14589,H,301.7,312.4,1417,47.6,201,0,0,0,0,0,0
4591,L14590,L,301.7,312.4,1254,61.8,206,1,0,0,0,1,0
4592,L14591,L,301.7,312.4,1358,51.1,208,0,0,0,0,0,0
4593,M14592,M,301.7,312.4,1728,32.8,210,0,0,0,0,0,0
4594,L14593,L,301.7,312.4,1349,44.7,213,0,0,0,0,0,0
4595,L14594,L,301.7,312.4,1608,34.4,215,0,0,0,0,0,0
4596,H14595,H,301.6,312.3,1637,35.5,217,0,0,0,0,0,0
4597,L14596,L,301.6,312.4,1839,25.9,222,0,0,0,0,0,0
4598,L14597,L,301.6,312.3,1630,37.1,224,0,0,0,0,0,0
4599,L14598,L,301.7,312.4,1483,45.5,226,0,0,0,0,0,0
4600,L14599,L,301.7,312.3,1609,39.3,228,0,0,0,0,0,0
4601,M14600,M,301.8,312.4,1751,29.0,230,0,0,0,0,0,0
4602,H14601,H,301.7,312.3,1677,24.8,233,1,1,0,0,0,0
4603,H14602,H,301.7,312.3,1259,61.1,0,0,0,0,0,0,0
4604,M14603,M,301.7,312.3,1436,43.3,5,0,0,0,0,0,0
4605,M14604,M,301.7,312.2,1696,31.8,8,0,0,0,0,0,0
4606,L14605,L,301.6,312.1,1470,44.6,11,0,0,0,0,0,0
4607,H14606,H,301.6,312.0,1168,61.9,13,0,0,0,0,0,0
4608,L14607,L,301.6,311.9,1371,46.2,18,0,0,0,0,0,0
4609,L14608,L,301.6,311.9,1904,12.1,20,1,0,0,1,0,0
4610,H14609,H,301.6,311.8,1100,66.5,22,0,0,0,0,0,0
4611,H14610,H,301.6,311.9,1899,21.5,27,0,0,0,0,0,0
4612,L14611,L,301.6,311.9,1492,37.9,32,0,0,0,0,0,0
4613,M14612,M,301.7,311.9,1682,28.7,34,0,0,0,0,0,0
4614,L14613,L,301.6,311.8,1687,32.6,37,0,0,0,0,0,0
4615,L14614,L,301.6,311.9,1432,42.8,39,0,0,0,0,0,0
4616,L14615,L,301.7,312.0,1860,19.3,41,0,0,0,0,0,0
4617,L14616,L,301.6,311.9,1558,39.1,43,0,0,0,0,0,0
4618,M14617,M,301.6,311.9,1359,51.5,45,0,0,0,0,0,0
4619,L14618,L,301.6,311.9,1623,31.6,48,0,0,0,0,0,0
4620,M14619,M,301.6,311.9,1782,26.1,50,0,0,0,0,0,0
4621,L14620,L,301.6,311.8,1584,38.6,53,0,0,0,0,0,0
4622,H14621,H,301.5,311.6,1524,36.6,55,0,0,0,0,0,0
4623,M14622,M,301.5,311.6,1651,34.0,60,0,0,0,0,0,0
4624,H14623,H,301.5,311.4,1700,28.1,63,0,0,0,0,0,0
4625,L14624,L,301.5,311.6,1457,45.2,68,0,0,0,0,0,0
4626,M14625,M,301.5,311.5,1477,46.0,70,0,0,0,0,0,0
4627,H14626,H,301.4,311.5,1709,29.3,73,0,0,0,0,0,0
4628,L14627,L,301.5,311.6,1747,30.7,78,0,0,0,0,0,0
4629,L14628,L,301.5,311.6,1559,41.4,80,0,0,0,0,0,0
4630,L14629,L,301.4,311.6,1753,30.4,82,0,0,0,0,0,0
4631,L14630,L,301.4,311.6,1530,41.8,84,0,0,0,0,0,0
4632,L14631,L,301.5,311.6,1350,54.7,86,0,0,0,0,0,0
4633,L14632,L,301.6,311.7,1570,39.4,88,0,0,0,0,0,0
4634,L14633,L,301.6,311.8,1651,27.9,90,0,0,0,0,0,0
4635,M14634,M,301.6,311.8,1427,43.9,92,0,0,0,0,0,0
4636,L14635,L,301.6,311.8,1556,38.2,95,0,0,0,0,0,0
4637,L14636,L,301.7,311.9,1559,38.5,97,0,0,0,0,0,0
4638,M14637,M,301.6,311.8,1477,44.8,99,0,0,0,0,0,0
4639,L14638,L,301.6,311.8,1375,46.9,102,0,0,0,0,0,0
4640,L14639,L,301.6,311.7,1644,40.4,104,0,0,0,0,0,0
4641,L14640,L,301.6,311.7,1543,39.4,106,0,0,0,0,0,0
4642,L14641,L,301.6,311.7,1187,60.6,108,0,0,0,0,0,0
4643,L14642,L,301.5,311.6,1296,52.0,110,0,0,0,0,0,0
4644,L14643,L,301.4,311.5,1340,48.3,112,0,0,0,0,0,0
4645,L14644,L,301.4,311.5,1509,41.3,114,0,0,0,0,0,0
4646,H14645,H,301.4,311.7,1711,29.9,116,0,0,0,0,0,0
4647,H14646,H,301.4,311.7,1341,51.3,121,0,0,0,0,0,0
4648,L14647,L,301.5,311.7,1606,41.4,126,0,0,0,0,0,0
4649,L14648,L,301.5,311.8,1629,34.2,128,0,0,0,0,0,0
4650,L14649,L,301.5,311.7,1575,37.6,130,0,0,0,0,0,0
4651,H14650,H,301.5,311.6,1748,30.3,132,0,0,0,0,0,0
4652,H14651,H,301.5,311.6,1349,50.6,137,0,0,0,0,0,0
4653,L14652,L,301.5,311.5,1452,46.8,142,0,0,0,0,0,0
4654,L14653,L,301.6,311.6,1436,41.8,144,0,0,0,0,0,0
4655,L14654,L,301.5,311.4,1474,39.6,146,0,0,0,0,0,0
4656,H14655,H,301.5,311.4,1661,33.2,148,0,0,0,0,0,0
4657,H14656,H,301.4,311.4,1887,18.7,153,0,0,0,0,0,0
4658,L14657,L,301.5,311.5,1733,25.9,158,0,0,0,0,0,0
4659,M14658,M,301.4,311.5,1671,32.6,160,0,0,0,0,0,0
4660,L14659,L,301.5,311.5,1702,31.1,163,0,0,0,0,0,0
4661,M14660,M,301.5,311.7,1449,42.9,165,0,0,0,0,0,0
4662,H14661,H,301.5,311.6,1371,48.1,168,0,0,0,0,0,0
4663,L14662,L,301.5,311.7,1572,38.7,173,0,0,0,0,0,0
4664,L14663,L,301.5,311.8,1241,54.1,175,0,0,0,0,0,0
4665,M14664,M,301.5,311.8,1637,32.2,177,0,0,0,0,0,0
4666,L14665,L,301.5,311.8,1591,38.6,180,0,0,0,0,0,0
4667,H14666,H,301.5,311.8,1545,39.5,182,0,0,0,0,0,0
4668,L14667,L,301.5,311.8,1326,50.9,187,0,0,0,0,0,0
4669,H14668,H,301.5,311.9,1470,41.1,189,0,0,0,0,0,0
4670,L14669,L,301.5,311.9,1459,41.3,194,0,0,0,0,0,0
4671,L14670,L,301.5,311.8,1812,23.5,196,0,0,0,0,0,0
4672,L14671,L,301.4,311.6,1804,31.0,198,0,0,0,0,0,0
4673,L14672,L,301.4,311.6,1383,51.0,200,0,0,0,0,0,0
4674,L14673,L,301.4,311.6,1816,19.2,202,0,0,0,0,0,0
4675,M14674,M,301.5,311.7,1349,53.4,204,0,0,0,0,0,0
4676,L14675,L,301.5,311.6,1411,45.0,207,0,0,0,0,0,0
4677,L14676,L,301.4,311.5,1665,32.5,209,0,0,0,0,0,0
4678,L14677,L,301.4,311.3,1647,31.7,211,0,0,0,0,0,0
4679,L14678,L,301.3,311.2,1329,59.0,213,1,0,0,0,1,0
4680,H14679,H,301.3,311.2,1235,54.1,215,0,0,0,0,0,0
4681,H14680,H,301.3,311.1,1576,38.8,220,0,0,0,0,0,0
4682,L14681,L,301.2,311.0,1477,41.3,225,0,0,0,0,0,0
4683,M14682,M,301.2,311.0,1689,33.5,227,0,0,0,0,0,0
4684,M14683,M,301.2,311.1,1531,41.3,0,0,0,0,0,0,0
4685,H14684,H,301.3,311.1,1723,33.3,3,0,0,0,0,0,0
4686,L14685,L,301.2,310.9,1591,39.2,8,0,0,0,0,0,0
4687,L14686,L,301.3,311.0,1191,58.1,10,0,0,0,0,0,0
4688,L14687,L,301.3,311.0,1717,39.0,12,0,0,0,0,0,0
4689,H14688,H,301.3,311.1,1747,29.5,14,0,0,0,0,0,0
4690,M14689,M,301.3,311.0,1740,26.3,19,0,0,0,0,0,0
4691,L14690,L,301.3,310.9,1528,41.3,22,0,0,0,0,0,0
4692,L14691,L,301.3,310.9,1703,32.4,24,0,0,0,0,0,0
4693,M14692,M,301.3,311.0,1529,42.5,26,0,0,0,0,0,0
4694,H14693,H,301.3,310.9,1841,23.8,29,0,0,0,0,0,0
4695,L14694,L,301.3,310.9,1475,46.9,34,0,0,0,0,0,0
4696,M14695,M,301.2,310.9,1767,29.4,36,0,0,0,0,0,0
4697,L14696,L,301.2,310.9,1483,40.5,39,0,0,0,0,0,0
4698,L14697,L,301.2,310.8,1713,36.6,41,0,0,0,0,0,0
4699,M14698,M,301.2,310.8,1356,57.2,43,0,0,0,0,0,0
4700,M14699,M,301.2,310.8,1554,41.7,46,0,0,0,0,0,0
4701,H14700,H,301.2,310.7,1209,59.5,49,0,0,0,0,0,0
4702,L14701,L,301.3,310.9,1446,45.6,54,0,0,0,0,0,0
4703,L14702,L,301.3,310.8,1278,54.3,56,0,0,0,0,0,0
4704,L14703,L,301.2,310.7,1563,37.9,58,0,0,0,0,0,0
4705,L14704,L,301.2,310.7,1357,43.5,60,0,0,0,0,0,0
4706,L14705,L,301.2,310.7,1416,52.2,62,0,0,0,0,0,0
4707,L14706,L,301.2,310.7,1450,49.0,64,0,0,0,0,0,0
4708,L14707,L,301.1,310.7,1354,45.3,66,0,0,0,0,0,0
4709,L14708,L,301.1,310.8,1644,36.7,68,0,0,0,0,0,0
4710,L14709,L,301.1,310.9,1565,38.4,70,0,0,0,0,0,0
4711,M14710,M,301.1,310.9,1333,51.4,72,0,0,0,0,0,0
4712,L14711,L,301.0,310.7,1337,53.5,75,0,0,0,0,0,0
4713,M14712,M,301.0,310.6,1541,34.1,77,0,0,0,0,0,0
4714,H14713,H,301.0,310.8,1664,32.6,80,0,0,0,0,0,0
4715,M14714,M,301.0,310.8,1696,31.0,85,0,0,0,0,0,0
4716,L14715,L,301.0,310.8,1401,48.3,88,0,0,0,0,0,0
4717,L14716,L,301.0,310.7,1620,30.7,90,0,0,0,0,0,0
4718,M14717,M,301.0,310.7,1424,48.2,92,0,0,0,0,0,0
4719,M14718,M,301.0,310.8,1504,45.5,95,0,0,0,0,0,0
4720,L14719,L,301.0,310.9,1653,34.5,98,0,0,0,0,0,0
4721,L14720,L,301.0,310.8,1259,55.6,100,0,0,0,0,0,0
4722,M14721,M,301.0,310.9,1937,25.4,102,0,0,0,0,0,0
4723,L14722,L,301.0,310.9,1204,56.6,105,0,0,0,0,0,0
4724,M14723,M,300.9,310.8,1527,43.2,107,0,0,0,0,0,0
4725,L14724,L,300.9,310.8,1904,19.3,110,0,0,0,0,0,0
4726,L14725,L,300.9,310.9,1380,55.9,112,0,0,0,0,0,0
4727,H14726,H,300.9,310.9,1394,49.7,114,0,0,0,0,0,0
4728,L14727,L,301.0,311.1,1644,35.7,119,0,0,0,0,0,0
4729,M14728,M,300.9,311.1,1730,30.4,121,0,0,0,0,0,0
4730,L14729,L,300.9,311.1,1746,24.3,124,0,0,0,0,0,0
4731,L14730,L,301.0,311.2,1100,64.2,126,0,0,0,0,0,0
4732,H14731,H,301.0,311.2,1680,30.8,128,0,0,0,0,0,0
4733,L14732,L,301.0,311.3,1806,27.4,133,0,0,0,0,0,0
4734,L14733,L,301.0,311.3,1505,42.7,135,0,0,0,0,0,0
4735,H14734,H,300.9,311.3,1805,23.6,137,0,0,0,0,0,0
4736,M14735,M,300.9,311.3,1782,30.2,142,0,0,0,0,0,0
4737,M14736,M,300.8,311.3,1258,49.9,145,0,0,0,0,0,0
4738,L14737,L,300.9,311.5,1387,44.6,148,0,0,0,0,0,0
4739,L14738,L,300.9,311.5,1464,36.1,150,0,0,0,0,0,0
4740,M14739,M,300.9,311.4,1602,40.2,152,0,0,0,0,0,0
4741,L14740,L,300.8,311.3,1608,35.6,155,0,0,0,0,0,0
4742,L14741,L,300.8,311.1,1603,39.4,157,0,0,0,0,0,0
4743,M14742,M,300.8,311.1,1661,32.4,159,0,0,0,0,0,0
4744,L14743,L,300.8,311.1,1694,34.2,162,0,0,0,0,0,0
4745,L14744,L,300.7,311.0,1635,33.9,164,0,0,0,0,0,0
4746,L14745,L,300.7,310.9,1684,32.7,166,0,0,0,0,0,0
4747,L14746,L,300.7,310.9,1375,50.4,168,0,0,0,0,0,0
4748,M14747,M,300.6,310.9,1426,47.7,170,0,0,0,0,0,0
4749,H14748,H,300.6,310.7,1791,30.7,173,0,0,0,0,0,0
4750,L14749,L,300.7,310.8,1650,28.1,178,0,0,0,0,0,0
4751,L14750,L,300.7,310.9,1561,38.4,180,0,0,0,0,0,0
4752,M14751,M,300.7,310.8,1183,61.6,182,0,0,0,0,0,0
4753,L14752,L,300.8,310.9,1715,29.7,185,0,0,0,0,0,0
4754,L14753,L,300.8,310.9,1543,38.4,187,0,0,0,0,0,0
4755,H14754,H,300.8,310.8,1493,40.9,189,0,0,0,0,0,0
4756,M14755,M,300.8,310.7,1642,38.9,194,0,0,0,0,0,0
4757,L14756,L,300.8,310.7,1612,35.4,197,0,0,0,0,0,0
4758,H14757,H,300.8,310.8,1478,51.6,199,0,0,0,0,0,0
4759,L14758,L,300.7,310.8,1490,44.5,204,0,0,0,0,0,0
4760,H14759,H,300.8,310.8,1378,48.5,206,0,0,0,0,0,0
4761,M14760,M,300.8,310.8,1469,45.9,211,0,0,0,0,0,0
4762,M14761,M,300.8,310.7,1392,48.9,214,0,0,0,0,0,0
4763,H14762,H,300.8,310.6,1344,55.8,217,0,0,0,0,0,0
4764,M14763,M,300.7,310.5,1246,53.3,222,0,0,0,0,0,0
4765,L14764,L,300.7,310.5,1100,63.2,225,1,0,0,0,1,0
4766,L14765,L,300.8,310.6,1351,52.2,227,1,0,0,0,1,0
4767,M14766,M,300.8,310.6,1699,33.3,229,0,0,0,0,0,0
4768,M14767,M,300.8,310.5,1410,48.5,232,0,0,0,0,0,0
4769,L14768,L,300.8,310.5,1455,47.1,235,1,0,0,0,1,0
4770,M14769,M,300.8,310.4,1241,59.2,237,1,0,0,0,1,0
4771,M14770,M,300.7,310.5,1620,30.3,0,0,0,0,0,0,0
4772,L14771,L,300.8,310.6,1459,45.6,3,0,0,0,0,0,0
4773,L14772,L,300.8,310.7,1727,33.2,5,0,0,0,0,0,0
4774,L14773,L,300.8,310.6,1460,45.1,7,0,0,0,0,0,0
4775,L14774,L,300.7,310.7,1501,37.9,9,0,0,0,0,0,0
4776,L14775,L,300.8,310.6,1438,44.8,11,0,0,0,0,0,0
4777,L14776,L,300.8,310.7,1809,25.9,13,0,0,0,0,0,0
4778,L14777,L,300.8,310.7,1503,47.9,15,0,0,0,0,0,0
4779,L14778,L,300.8,310.8,1394,42.1,17,0,0,0,0,0,0
4780,M14779,M,300.8,310.8,1532,41.5,19,0,0,0,0,0,0
4781,L14780,L,300.8,310.8,1154,59.5,22,1,0,0,0,0,1
4782,H14781,H,300.8,310.9,1631,36.2,24,0,0,0,0,0,0
4783,H14782,H,300.8,310.7,1513,43.4,29,0,0,0,0,0,0
4784,M14783,M,300.8,310.7,1508,41.0,34,0,0,0,0,0,0
4785,H14784,H,300.9,310.7,1540,42.0,37,0,0,0,0,0,0
4786,H14785,H,300.8,310.7,1224,62.2,42,0,0,0,0,0,0
4787,L14786,L,300.8,310.6,1518,40.6,47,0,0,0,0,0,0
4788,M14787,M,300.8,310.7,1560,34.3,49,0,0,0,0,0,0
4789,L14788,L,300.7,310.6,1300,58.7,52,0,0,0,0,0,0
4790,M14789,M,300.7,310.6,1637,36.9,54,0,0,0,0,0,0
4791,L14790,L,300.7,310.6,1842,23.9,57,0,0,0,0,0,0
4792,L14791,L,300.7,310.7,1625,32.6,59,0,0,0,0,0,0
4793,L14792,L,300.7,310.7,1805,27.5,61,0,0,0,0,0,0
4794,H14793,H,300.7,310.7,1958,22.0,63,0,0,0,0,0,0
4795,L14794,L,300.7,310.7,1593,36.4,68,0,0,0,0,0,0
4796,L14795,L,300.6,310.7,1555,39.3,70,0,0,0,0,0,0
4797,L14796,L,300.6,310.6,1278,51.8,72,0,0,0,0,0,0
4798,L14797,L,300.7,310.7,1391,46.3,74,0,0,0,0,0,0
4799,H14798,H,300.7,310.7,1379,45.8,76,0,0,0,0,0,0
4800,M14799,M,300.7,310.7,1697,31.1,81,0,0,0,0,0,0
4801,L14800,L,300.6,310.6,1368,48.8,84,0,0,0,0,0,0
4802,L14801,L,300.6,310.5,1322,53.9,86,0,0,0,0,0,0
4803,L14802,L,300.6,310.4,1421,43.9,88,0,0,0,0,0,0
4804,L14803,L,300.6,310.5,1457,44.2,90,0,0,0,0,0,0
4805,H14804,H,300.6,310.5,1700,27.4,92,0,0,0,0,0,0
4806,M14805,M,300.7,310.5,1369,50.5,97,0,0,0,0,0,0
4807,L14806,L,300.6,310.4,1144,57.8,100,0,0,0,0,0,0
4808,M14807,M,300.6,310.4,1492,43.2,102,0,0,0,0,0,0
4809,L14808,L,300.6,310.3,1623,34.1,105,0,0,0,0,0,0
4810,M14809,M,300.6,310.4,1576,38.4,107,0,0,0,0,0,0
4811,M14810,M,300.6,310.4,1517,35.8,110,0,0,0,0,0,0
4812,M14811,M,300.6,310.5,1636,36.4,113,0,0,0,0,0,0
4813,M14812,M,300.6,310.6,1411,46.5,116,0,0,0,0,0,0
4814,H14813,H,300.7,310.7,1503,42.8,119,0,0,0,0,0,0
4815,L14814,L,300.7,310.8,1263,50.0,124,0,0,0,0,0,0
4816,L14815,L,300.7,310.8,1405,43.7,126,0,0,0,0,0,0
4817,L14816,L,300.7,310.8,1663,31.4,128,0,0,0,0,0,0
4818,M14817,M,300.7,310.7,1700,35.0,130,0,0,0,0,0,0
4819,M14818,M,300.7,310.7,1663,34.4,133,0,0,0,0,0,0
4820,M14819,M,300.7,310.7,1577,38.1,136,0,0,0,0,0,0
4821,M14820,M,300.6,310.5,1181,57.9,139,0,0,0,0,0,0
4822,L14821,L,300.7,310.7,1144,59.5,142,0,0,0,0,0,0
4823,M14822,M,300.6,310.6,1411,48.4,144,0,0,0,0,0,0
4824,M14823,M,300.7,310.6,1557,41.2,147,0,0,0,0,0,0
4825,L14824,L,300.8,310.6,1781,26.4,150,0,0,0,0,0,0
4826,L14825,L,300.8,310.6,1596,42.2,152,0,0,0,0,0,0
4827,L14826,L,300.9,310.7,1634,32.1,154,0,0,0,0,0,0
4828,L14827,L,300.8,310.6,1271,56.3,156,0,0,0,0,0,0
4829,M14828,M,300.8,310.6,1716,23.9,158,0,0,0,0,0,0
4830,H14829,H,300.8,310.6,1484,43.8,161,0,0,0,0,0,0
4831,M14830,M,300.8,310.6,1769,31.3,166,0,0,0,0,0,0
4832,L14831,L,300.7,310.5,1481,39.9,169,0,0,0,0,0,0
4833,M14832,M,300.7,310.5,1472,46.7,171,0,0,0,0,0,0
4834,M14833,M,300.8,310.6,1445,50.2,174,0,0,0,0,0,0
4835,L14834,L,300.9,310.6,1510,39.4,177,0,0,0,0,0,0
4836,H14835,H,300.9,310.7,1435,47.6,179,0,0,0,0,0,0
4837,L14836,L,300.8,310.8,1739,33.4,184,0,0,0,0,0,0
4838,L14837,L,300.8,310.8,1509,42.5,186,0,0,0,0,0,0
4839,L14838,L,300.8,310.8,1412,50.0,188,0,0,0,0,0,0
4840,L14839,L,300.9,310.8,1382,43.3,190,0,0,0,0,0,0
4841,H14840,H,300.8,310.8,1661,34.7,192,0,0,0,0,0,0
4842,L14841,L,300.8,310.8,1614,37.2,197,0,0,0,0,0,0
4843,L14842,L,300.9,310.9,1291,50.2,199,0,0,0,0,0,0
4844,L14843,L,300.9,310.9,1670,29.1,201,0,0,0,0,0,0
4845,L14844,L,300.9,310.9,1732,30.6,0,0,0,0,0,0,0
4846,L14845,L,301.0,311.0,1419,46.0,2,0,0,0,0,0,0
4847,L14846,L,301.0,311.0,1675,35.6,4,0,0,0,0,0,0
4848,M14847,M,301.0,311.0,1802,25.5,6,0,0,0,0,0,0
4849,L14848,L,301.0,311.0,1311,53.5,9,0,0,0,0,0,0
4850,M14849,M,301.0,311.0,1715,29.0,11,0,0,0,0,0,0
4851,L14850,L,301.1,311.1,1588,38.0,14,0,0,0,0,0,0
4852,M14851,M,301.1,311.1,1688,33.8,16,0,0,0,0,0,0
4853,H14852,H,301.1,311.1,1618,37.0,19,0,0,0,0,0,0
4854,L14853,L,301.0,311.0,1665,31.2,24,0,0,0,0,0,0
4855,L14854,L,301.1,311.0,1486,47.1,26,0,0,0,0,0,0
4856,H14855,H,301.0,310.9,1556,41.1,28,0,0,0,0,0,0
4857,L14856,L,301.0,311.0,1392,49.8,33,0,0,0,0,0,0
4858,M14857,M,301.1,311.0,1647,33.9,35,0,0,0,0,0,0
4859,L14858,L,301.1,311.0,1203,61.3,38,0,0,0,0,0,0
4860,L14859,L,301.1,310.9,1760,21.0,40,0,0,0,0,0,0
4861,M14860,M,301.1,310.9,1821,24.1,42,0,0,0,0,0,0
4862,H14861,H,301.2,310.9,1332,57.5,45,0,0,0,0,0,0
4863,L14862,L,301.1,310.9,1470,44.7,50,0,0,0,0,0,0
4864,M14863,M,301.2,311.0,1485,43.4,52,0,0,0,0,0,0
4865,M14864,M,301.2,310.9,1431,44.3,55,0,0,0,0,0,0
4866,L14865,L,301.2,310.9,1468,45.7,58,0,0,0,0,0,0
4867,L14866,L,301.2,310.9,1476,43.0,60,0,0,0,0,0,0
4868,L14867,L,301.1,310.9,1775,30.3,62,0,0,0,0,0,0
4869,L14868,L,301.0,310.8,1351,48.2,64,0,0,0,0,0,0
4870,M14869,M,301.1,310.9,1400,46.6,66,0,0,0,0,0,0
4871,L14870,L,301.1,311.0,1262,54.3,69,0,0,0,0,0,0
4872,L14871,L,301.1,311.0,1341,57.6,71,0,0,0,0,0,0
4873,M14872,M,301.0,310.8,1471,43.3,73,0,0,0,0,0,0
4874,M14873,M,301.1,310.9,1716,27.7,76,0,0,0,0,0,0
4875,M14874,M,301.1,311.0,1120,57.7,79,0,0,0,0,0,0
4876,M14875,M,301.0,311.0,1660,29.8,82,0,0,0,0,0,0
4877,L14876,L,301.0,310.9,1510,43.4,85,0,0,0,0,0,0
4878,M14877,M,300.9,310.8,1611,37.4,87,0,0,0,0,0,0
4879,L14878,L,300.9,310.9,1575,35.7,90,0,0,0,0,0,0
4880,L14879,L,300.9,311.0,1375,47.6,92,0,0,0,0,0,0
4881,L14880,L,300.8,310.9,1600,42.4,94,0,0,0,0,0,0
4882,M14881,M,300.8,311.0,1601,45.1,96,0,0,0,0,0,0
4883,M14882,M,300.9,311.0,1741,31.8,99,0,0,0,0,0,0
4884,L14883,L,300.8,310.9,1655,38.3,102,0,0,0,0,0,0
4885,H14884,H,300.8,310.9,1768,32.3,104,0,0,0,0,0,0
4886,H14885,H,300.8,310.9,1696,38.0,109,0,0,0,0,0,0
4887,L14886,L,300.8,310.9,1541,38.8,114,0,0,0,0,0,0
4888,M14887,M,300.7,310.8,1175,58.4,116,0,0,0,0,0,0
4889,L14888,L,300.7,310.9,1685,37.4,119,0,0,0,0,0,0
4890,H14889,H,300.7,310.9,1846,18.7,121,0,0,0,0,0,0
4891,L14890,L,300.8,310.9,1243,54.0,126,0,0,0,0,0,0
4892,L14891,L,300.8,310.9,1405,44.5,128,0,0,0,0,0,0
4893,L14892,L,300.7,310.9,1553,38.7,130,0,0,0,0,0,0
4894,L14893,L,300.7,310.9,1501,35.6,132,0,0,0,0,0,0
4895,M14894,M,300.7,310.9,1619,30.5,134,0,0,0,0,0,0
4896,L14895,L,300.7,310.9,1174,59.4,137,0,0,0,0,0,0
4897,L14896,L,300.7,310.8,1462,40.5,139,0,0,0,0,0,0
4898,M14897,M,300.7,310.8,1893,22.6,141,0,0,0,0,0,0
4899,H14898,H,300.7,310.8,1483,43.3,144,0,0,0,0,0,0
4900,M14899,M,300.6,310.7,1365,52.1,149,0,0,0,0,0,0
4901,L14900,L,300.6,310.7,1538,41.6,152,0,0,0,0,0,0
4902,L14901,L,300.6,310.7,1680,31.0,154,0,0,0,0,0,0
4903,L14902,L,300.6,310.7,1762,30.1,156,0,0,0,0,0,0
4904,H14903,H,300.6,310.6,1719,30.8,158,0,0,0,0,0,0
4905,M14904,M,300.7,310.5,1261,55.2,163,0,0,0,0,0,0
4906,M14905,M,300.7,310.5,1456,39.3,166,0,0,0,0,0,0
4907,H14906,H,300.7,310.5,1853,23.2,169,0,0,0,0,0,0
4908,L14907,L,300.6,310.4,1402,43.8,174,0,0,0,0,0,0
4909,M14908,M,300.7,310.4,1535,41.4,176,0,0,0,0,0,0
4910,L14909,L,300.7,310.5,1619,35.5,179,0,0,0,0,0,0
4911,L14910,L,300.7,310.5,1635,29.8,181,0,0,0,0,0,0
4912,L14911,L,300.7,310.7,1733,29.4,183,0,0,0,0,0,0
4913,L14912,L,300.7,310.7,1364,50.9,185,0,0,0,0,0,0
4914,H14913,H,300.7,310.7,1507,42.5,187,0,0,0,0,0,0
4915,L14914,L,300.7,310.7,1465,44.8,192,0,0,0,0,0,0
4916,H14915,H,300.7,310.7,1460,42.4,194,0,0,0,0,0,0
4917,M14916,M,300.7,310.7,1515,43.3,199,0,0,0,0,0,0
4918,M14917,M,300.8,310.7,1579,35.3,202,0,0,0,0,0,0
4919,H14918,H,300.8,310.7,1513,37.9,205,0,0,0,0,0,0
4920,L14919,L,300.8,310.8,1378,51.6,210,0,0,0,0,0,0
4921,L14920,L,300.8,310.7,1350,54.1,212,1,0,0,0,1,0
4922,L14921,L,300.7,310.7,1780,27.8,214,0,0,0,0,0,0
4923,L14922,L,300.8,310.7,1562,37.9,216,0,0,0,0,0,0
4924,H14923,H,300.8,310.6,1287,48.4,218,0,0,0,0,0,0
4925,L14924,L,300.8,310.7,1301,58.8,223,1,1,0,0,1,0
4926,L14925,L,300.8,310.7,1126,57.8,0,0,0,0,0,0,0
4927,L14926,L,300.9,310.7,1706,32.0,2,0,0,0,0,0,0
4928,L14927,L,300.9,310.7,1439,52.8,4,0,0,0,0,0,0
4929,M14928,M,300.9,310.9,1536,40.6,6,0,0,0,0,0,0
4930,L14929,L,300.9,310.8,1377,50.4,9,0,0,0,0,0,0
4931,M14930,M,300.9,310.8,1425,47.9,11,0,0,0,0,0,0
4932,M14931,M,300.9,310.9,1764,27.4,14,0,0,0,0,0,0
4933,M14932,M,301.0,311.0,1576,45.5,17,0,0,0,0,0,0
4934,L14933,L,300.9,310.8,1320,50.1,20,0,0,0,0,0,0
4935,M14934,M,300.8,310.8,1487,39.8,22,0,0,0,0,0,0
4936,L14935,L,300.8,310.8,1562,37.5,25,0,0,0,0,0,0
4937,L14936,L,300.8,310.9,1903,24.3,27,0,0,0,0,0,0
4938,M14937,M,300.8,311.0,1390,46.8,29,0,0,0,0,0,0
4939,M14938,M,300.9,311.0,1527,42.1,32,0,0,0,0,0,0
4940,L14939,L,300.9,311.1,1755,30.8,35,0,0,0,0,0,0
4941,H14940,H,300.8,311.1,1637,36.7,37,0,0,0,0,0,0
4942,L14941,L,300.8,311.1,1569,41.5,42,0,0,0,0,0,0
4943,M14942,M,300.8,311.2,1712,34.4,44,0,0,0,0,0,0
4944,H14943,H,300.8,311.1,1555,40.0,47,0,0,0,0,0,0
4945,M14944,M,300.8,311.2,1810,22.5,52,0,0,0,0,0,0
4946,H14945,H,300.9,311.1,1317,53.5,55,0,0,0,0,0,0
4947,M14946,M,300.9,311.2,1516,40.2,60,0,0,0,0,0,0
4948,M14947,M,300.9,311.2,1866,29.0,63,0,0,0,0,0,0
4949,M14948,M,300.9,311.3,1927,15.4,66,1,0,0,1,0,0
4950,M14949,M,300.9,311.3,1390,50.3,69,0,0,0,0,0,0
4951,L14950,L,300.9,311.3,1359,45.6,72,0,0,0,0,0,0
4952,M14951,M,301.0,311.4,1510,42.1,74,0,0,0,0,0,0
4953,L14952,L,300.9,311.4,1375,48.6,77,0,0,0,0,0,0
4954,H14953,H,300.9,311.4,1429,48.6,79,0,0,0,0,0,0
4955,L14954,L,300.9,311.4,1544,41.9,84,0,0,0,0,0,0
4956,L14955,L,300.9,311.5,1660,37.5,86,0,0,0,0,0,0
4957,H14956,H,300.9,311.4,1684,35.8,88,0,0,0,0,0,0
4958,L14957,L,300.9,311.4,1463,44.2,93,0,0,0,0,0,0
4959,L14958,L,300.9,311.4,1248,54.0,95,0,0,0,0,0,0
4960,M14959,M,300.9,311.4,1509,39.0,97,0,0,0,0,0,0
4961,L14960,L,300.9,311.3,1304,54.8,100,0,0,0,0,0,0
4962,L14961,L,300.9,311.3,1483,43.7,102,0,0,0,0,0,0
4963,L14962,L,300.9,311.3,1488,43.8,104,0,0,0,0,0,0
4964,L14963,L,300.9,311.3,1100,64.1,106,0,0,0,0,0,0
4965,L14964,L,301.0,311.3,1337,56.5,108,0,0,0,0,0,0
4966,L14965,L,300.9,311.1,1170,56.8,110,0,0,0,0,0,0
4967,L14966,L,300.9,311.1,1641,32.0,112,0,0,0,0,0,0
4968,L14967,L,300.9,311.1,1105,61.9,114,0,0,0,0,0,0
4969,L14968,L,300.9,311.1,1540,39.2,116,0,0,0,0,0,0
4970,M14969,M,300.9,311.0,1646,37.7,118,0,0,0,0,0,0
4971,M14970,M,300.9,311.0,1889,18.4,121,0,0,0,0,0,0
4972,L14971,L,300.9,311.2,1488,43.3,124,0,0,0,0,0,0
4973,L14972,L,300.9,311.2,1759,29.2,126,0,0,0,0,0,0
4974,H14973,H,300.9,311.3,1450,44.1,128,0,0,0,0,0,0
4975,M14974,M,300.8,311.1,1757,28.4,133,0,0,0,0,0,0
4976,L14975,L,300.9,311.2,1246,58.0,136,0,0,0,0,0,0
4977,L14976,L,300.9,311.2,1381,45.5,138,0,0,0,0,0,0
4978,L14977,L,300.8,311.1,1124,62.8,140,0,0,0,0,0,0
4979,H14978,H,300.8,311.0,1732,29.8,142,0,0,0,0,0,0
4980,H14979,H,300.8,311.1,1346,55.5,147,0,0,0,0,0,0
4981,H14980,H,300.7,311.0,1916,22.0,152,0,0,0,0,0,0
4982,L14981,L,300.8,311.1,1620,42.1,157,0,0,0,0,0,0
4983,L14982,L,300.9,311.1,1673,33.7,159,0,0,0,0,0,0
4984,L14983,L,300.8,311.1,1591,35.5,161,0,0,0,0,0,0
4985,L14984,L,300.8,311.2,1622,34.8,163,0,0,0,0,0,0
4986,L14985,L,300.8,311.2,1687,30.9,165,0,0,0,0,0,0
4987,M14986,M,300.8,311.1,1729,27.4,167,0,0,0,0,0,0
4988,L14987,L,300.8,311.0,1635,35.6,170,0,0,0,0,0,0
4989,H14988,H,300.7,311.0,1542,41.2,172,0,0,0,0,0,0
4990,L14989,L,300.7,310.9,1275,51.6,177,0,0,0,0,0,0
4991,L14990,L,300.8,310.9,1549,43.0,179,0,0,0,0,0,0
4992,H14991,H,300.8,311.0,1237,51.7,181,0,0,0,0,0,0
4993,M14992,M,300.8,310.9,1777,25.2,186,0,0,0,0,0,0
4994,L14993,L,300.8,310.9,1676,35.7,189,0,0,0,0,0,0
4995,M14994,M,300.8,311.0,1451,47.1,191,0,0,0,0,0,0
4996,L14995,L,300.8,310.9,1460,43.4,194,0,0,0,0,0,0
4997,L14996,L,300.8,310.9,1794,31.4,196,0,0,0,0,0,0
4998,L14997,L,300.8,310.9,1355,49.3,198,0,0,0,0,0,0
4999,L14998,L,300.9,311.0,1516,34.7,200,0,0,0,0,0,0
5000,M14999,M,300.9,311.0,1695,32.2,202,0,0,0,0,0,0
5001,L15000,L,300.9,311.1,1356,44.9,205,1,1,0,0,0,0
5002,M15001,M,301.0,311.1,1490,40.1,0,0,0,0,0,0,0
5003,M15002,M,301.0,311.2,1662,34.8,3,0,0,0,0,0,0
5004,L15003,L,301.0,311.2,1607,34.4,6,0,0,0,0,0,0
5005,L15004,L,301.0,311.2,1752,29.3,8,0,0,0,0,0,0
5006,L15005,L,301.0,311.2,1541,36.0,10,0,0,0,0,0,0
5007,M15006,M,301.0,311.3,1399,51.0,12,0,0,0,0,0,0
5008,M15007,M,301.0,311.3,1402,42.4,15,0,0,0,0,0,0
5009,M15008,M,301.0,311.3,1449,49.6,18,0,0,0,0,0,0
5010,L15009,L,301.1,311.3,1424,45.2,21,0,0,0,0,0,0
5011,L15010,L,301.1,311.3,1728,33.9,23,0,0,0,0,0,0
5012,M15011,M,301.2,311.3,1771,23.5,25,0,0,0,0,0,0
5013,L15012,L,301.2,311.4,1803,30.7,28,0,0,0,0,0,0
5014,M15013,M,301.1,311.4,1599,33.3,30,0,0,0,0,0,0
5015,L15014,L,301.1,311.4,1565,32.5,33,0,0,0,0,0,0
5016,L15015,L,301.1,311.4,1374,49.8,35,0,0,0,0,0,0
5017,M15016,M,301.2,311.5,1442,49.7,37,0,0,0,0,0,0
5018,L15017,L,301.2,311.5,1206,62.1,40,0,0,0,0,0,0
5019,M15018,M,301.2,311.4,1733,32.4,42,0,0,0,0,0,0
5020,L15019,L,301.3,311.4,1312,56.0,45,0,0,0,0,0,0
5021,H15020,H,301.2,311.3,1222,55.9,47,0,0,0,0,0,0
5022,H15021,H,301.2,311.3,1620,37.7,52,0,0,0,0,0,0
5023,H15022,H,301.1,311.3,1463,44.7,57,0,0,0,0,0,0
5024,M15023,M,301.1,311.3,1287,52.4,62,0,0,0,0,0,0
5025,M15024,M,301.0,311.4,1558,39.4,65,0,0,0,0,0,0
5026,M15025,M,301.1,311.5,1558,38.6,68,0,0,0,0,0,0
5027,L15026,L,301.1,311.6,1724,33.7,71,0,0,0,0,0,0
5028,L15027,L,301.1,311.6,1911,16.4,73,1,0,0,1,0,0
5029,M15028,M,301.0,311.5,1495,40.7,75,0,0,0,0,0,0
5030,L15029,L,301.0,311.4,1620,32.9,78,0,0,0,0,0,0
5031,L15030,L,301.0,311.4,1827,29.2,80,0,0,0,0,0,0
5032,H15031,H,301.0,311.4,1430,44.2,82,0,0,0,0,0,0
5033,L15032,L,301.0,311.4,1857,25.5,87,0,0,0,0,0,0
5034,M15033,M,301.1,311.6,1343,48.1,89,0,0,0,0,0,0
5035,M15034,M,301.0,311.4,1484,44.8,92,0,0,0,0,0,0
5036,L15035,L,301.0,311.4,1621,36.0,95,0,0,0,0,0,0
5037,H15036,H,301.1,311.4,1618,39.4,97,0,0,0,0,0,0
5038,L15037,L,301.0,311.4,1801,28.1,102,0,0,0,0,0,0
5039,H15038,H,301.0,311.3,1415,47.5,104,0,0,0,0,0,0
5040,M15039,M,301.0,311.2,1476,41.9,109,0,0,0,0,0,0
5041,L15040,L,301.0,311.2,1584,42.6,112,0,0,0,0,0,0
5042,L15041,L,301.0,311.2,1417,45.0,114,0,0,0,0,0,0
5043,L15042,L,301.0,311.0,1520,33.6,116,0,0,0,0,0,0
5044,L15043,L,301.1,311.0,1692,24.8,118,0,0,0,0,0,0
5045,L15044,L,301.2,311.1,1285,49.6,120,0,0,0,0,0,0
5046,H15045,H,301.2,311.1,1454,46.9,122,0,0,0,0,0,0
5047,L15046,L,301.2,311.1,1753,34.6,127,0,0,0,0,0,0
5048,H15047,H,301.3,311.3,1354,44.1,129,0,0,0,0,0,0
5049,L15048,L,301.3,311.3,1280,52.6,134,0,0,0,0,0,0
5050,H15049,H,301.3,311.3,1349,51.4,136,0,0,0,0,0,0
5051,L15050,L,301.3,311.3,1720,34.4,141,0,0,0,0,0,0
5052,L15051,L,301.3,311.3,1747,25.1,143,0,0,0,0,0,0
5053,M15052,M,301.3,311.3,1795,26.8,145,0,0,0,0,0,0
5054,L15053,L,301.3,311.4,1577,36.9,148,0,0,0,0,0,0
5055,H15054,H,301.3,311.2,1435,54.6,150,0,0,0,0,0,0
5056,L15055,L,301.3,311.2,1670,32.7,155,0,0,0,0,0,0
5057,M15056,M,301.2,311.1,1659,34.0,157,0,0,0,0,0,0
5058,M15057,M,301.2,311.1,1648,33.8,160,0,0,0,0,0,0
5059,M15058,M,301.2,311.1,1605,34.7,163,0,0,0,0,0,0
5060,L15059,L,301.3,311.2,1593,39.9,166,0,0,0,0,0,0
5061,L15060,L,301.3,311.2,1691,27.2,168,0,0,0,0,0,0
5062,L15061,L,301.3,311.2,1242,50.8,170,0,0,0,0,0,0
5063,L15062,L,301.3,311.2,1554,38.6,172,0,0,0,0,0,0
5064,L15063,L,301.3,311.4,1162,64.8,174,1,0,0,0,1,0
5065,H15064,H,301.3,311.3,1705,28.3,176,0,0,0,0,0,0
5066,M15065,M,301.2,311.3,1278,55.9,181,0,0,0,0,0,0
5067,M15066,M,301.2,311.2,1233,53.9,184,0,0,0,0,0,0
5068,L15067,L,301.2,311.2,1667,35.9,187,0,0,0,0,0,0
5069,L15068,L,301.1,311.1,1642,36.0,189,0,0,0,0,0,0
5070,M15069,M,301.1,311.2,1696,30.8,191,0,0,0,0,0,0
5071,L15070,L,301.1,311.1,1702,30.9,194,0,0,0,0,0,0
5072,L15071,L,301.0,310.9,1460,40.0,196,0,0,0,0,0,0
5073,L15072,L,301.0,310.9,1459,40.2,198,0,0,0,0,0,0
5074,M15073,M,300.9,310.9,1804,24.0,200,0,0,0,0,0,0
5075,H15074,H,300.9,310.8,1177,62.9,203,0,0,0,0,0,0
5076,L15075,L,301.0,310.9,1614,37.4,208,0,0,0,0,0,0
5077,L15076,L,301.0,310.9,1507,40.7,0,0,0,0,0,0,0
5078,L15077,L,301.0,310.9,1686,33.7,2,0,0,0,0,0,0
5079,L15078,L,301.1,311.0,1663,37.3,4,0,0,0,0,0,0
5080,M15079,M,301.0,310.9,1594,36.4,6,0,0,0,0,0,0
5081,L15080,L,301.0,310.9,1556,40.0,9,0,0,0,0,0,0
5082,M15081,M,301.0,310.9,1529,39.9,11,0,0,0,0,0,0
5083,L15082,L,301.0,310.8,1394,48.0,14,0,0,0,0,0,0
5084,L15083,L,301.0,310.8,1509,42.3,16,0,0,0,0,0,0
5085,H15084,H,301.1,310.8,1513,47.0,18,0,0,0,0,0,0
5086,L15085,L,301.0,310.8,1591,39.9,23,0,0,0,0,0,0
5087,M15086,M,301.0,310.7,1545,42.3,25,0,0,0,0,0,0
5088,L15087,L,301.0,310.8,1554,37.6,28,0,0,0,0,0,0
5089,H15088,H,300.9,310.7,1317,50.0,30,0,0,0,0,0,0
5090,L15089,L,300.9,310.7,1505,43.2,35,0,0,0,0,0,0
5091,L15090,L,300.9,310.7,1634,38.4,37,0,0,0,0,0,0
5092,M15091,M,300.9,310.7,1666,38.1,39,0,0,0,0,0,0
5093,L15092,L,300.8,310.8,1419,38.9,42,0,0,0,0,0,0
5094,L15093,L,300.8,310.8,1670,40.3,44,0,0,0,0,0,0
5095,H15094,H,300.7,310.7,1571,39.4,46,0,0,0,0,0,0
5096,M15095,M,300.8,310.7,1684,34.4,51,0,0,0,0,0,0
5097,M15096,M,300.7,310.7,1311,47.6,54,0,0,0,0,0,0
5098,M15097,M,300.8,310.7,1384,48.3,57,0,0,0,0,0,0
5099,H15098,H,300.7,310.7,1281,57.8,60,0,0,0,0,0,0
5100,H15099,H,300.7,310.7,1575,34.0,65,0,0,0,0,0,0
5101,M15100,M,300.8,310.7,1263,46.7,70,0,0,0,0,0,0
5102,L15101,L,300.8,310.7,1881,20.9,73,0,0,0,0,0,0
5103,L15102,L,300.8,310.7,1394,48.3,75,0,0,0,0,0,0
5104,M15103,M,300.8,310.9,1866,25.4,77,0,0,0,0,0,0
5105,H15104,H,300.8,310.9,1696,30.2,80,0,0,0,0,0,0
5106,L15105,L,300.8,311.0,1477,43.3,85,0,0,0,0,0,0
5107,L15106,L,300.8,311.1,1683,33.8,87,0,0,0,0,0,0
5108,L15107,L,300.8,311.2,1725,32.4,89,0,0,0,0,0,0
5109,M15108,M,300.8,311.1,1581,35.2,91,0,0,0,0,0,0
5110,H15109,H,300.8,311.1,1467,47.3,94,0,0,0,0,0,0
5111,L15110,L,300.9,311.2,1667,30.7,99,0,0,0,0,0,0
5112,M15111,M,301.0,311.2,1548,39.5,101,0,0,0,0,0,0
5113,M15112,M,301.0,311.3,1640,36.2,104,0,0,0,0,0,0
5114,H15113,H,301.0,311.3,1446,48.2,107,0,0,0,0,0,0
5115,L15114,L,301.1,311.3,1412,48.5,112,0,0,0,0,0,0
5116,H15115,H,301.1,311.4,1790,21.6,114,0,0,0,0,0,0
5117,M15116,M,301.1,311.3,1256,50.5,119,0,0,0,0,0,0
5118,M15117,M,301.1,311.3,1631,33.9,122,0,0,0,0,0,0
5119,L15118,L,301.1,311.3,1552,42.4,125,0,0,0,0,0,0
5120,M15119,M,301.1,311.4,1723,30.6,127,0,0,0,0,0,0
5121,M15120,M,301.1,311.3,1488,43.7,130,0,0,0,0,0,0
5122,L15121,L,301.1,311.4,1104,65.5,133,0,0,0,0,0,0
5123,L15122,L,301.1,311.3,1534,41.3,135,0,0,0,0,0,0
5124,M15123,M,301.1,311.4,1561,35.4,137,0,0,0,0,0,0
5125,M15124,M,301.1,311.4,1621,37.7,140,0,0,0,0,0,0
5126,L15125,L,301.0,311.4,1835,25.3,143,0,0,0,0,0,0
5127,L15126,L,301.1,311.4,1272,54.5,145,0,0,0,0,0,0
5128,L15127,L,301.0,311.3,1509,43.1,147,0,0,0,0,0,0
5129,H15128,H,301.0,311.2,1620,29.5,149,0,0,0,0,0,0
5130,H15129,H,300.9,311.2,1721,29.8,154,0,0,0,0,0,0
5131,L15130,L,301.0,311.2,1528,40.2,159,0,0,0,0,0,0
5132,L15131,L,301.1,311.3,1450,49.3,161,0,0,0,0,0,0
5133,L15132,L,301.1,311.4,1723,28.5,163,0,0,0,0,0,0
5134,L15133,L,301.1,311.5,1397,51.1,165,0,0,0,0,0,0
5135,H15134,H,301.1,311.5,1532,39.1,167,0,0,0,0,0,0
5136,M15135,M,301.1,311.4,1568,30.7,172,0,0,0,0,0,0
5137,L15136,L,301.1,311.4,1605,35.3,175,0,0,0,0,0,0
5138,L15137,L,301.1,311.4,1252,57.5,177,0,0,0,0,0,0
5139,L15138,L,301.1,311.3,1782,26.1,179,0,0,0,0,0,0
5140,H15139,H,301.2,311.4,1672,32.7,181,0,0,0,0,0,0
5141,M15140,M,301.2,311.4,1348,49.5,186,0,0,0,0,0,0
5142,M15141,M,301.1,311.3,1483,42.2,189,0,0,0,0,0,0
5143,L15142,L,301.1,311.3,1610,32.1,192,0,0,0,0,0,0
5144,H15143,H,301.1,311.2,1262,49.6,194,0,0,0,0,0,0
5145,L15144,L,301.1,311.2,1360,50.1,199,0,0,0,0,0,0
5146,H15145,H,301.1,311.2,1440,43.3,201,0,0,0,0,0,0
5147,H15146,H,301.2,311.2,1702,33.9,206,0,0,0,0,0,0
5148,L15147,L,301.1,311.2,1494,35.4,211,0,0,0,0,0,0
5149,H15148,H,301.1,311.1,1506,42.8,213,0,0,0,0,0,0
5150,L15149,L,301.1,311.1,1880,26.9,218,0,0,0,0,0,0
5151,M15150,M,301.0,311.0,1302,53.3,220,0,0,0,0,0,0
5152,L15151,L,301.1,311.0,1249,57.0,0,0,0,0,0,0,0
5153,L15152,L,301.0,310.9,1602,37.6,2,0,0,0,0,0,0
5154,L15153,L,301.0,310.8,1506,43.6,4,0,0,0,0,0,0
5155,L15154,L,301.0,310.8,1314,51.9,6,0,0,0,0,0,0
5156,L15155,L,301.0,310.8,1149,59.6,8,0,0,0,0,0,0
5157,L15156,L,301.0,310.8,1310,55.6,10,0,0,0,0,0,0
5158,M15157,M,301.0,310.8,1726,22.6,12,0,0,0,0,0,0
5159,L15158,L,301.1,310.8,1638,36.8,15,0,0,0,0,0,0
5160,L15159,L,301.0,310.8,1431,45.0,17,0,0,0,0,0,0
5161,H15160,H,301.0,311.0,1622,35.1,19,0,0,0,0,0,0
5162,H15161,H,301.0,311.0,1205,57.8,24,0,0,0,0,0,0
5163,L15162,L,300.9,311.0,1341,56.3,29,0,0,0,0,0,0
5164,L15163,L,300.9,311.0,1691,31.8,31,0,0,0,0,0,0
5165,M15164,M,300.8,310.9,1548,38.4,33,0,0,0,0,0,0
5166,M15165,M,300.8,310.9,1646,32.5,36,0,0,0,0,0,0
5167,L15166,L,300.8,310.8,1563,38.0,39,0,0,0,0,0,0
5168,M15167,M,300.8,310.8,1710,37.7,41,0,0,0,0,0,0
5169,L15168,L,300.9,310.8,1302,49.5,44,0,0,0,0,0,0
5170,L15169,L,300.8,310.7,1750,31.1,46,0,0,0,0,0,0
5171,M15170,M,300.7,310.6,2015,13.8,48,1,0,0,1,0,0
5172,M15171,M,300.7,310.6,1897,24.0,51,0,0,0,0,0,0
5173,H15172,H,300.7,310.5,1748,29.7,54,0,0,0,0,0,0
5174,L15173,L,300.7,310.5,1650,33.4,59,0,0,0,0,0,0
5175,L15174,L,300.8,310.5,1563,41.9,61,0,0,0,0,0,0
5176,L15175,L,300.8,310.5,1734,29.2,63,0,0,0,0,0,0
5177,L15176,L,300.7,310.6,1786,27.9,65,0,0,0,0,0,0
5178,L15177,L,300.7,310.5,1776,30.7,67,0,0,0,0,0,0
5179,M15178,M,300.7,310.4,1733,28.8,69,0,0,0,0,0,0
5180,M15179,M,300.7,310.4,1609,34.5,72,0,0,0,0,0,0
5181,M15180,M,300.8,310.5,1604,34.0,75,0,0,0,0,0,0
5182,L15181,L,300.7,310.4,1446,46.9,78,0,0,0,0,0,0
5183,L15182,L,300.8,310.4,1657,30.1,80,0,0,0,0,0,0
5184,M15183,M,300.7,310.3,1579,36.4,82,0,0,0,0,0,0
5185,L15184,L,300.6,310.2,1577,34.5,85,0,0,0,0,0,0
5186,H15185,H,300.6,310.3,1429,48.1,87,0,0,0,0,0,0
5187,L15186,L,300.7,310.4,1522,38.5,92,0,0,0,0,0,0
5188,M15187,M,300.7,310.3,1287,50.5,94,0,0,0,0,0,0
5189,H15188,H,300.7,310.3,1672,28.5,97,0,0,0,0,0,0
5190,M15189,M,300.7,310.3,1514,39.5,102,0,0,0,0,0,0
5191,M15190,M,300.7,310.3,1609,34.2,105,0,0,0,0,0,0
5192,M15191,M,300.8,310.4,1761,27.7,108,0,0,0,0,0,0
5193,L15192,L,300.8,310.2,1540,39.3,111,0,0,0,0,0,0
5194,M15193,M,300.8,310.3,1264,57.3,113,0,0,0,0,0,0
5195,H15194,H,300.7,310.0,1708,31.5,116,0,0,0,0,0,0
5196,H15195,H,300.6,310.0,1601,38.7,121,0,0,0,0,0,0
5197,L15196,L,300.6,309.9,1655,26.9,126,0,0,0,0,0,0
5198,L15197,L,300.6,310.0,1723,25.4,128,0,0,0,0,0,0
5199,M15198,M,300.5,309.9,1703,32.1,130,0,0,0,0,0,0
5200,M15199,M,300.5,309.9,1626,35.5,133,0,0,0,0,0,0
5201,L15200,L,300.5,310.0,1662,35.9,136,0,0,0,0,0,0
5202,L15201,L,300.6,310.1,1490,37.7,138,0,0,0,0,0,0
5203,L15202,L,300.5,310.0,1792,23.5,140,0,0,0,0,0,0
5204,L15203,L,300.5,310.0,1628,33.7,142,0,0,0,0,0,0
5205,L15204,L,300.4,309.9,1462,45.0,144,0,0,0,0,0,0
5206,L15205,L,300.4,309.9,1771,26.4,146,0,0,0,0,0,0
5207,L15206,L,300.4,310.0,1625,36.4,148,0,0,0,0,0,0
5208,H15207,H,300.4,309.9,1482,42.9,150,0,0,0,0,0,0
5209,L15208,L,300.3,309.9,1748,32.2,155,0,0,0,0,0,0
5210,L15209,L,300.3,309.8,1574,43.4,157,0,0,0,0,0,0
5211,L15210,L,300.4,309.9,1734,24.8,159,0,0,0,0,0,0
5212,L15211,L,300.4,310.0,1389,48.9,161,0,0,0,0,0,0
5213,H15212,H,300.4,310.0,1520,43.7,163,0,0,0,0,0,0
5214,H15213,H,300.5,310.2,1561,40.6,168,0,0,0,0,0,0
5215,L15214,L,300.4,310.1,1324,51.2,173,0,0,0,0,0,0
5216,L15215,L,300.3,310.1,1608,36.7,175,0,0,0,0,0,0
5217,L15216,L,300.3,310.1,1555,33.8,177,0,0,0,0,0,0
5218,L15217,L,300.4,310.1,1304,53.7,179,0,0,0,0,0,0
5219,L15218,L,300.5,310.2,1143,58.4,181,0,0,0,0,0,0
5220,L15219,L,300.5,310.3,1684,33.1,183,0,0,0,0,0,0
5221,L15220,L,300.5,310.3,1495,38.9,185,0,0,0,0,0,0
5222,M15221,M,300.4,310.3,1369,50.5,187,0,0,0,0,0,0
5223,L15222,L,300.4,310.3,1569,39.2,190,0,0,0,0,0,0
5224,L15223,L,300.4,310.2,1441,45.9,192,0,0,0,0,0,0
5225,L15224,L,300.4,310.0,1370,47.8,194,0,0,0,0,0,0
5226,L15225,L,300.4,310.1,1622,34.4,196,0,0,0,0,0,0
5227,L15226,L,300.5,310.2,1533,44.2,198,0,0,0,0,0,0
5228,L15227,L,300.5,310.3,1515,39.9,200,0,0,0,0,0,0
5229,L15228,L,300.4,310.3,1746,27.8,202,0,0,0,0,0,0
5230,L15229,L,300.5,310.3,1675,30.1,204,0,0,0,0,0,0
5231,H15230,H,300.5,310.4,1706,33.5,206,0,0,0,0,0,0
5232,H15231,H,300.5,310.4,1384,49.3,211,0,0,0,0,0,0
5233,L15232,L,300.4,310.3,1332,49.6,216,0,0,0,0,0,0
5234,L15233,L,300.4,310.3,1411,47.5,218,0,0,0,0,0,0
5235,M15234,M,300.4,310.3,1450,44.4,220,0,0,0,0,0,0
5236,M15235,M,300.5,310.3,1546,44.1,223,0,0,0,0,0,0
5237,L15236,L,300.5,310.3,1488,42.8,226,0,0,0,0,0,0
5238,L15237,L,300.4,310.4,1391,44.1,228,0,0,0,0,0,0
5239,L15238,L,300.4,310.4,1485,44.8,230,0,0,0,0,0,0
5240,M15239,M,300.4,310.5,1877,26.0,232,0,0,0,0,0,0
5241,L15240,L,300.4,310.4,1739,32.1,235,0,0,0,0,0,0
5242,L15241,L,300.4,310.2,1651,29.7,237,0,0,0,0,0,0
5243,L15242,L,300.4,310.4,1335,51.1,0,0,0,0,0,0,0
5244,L15243,L,300.4,310.4,1255,56.5,2,0,0,0,0,0,0
5245,L15244,L,300.4,310.4,1906,18.3,4,0,0,0,0,0,0
5246,M15245,M,300.5,310.5,1293,55.6,6,0,0,0,0,0,0
5247,M15246,M,300.5,310.5,1504,40.9,9,0,0,0,0,0,0
5248,L15247,L,300.5,310.4,1315,50.1,12,0,0,0,0,0,0
5249,L15248,L,300.5,310.5,1505,45.1,14,0,0,0,0,0,0
5250,H15249,H,300.6,310.7,1230,54.4,16,0,0,0,0,0,0
5251,L15250,L,300.7,310.6,1458,42.1,21,0,0,0,0,0,0
5252,L15251,L,300.6,310.5,1707,26.4,23,0,0,0,0,0,0
5253,L15252,L,300.6,310.4,1590,38.9,25,0,0,0,0,0,0
5254,H15253,H,300.7,310.4,1456,45.2,27,0,0,0,0,0,0
5255,M15254,M,300.8,310.6,1624,37.8,32,0,0,0,0,0,0
5256,H15255,H,300.8,310.7,1382,46.6,35,0,0,0,0,0,0
5257,M15256,M,300.8,310.6,1479,39.3,40,0,0,0,0,0,0
5258,L15257,L,300.7,310.5,1614,34.0,43,0,0,0,0,0,0
5259,L15258,L,300.7,310.6,1712,29.1,45,0,0,0,0,0,0
5260,L15259,L,300.8,310.7,1616,36.1,47,0,0,0,0,0,0
5261,M15260,M,300.8,310.7,1409,42.0,49,0,0,0,0,0,0
5262,M15261,M,300.8,310.7,1898,20.4,52,0,0,0,0,0,0
5263,L15262,L,300.9,310.8,1621,32.2,55,0,0,0,0,0,0
5264,H15263,H,301.0,310.8,1841,20.0,57,0,0,0,0,0,0
5265,L15264,L,301.0,311.0,1709,33.8,62,0,0,0,0,0,0
5266,L15265,L,301.1,311.1,1212,52.0,64,0,0,0,0,0,0
5267,L15266,L,301.1,311.1,1758,28.1,66,0,0,0,0,0,0
5268,H15267,H,301.1,311.1,1436,47.0,68,0,0,0,0,0,0
5269,H15268,H,301.0,311.0,1100,68.5,73,0,0,0,0,0,0
5270,L15269,L,301.0,311.1,1266,54.5,78,0,0,0,0,0,0
5271,H15270,H,301.0,311.2,1584,41.3,80,0,0,0,0,0,0
5272,H15271,H,300.9,311.0,1502,48.6,85,0,0,0,0,0,0
5273,H15272,H,300.9,311.0,1830,26.3,90,0,0,0,0,0,0
5274,H15273,H,300.9,311.0,1911,24.3,95,0,0,0,0,0,0
5275,L15274,L,300.9,311.0,1494,40.3,100,0,0,0,0,0,0
5276,M15275,M,300.8,310.9,1382,44.0,102,0,0,0,0,0,0
5277,M15276,M,300.8,310.9,1349,50.9,105,0,0,0,0,0,0
5278,M15277,M,300.8,310.9,1680,34.3,108,0,0,0,0,0,0
5279,L15278,L,300.8,310.9,1401,41.9,111,0,0,0,0,0,0
5280,M15279,M,300.8,311.1,1459,41.6,113,0,0,0,0,0,0
5281,H15280,H,300.9,311.1,1515,38.7,116,0,0,0,0,0,0
5282,L15281,L,300.8,311.0,1570,39.3,121,0,0,0,0,0,0
5283,H15282,H,300.7,310.9,1696,31.5,123,0,0,0,0,0,0
5284,L15283,L,300.7,310.9,1447,42.8,128,0,0,0,0,0,0
5285,L15284,L,300.7,311.0,1515,42.0,130,0,0,0,0,0,0
5286,L15285,L,300.7,311.1,1549,35.6,132,0,0,0,0,0,0
5287,M15286,M,300.8,311.1,1401,46.7,134,0,0,0,0,0,0
5288,M15287,M,300.7,310.9,1293,50.3,137,0,0,0,0,0,0
5289,L15288,L,300.6,310.9,1414,46.8,140,0,0,0,0,0,0
5290,M15289,M,300.7,310.9,1671,29.6,142,0,0,0,0,0,0
5291,L15290,L,300.7,310.8,1560,41.0,145,0,0,0,0,0,0
5292,L15291,L,300.8,310.9,1692,30.9,147,0,0,0,0,0,0
5293,H15292,H,300.7,310.9,1509,41.0,149,0,0,0,0,0,0
5294,M15293,M,300.7,310.7,1791,30.9,154,0,0,0,0,0,0
5295,M15294,M,300.7,310.7,1342,52.8,157,0,0,0,0,0,0
5296,M15295,M,300.7,310.7,1384,47.8,160,0,0,0,0,0,0
5297,H15296,H,300.7,310.7,1309,51.5,163,0,0,0,0,0,0
5298,L15297,L,300.6,310.7,1293,50.5,168,0,0,0,0,0,0
5299,L15298,L,300.6,310.7,1580,37.3,170,0,0,0,0,0,0
5300,L15299,L,300.6,310.6,1628,35.7,172,0,0,0,0,0,0
5301,M15300,M,300.6,310.6,1135,57.4,174,0,0,0,0,0,0
5302,M15301,M,300.7,310.8,1490,38.3,177,0,0,0,0,0,0
5303,M15302,M,300.7,310.8,1740,26.5,180,0,0,0,0,0,0
5304,L15303,L,300.6,310.8,1305,50.1,183,0,0,0,0,0,0
5305,L15304,L,300.7,310.8,1516,41.4,185,0,0,0,0,0,0
5306,M15305,M,300.7,310.8,1292,55.1,187,0,0,0,0,0,0
5307,H15306,H,300.6,310.7,1490,42.4,190,0,0,0,0,0,0
5308,L15307,L,300.6,310.6,1572,39.8,195,0,0,0,0,0,0
5309,L15308,L,300.7,310.6,1246,55.3,197,0,0,0,0,0,0
5310,L15309,L,300.6,310.7,1797,24.6,199,0,0,0,0,0,0
5311,L15310,L,300.6,310.6,1581,34.1,201,0,0,0,0,0,0
5312,L15311,L,300.6,310.6,1705,31.1,203,0,0,0,0,0,0
5313,L15312,L,300.6,310.6,1916,18.0,205,0,0,0,0,0,0
5314,M15313,M,300.6,310.4,1323,48.7,207,0,0,0,0,0,0
5315,L15314,L,300.6,310.4,1624,34.4,210,0,0,0,0,0,0
5316,L15315,L,300.6,310.4,1382,49.1,212,0,0,0,0,0,0
5317,L15316,L,300.6,310.1,1488,43.9,214,0,0,0,0,0,0
5318,H15317,H,300.5,310.0,1453,46.1,216,0,0,0,0,0,0
5319,L15318,L,300.6,310.0,1575,35.4,221,0,0,0,0,0,0
5320,L15319,L,300.5,309.8,1711,32.4,223,0,0,0,0,0,0
5321,L15320,L,300.6,309.9,1552,40.9,225,0,0,0,0,0,0
5322,M15321,M,300.6,309.9,1341,49.2,227,0,0,0,0,0,0
5323,H15322,H,300.6,309.9,1483,39.5,230,0,0,0,0,0,0
5324,L15323,L,300.6,310.0,1621,33.0,235,0,0,0,0,0,0
5325,L15324,L,300.5,310.0,1660,28.0,237,0,0,0,0,0,0
5326,L15325,L,300.5,309.9,1515,42.0,0,0,0,0,0,0,0
5327,M15326,M,300.6,310.0,1698,34.5,2,0,0,0,0,0,0
5328,H15327,H,300.6,310.1,1630,39.3,5,0,0,0,0,0,0
5329,L15328,L,300.6,309.9,1518,37.6,10,0,0,0,0,0,0
5330,L15329,L,300.6,309.9,1658,35.6,12,0,0,0,0,0,0
5331,M15330,M,300.5,309.8,1493,42.9,14,0,0,0,0,0,0
5332,M15331,M,300.5,309.8,1310,45.5,17,0,0,0,0,0,0
5333,L15332,L,300.5,309.8,1185,59.7,20,0,0,0,0,0,0
5334,L15333,L,300.5,309.9,1384,47.6,22,0,0,0,0,0,0
5335,L15334,L,300.5,309.9,1335,55.9,24,0,0,0,0,0,0
5336,M15335,M,300.5,309.9,1629,31.8,26,0,0,0,0,0,0
5337,M15336,M,300.6,310.0,1842,24.0,29,0,0,0,0,0,0
5338,M15337,M,300.5,309.9,1534,39.9,32,0,0,0,0,0,0
5339,H15338,H,300.5,309.9,1311,48.6,35,0,0,0,0,0,0
5340,L15339,L,300.5,309.9,1388,47.0,40,0,0,0,0,0,0
5341,L15340,L,300.5,309.8,1418,52.1,42,0,0,0,0,0,0
5342,L15341,L,300.6,310.0,1960,14.6,44,1,0,0,1,0,0
5343,H15342,H,300.6,310.0,1376,52.5,46,0,0,0,0,0,0
5344,M15343,M,300.7,310.0,1529,43.4,51,0,0,0,0,0,0
5345,L15344,L,300.7,310.2,1776,24.6,54,0,0,0,0,0,0
5346,L15345,L,300.7,310.1,1343,47.2,56,0,0,0,0,0,0
5347,M15346,M,300.8,310.3,1445,41.7,58,0,0,0,0,0,0
5348,M15347,M,300.8,310.3,1554,43.8,61,0,0,0,0,0,0
5349,M15348,M,300.8,310.3,1377,50.0,64,0,0,0,0,0,0
5350,L15349,L,300.8,310.3,1368,44.3,67,0,0,0,0,0,0
5351,H15350,H,300.7,310.3,1835,25.3,69,0,0,0,0,0,0
5352,M15351,M,300.7,310.3,1462,38.6,74,0,0,0,0,0,0
5353,M15352,M,300.8,310.3,1767,23.8,77,0,0,0,0,0,0
5354,M15353,M,300.8,310.3,1432,46.5,80,0,0,0,0,0,0
5355,H15354,H,300.9,310.4,1441,54.0,83,0,0,0,0,0,0
5356,H15355,H,300.8,310.4,1795,27.6,88,0,0,0,0,0,0
5357,M15356,M,300.9,310.5,1625,33.3,93,0,0,0,0,0,0
5358,L15357,L,300.8,310.4,1690,31.2,96,0,0,0,0,0,0
5359,L15358,L,300.9,310.5,1667,35.5,98,0,0,0,0,0,0
5360,H15359,H,300.9,310.6,1547,44.1,100,0,0,0,0,0,0
5361,M15360,M,301.0,310.6,1600,35.6,105,0,0,0,0,0,0
5362,L15361,L,300.9,310.6,1415,46.5,108,0,0,0,0,0,0
5363,L15362,L,300.9,310.6,1310,50.7,110,0,0,0,0,0,0
5364,H15363,H,301.0,310.7,1388,51.0,112,0,0,0,0,0,0
5365,H15364,H,301.0,310.7,1785,28.8,117,0,0,0,0,0,0
5366,H15365,H,301.0,310.7,1194,53.9,122,0,0,0,0,0,0
5367,L15366,L,301.0,310.7,1267,54.7,127,0,0,0,0,0,0
5368,M15367,M,301.0,310.7,1206,55.5,129,0,0,0,0,0,0
5369,H15368,H,300.9,310.7,1573,38.4,132,0,0,0,0,0,0
5370,L15369,L,301.0,310.7,1597,32.5,137,0,0,0,0,0,0
5371,L15370,L,301.0,310.8,1632,30.2,139,0,0,0,0,0,0
5372,H15371,H,301.0,310.8,1788,29.0,141,0,0,0,0,0,0
5373,L15372,L,301.1,310.8,1527,40.1,146,0,0,0,0,0,0
5374,M15373,M,301.0,310.8,1390,48.5,148,0,0,0,0,0,0
5375,M15374,M,301.0,310.7,1340,53.1,151,0,0,0,0,0,0
5376,M15375,M,300.9,310.7,1675,35.1,154,0,0,0,0,0,0
5377,L15376,L,300.9,310.7,1521,39.6,157,0,0,0,0,0,0
5378,M15377,M,300.9,310.7,1534,39.0,159,0,0,0,0,0,0
5379,L15378,L,300.8,310.6,1624,33.6,162,0,0,0,0,0,0
5380,H15379,H,300.8,310.5,1473,47.4,164,0,0,0,0,0,0
5381,L15380,L,300.7,310.4,1472,43.6,169,0,0,0,0,0,0
5382,M15381,M,300.8,310.5,1498,41.4,171,0,0,0,0,0,0
5383,M15382,M,300.8,310.4,1499,43.6,174,0,0,0,0,0,0
5384,L15383,L,300.8,310.4,1536,46.2,177,0,0,0,0,0,0
5385,L15384,L,300.8,310.4,1439,46.1,179,0,0,0,0,0,0
5386,M15385,M,300.8,310.5,1666,31.6,181,0,0,0,0,0,0
5387,L15386,L,300.8,310.5,1494,49.0,184,0,0,0,0,0,0
5388,L15387,L,300.7,310.4,1569,42.6,186,0,0,0,0,0,0
5389,L15388,L,300.7,310.3,1678,35.7,188,0,0,0,0,0,0
5390,H15389,H,300.7,310.3,1470,42.3,190,0,0,0,0,0,0
5391,M15390,M,300.7,310.4,1446,43.4,195,0,0,0,0,0,0
5392,L15391,L,300.7,310.3,1252,50.8,198,0,0,0,0,0,0
5393,H15392,H,300.7,310.3,1770,29.5,200,0,0,0,0,0,0
5394,L15393,L,300.8,310.2,1317,53.2,205,0,0,0,0,0,0
5395,L15394,L,300.8,310.3,1433,40.2,207,0,0,0,0,0,0
5396,L15395,L,300.8,310.3,1691,34.9,209,0,0,0,0,0,0
5397,L15396,L,300.8,310.4,1610,34.6,211,0,0,0,0,0,0
5398,L15397,L,300.8,310.5,1696,30.0,213,0,0,0,0,0,0
5399,M15398,M,300.8,310.4,1749,22.6,215,0,0,0,0,0,0
5400,L15399,L,300.8,310.5,1450,46.8,218,0,0,0,0,0,0
5401,M15400,M,300.8,310.5,1229,59.8,220,1,0,0,0,1,0
5402,L15401,L,300.8,310.5,1810,23.8,223,0,0,0,0,0,0
5403,L15402,L,300.7,310.4,1676,30.5,225,0,0,0,0,0,0
5404,L15403,L,300.7,310.4,1557,47.5,227,0,0,0,0,0,0
5405,M15404,M,300.8,310.4,1479,39.5,229,0,0,0,0,0,0
5406,M15405,M,300.7,310.4,1356,48.3,0,0,0,0,0,0,0
5407,L15406,L,300.8,310.5,1595,39.0,3,0,0,0,0,0,0
5408,L15407,L,300.8,310.4,1580,34.2,5,0,0,0,0,0,0
5409,L15408,L,300.7,310.4,1516,37.7,7,0,0,0,0,0,0
5410,H15409,H,300.7,310.3,2006,16.2,9,1,0,0,1,0,0
5411,L15410,L,300.7,310.3,1766,28.6,14,0,0,0,0,0,0
5412,M15411,M,300.7,310.3,1404,49.5,16,0,0,0,0,0,0
5413,L15412,L,300.7,310.4,1345,51.9,19,0,0,0,0,0,0
5414,L15413,L,300.6,310.4,1260,54.1,21,0,0,0,0,0,0
5415,M15414,M,300.6,310.4,1449,44.4,23,0,0,0,0,0,0
5416,L15415,L,300.5,310.4,1917,17.4,26,0,0,0,0,0,0
5417,L15416,L,300.6,310.3,1693,33.6,28,0,0,0,0,0,0
5418,H15417,H,300.5,310.2,1337,53.2,30,0,0,0,0,0,0
5419,L15418,L,300.6,310.3,1210,56.2,35,0,0,0,0,0,0
5420,L15419,L,300.6,310.3,1350,53.6,37,0,0,0,0,0,0
5421,L15420,L,300.6,310.3,1484,37.6,39,0,0,0,0,0,0
5422,L15421,L,300.5,310.3,1742,26.9,41,0,0,0,0,0,0
5423,M15422,M,300.5,310.3,1481,39.6,43,0,0,0,0,0,0
5424,L15423,L,300.5,310.3,1488,40.1,46,0,0,0,0,0,0
5425,H15424,H,300.5,310.3,1379,55.7,48,0,0,0,0,0,0
5426,M15425,M,300.5,310.3,1417,42.3,53,0,0,0,0,0,0
5427,H15426,H,300.4,310.3,1489,40.2,56,0,0,0,0,0,0
5428,H15427,H,300.3,310.2,1554,40.7,61,0,0,0,0,0,0
5429,H15428,H,300.3,310.2,1444,44.0,66,0,0,0,0,0,0
5430,M15429,M,300.3,310.4,1440,46.3,71,0,0,0,0,0,0
5431,L15430,L,300.3,310.3,1741,32.8,74,0,0,0,0,0,0
5432,L15431,L,300.3,310.4,1754,29.4,76,0,0,0,0,0,0
5433,M15432,M,300.4,310.5,1279,53.7,78,0,0,0,0,0,0
5434,L15433,L,300.4,310.4,1810,23.6,81,0,0,0,0,0,0
5435,M15434,M,300.5,310.6,1289,56.4,83,0,0,0,0,0,0
5436,L15435,L,300.5,310.6,1898,20.9,86,0,0,0,0,0,0
5437,H15436,H,300.4,310.4,1639,34.2,88,0,0,0,0,0,0
5438,L15437,L,300.4,310.4,1393,49.7,93,0,0,0,0,0,0
5439,H15438,H,300.3,310.3,1558,40.0,95,0,0,0,0,0,0
5440,L15439,L,300.4,310.4,1757,26.8,100,0,0,0,0,0,0
5441,L15440,L,300.3,310.3,1432,44.3,102,0,0,0,0,0,0
5442,H15441,H,300.4,310.4,1568,40.7,104,0,0,0,0,0,0
5443,H15442,H,300.3,310.2,1591,37.8,109,0,0,0,0,0,0
5444,M15443,M,300.3,310.3,1528,33.8,114,0,0,0,0,0,0
5445,H15444,H,300.3,310.3,1498,39.7,117,0,0,0,0,0,0
5446,L15445,L,300.3,310.2,1610,34.2,122,0,0,0,0,0,0
5447,H15446,H,300.3,310.2,1113,64.3,124,0,0,0,0,0,0
5448,L15447,L,300.2,310.2,1646,37.6,129,0,0,0,0,0,0
5449,M15448,M,300.2,310.1,1781,36.3,131,0,0,0,0,0,0
5450,L15449,L,300.2,310.0,1493,34.6,134,0,0,0,0,0,0
5451,L15450,L,300.2,310.1,1253,57.8,136,0,0,0,0,0,0
5452,M15451,M,300.2,310.1,1821,23.6,138,0,0,0,0,0,0
5453,M15452,M,300.2,310.1,1467,43.6,141,0,0,0,0,0,0
5454,L15453,L,300.2,310.1,1609,37.6,144,0,0,0,0,0,0
5455,H15454,H,300.1,310.1,1788,25.8,146,0,0,0,0,0,0
5456,M15455,M,300.1,310.0,1657,31.8,151,0,0,0,0,0,0
5457,L15456,L,300.0,309.9,1486,43.2,154,0,0,0,0,0,0
5458,M15457,M,300.0,309.9,1716,31.4,156,0,0,0,0,0,0
5459,L15458,L,299.9,309.7,1520,42.6,159,0,0,0,0,0,0
5460,L15459,L,299.9,309.7,1255,57.3,161,0,0,0,0,0,0
5461,M15460,M,299.8,309.7,1476,41.7,163,0,0,0,0,0,0
5462,L15461,L,299.9,309.8,1943,25.5,166,0,0,0,0,0,0
5463,L15462,L,299.9,309.9,1702,31.5,168,0,0,0,0,0,0
5464,M15463,M,299.9,309.8,1629,37.1,170,0,0,0,0,0,0
5465,L15464,L,299.9,309.8,1570,36.5,173,0,0,0,0,0,0
5466,H15465,H,299.9,309.8,1523,41.5,175,0,0,0,0,0,0
5467,M15466,M,299.9,309.8,1495,43.1,180,0,0,0,0,0,0
5468,L15467,L,300.0,309.9,1137,57.3,183,0,0,0,0,0,0
5469,M15468,M,300.0,310.0,1499,40.0,185,0,0,0,0,0,0
5470,L15469,L,300.1,310.0,1693,28.5,188,0,0,0,0,0,0
5471,M15470,M,300.1,309.9,1308,51.5,190,0,0,0,0,0,0
5472,L15471,L,300.1,309.9,1263,52.6,193,0,0,0,0,0,0
5473,H15472,H,300.1,310.0,1501,42.3,195,0,0,0,0,0,0
5474,L15473,L,300.1,309.9,1658,37.5,200,0,0,0,0,0,0
5475,M15474,M,300.1,309.9,1439,46.2,202,0,0,0,0,0,0
5476,L15475,L,300.1,310.0,1508,37.9,205,0,0,0,0,0,0
5477,L15476,L,300.1,309.9,1830,19.4,207,0,0,0,0,0,0
5478,L15477,L,300.2,309.9,1421,45.6,209,0,0,0,0,0,0
5479,M15478,M,300.2,309.8,1307,48.9,211,0,0,0,0,0,0
5480,H15479,H,300.1,309.7,1310,54.4,214,0,0,0,0,0,0
5481,L15480,L,300.1,309.7,1738,32.7,219,0,0,0,0,0,0
5482,L15481,L,300.1,309.8,1467,42.3,221,0,0,0,0,0,0
5483,L15482,L,300.0,309.9,1500,42.5,223,0,0,0,0,0,0
5484,L15483,L,299.9,309.7,1500,40.9,225,0,0,0,0,0,0
5485,H15484,H,300.0,309.7,1483,41.1,227,0,0,0,0,0,0
5486,H15485,H,300.0,309.8,1542,40.4,232,0,0,0,0,0,0
5487,H15486,H,299.9,309.8,1465,42.1,0,0,0,0,0,0,0
5488,L15487,L,299.9,309.8,1367,47.4,5,0,0,0,0,0,0
5489,L15488,L,299.9,309.7,1240,52.2,7,0,0,0,0,0,0
5490,M15489,M,299.9,309.7,1670,32.4,9,0,0,0,0,0,0
5491,L15490,L,299.9,309.8,1627,38.3,12,0,0,0,0,0,0
5492,M15491,M,299.8,309.8,1649,35.8,14,0,0,0,0,0,0
5493,L15492,L,299.8,309.8,1718,34.3,17,0,0,0,0,0,0
5494,L15493,L,299.8,310.0,1775,23.8,19,0,0,0,0,0,0
5495,H15494,H,299.8,309.9,1581,40.2,21,0,0,0,0,0,0
5496,L15495,L,299.8,309.9,1395,44.8,26,0,0,0,0,0,0
5497,H15496,H,299.8,309.8,1604,38.4,28,0,0,0,0,0,0
5498,L15497,L,299.8,309.8,1631,39.9,33,0,0,0,0,0,0
5499,L15498,L,299.8,309.8,1495,44.2,35,0,0,0,0,0,0
5500,L15499,L,299.8,309.8,1391,54.1,37,0,0,0,0,0,0
5501,L15500,L,299.8,309.8,1576,35.8,39,0,0,0,0,0,0
5502,M15501,M,299.8,309.8,1730,28.3,41,0,0,0,0,0,0
5503,L15502,L,299.9,310.0,1502,39.1,44,0,0,0,0,0,0
5504,M15503,M,299.8,310.0,1220,58.8,46,0,0,0,0,0,0
5505,H15504,H,299.9,309.9,1750,28.4,49,0,0,0,0,0,0
5506,L15505,L,299.8,309.9,1429,46.5,54,0,0,0,0,0,0
5507,L15506,L,299.9,310.0,1315,51.6,56,0,0,0,0,0,0
5508,L15507,L,299.9,310.0,1913,16.3,58,1,0,0,1,0,0
5509,M15508,M,299.9,309.9,1488,44.1,60,0,0,0,0,0,0
5510,M15509,M,299.8,309.9,1426,46.0,63,0,0,0,0,0,0
5511,L15510,L,299.8,309.9,1519,37.3,66,0,0,0,0,0,0
5512,M15511,M,299.8,309.9,1542,33.5,68,0,0,0,0,0,0
5513,L15512,L,299.8,309.8,1605,34.1,71,0,0,0,0,0,0
5514,L15513,L,299.8,309.8,1517,36.7,73,0,0,0,0,0,0
5515,L15514,L,299.8,309.8,1543,37.0,75,0,0,0,0,0,0
5516,H15515,H,299.8,309.8,1598,35.1,77,0,0,0,0,0,0
5517,L15516,L,299.8,309.8,1588,36.6,82,0,0,0,0,0,0
5518,L15517,L,299.9,309.9,1298,51.9,84,0,0,0,0,0,0
5519,L15518,L,299.9,309.9,1867,27.9,86,0,0,0,0,0,0
5520,M15519,M,300.0,309.9,1765,22.5,88,0,0,0,0,0,0
5521,L15520,L,300.0,309.9,1400,52.1,91,0,0,0,0,0,0
5522,L15521,L,300.0,309.9,1562,38.1,93,0,0,0,0,0,0
5523,L15522,L,300.0,309.8,1567,36.1,95,0,0,0,0,0,0
5524,M15523,M,300.0,309.7,1590,38.9,97,0,0,0,0,0,0
5525,L15524,L,300.0,309.8,1477,42.1,100,0,0,0,0,0,0
5526,H15525,H,300.0,309.9,1582,34.8,102,0,0,0,0,0,0
5527,L15526,L,300.0,309.9,1552,45.1,107,0,0,0,0,0,0
5528,L15527,L,300.0,309.9,1579,30.4,109,0,0,0,0,0,0
5529,H15528,H,300.0,309.7,1576,37.0,111,0,0,0,0,0,0
5530,H15529,H,300.0,309.8,1925,17.9,116,0,0,0,0,0,0
5531,L15530,L,300.0,309.8,1417,51.7,121,0,0,0,0,0,0
5532,H15531,H,300.0,309.8,1546,38.2,123,0,0,0,0,0,0
5533,M15532,M,299.9,309.9,1573,46.7,128,0,0,0,0,0,0
5534,L15533,L,299.9,309.8,1499,44.8,131,0,0,0,0,0,0
5535,H15534,H,299.8,309.7,1312,45.5,133,0,0,0,0,0,0
5536,M15535,M,299.8,309.7,1458,39.9,138,0,0,0,0,0,0
5537,L15536,L,300.0,309.8,1485,43.9,141,0,0,0,0,0,0
5538,M15537,M,299.9,309.7,1638,30.4,143,0,0,0,0,0,0
5539,L15538,L,299.9,309.6,1768,28.3,146,0,0,0,0,0,0
5540,L15539,L,299.9,309.5,1530,39.0,148,0,0,0,0,0,0
5541,H15540,H,299.9,309.4,1587,33.2,150,0,0,0,0,0,0
5542,M15541,M,299.9,309.4,1242,54.3,155,0,0,0,0,0,0
5543,M15542,M,299.8,309.3,1522,43.8,158,0,0,0,0,0,0
5544,M15543,M,299.9,309.4,1547,32.8,161,0,0,0,0,0,0
5545,M15544,M,299.9,309.5,1643,37.3,164,0,0,0,0,0,0
5546,L15545,L,299.9,309.4,1575,41.3,167,0,0,0,0,0,0
5547,H15546,H,299.9,309.4,1531,39.3,169,0,0,0,0,0,0
5548,M15547,M,299.8,309.5,1413,42.7,174,0,0,0,0,0,0
5549,M15548,M,299.9,309.6,1557,40.7,177,0,0,0,0,0,0
5550,L15549,L,299.8,309.6,1747,26.1,180,0,0,0,0,0,0
5551,L15550,L,299.7,309.5,1819,18.5,182,0,0,0,0,0,0
5552,L15551,L,299.7,309.4,1708,36.3,184,0,0,0,0,0,0
5553,L15552,L,299.8,309.5,1393,45.6,186,0,0,0,0,0,0
5554,L15553,L,299.7,309.4,1517,36.4,188,0,0,0,0,0,0
5555,M15554,M,299.8,309.5,1344,52.4,190,0,0,0,0,0,0
5556,H15555,H,299.8,309.4,1542,39.5,193,0,0,0,0,0,0
5557,L15556,L,299.7,309.3,1390,53.6,198,0,0,0,0,0,0
5558,L15557,L,299.8,309.3,1321,51.5,200,0,0,0,0,0,0
5559,M15558,M,299.8,309.4,1339,50.5,202,0,0,0,0,0,0
5560,L15559,L,299.8,309.5,1761,28.0,205,0,0,0,0,0,0
5561,H15560,H,299.9,309.7,1546,40.2,207,0,0,0,0,0,0
5562,L15561,L,299.9,309.8,1343,52.2,212,1,0,0,0,1,0
5563,L15562,L,299.8,309.7,1507,42.7,214,0,0,0,0,0,0
5564,L15563,L,299.8,309.7,1453,45.5,216,0,0,0,0,0,0
5565,H15564,H,299.8,309.8,1751,26.1,218,0,0,0,0,0,0
5566,L15565,L,299.8,309.8,1258,59.2,223,1,0,0,0,1,0
5567,M15566,M,299.8,309.8,1652,32.1,0,0,0,0,0,0,0
5568,L15567,L,299.8,309.8,1922,20.1,3,0,0,0,0,0,0
5569,L15568,L,299.8,309.7,1675,36.5,5,0,0,0,0,0,0
5570,H15569,H,299.8,309.7,1916,15.5,7,1,0,0,1,0,0
5571,L15570,L,299.8,309.7,1857,29.1,12,0,0,0,0,0,0
5572,L15571,L,299.8,309.7,1100,65.6,14,0,0,0,0,0,0
5573,M15572,M,299.7,309.6,1563,36.2,16,0,0,0,0,0,0
5574,H15573,H,299.7,309.7,1811,25.7,19,0,0,0,0,0,0
5575,L15574,L,299.7,309.6,1558,40.3,24,0,0,0,0,0,0
5576,L15575,L,299.7,309.7,1695,31.0,26,0,0,0,0,0,0
5577,H15576,H,299.8,309.6,1437,48.6,28,0,0,0,0,0,0
5578,M15577,M,299.8,309.6,1703,31.1,33,0,0,0,0,0,0
5579,H15578,H,299.9,309.7,1607,42.7,36,0,0,0,0,0,0
5580,M15579,M,299.9,309.7,1730,28.5,41,0,0,0,0,0,0
5581,M15580,M,299.9,309.7,1100,66.0,44,0,0,0,0,0,0
5582,L15581,L,299.9,309.8,1422,45.0,47,0,0,0,0,0,0
5583,L15582,L,300.0,310.0,1589,38.5,49,0,0,0,0,0,0
5584,M15583,M,300.1,310.1,1615,37.1,51,0,0,0,0,0,0
5585,M15584,M,300.1,310.1,1644,34.5,54,0,0,0,0,0,0
5586,H15585,H,300.2,310.1,1620,32.4,57,0,0,0,0,0,0
5587,M15586,M,300.2,310.0,1734,32.1,62,0,0,0,0,0,0
5588,L15587,L,300.2,310.0,1361,56.8,65,0,0,0,0,0,0
5589,L15588,L,300.2,310.1,1634,34.5,67,0,0,0,0,0,0
5590,M15589,M,300.1,310.2,2001,18.7,69,0,0,0,0,0,0
5591,L15590,L,300.1,310.1,1785,28.3,72,0,0,0,0,0,0
5592,M15591,M,300.1,310.1,1504,49.3,74,0,0,0,0,0,0
5593,M15592,M,300.0,310.0,1607,37.5,77,0,0,0,0,0,0
5594,L15593,L,300.0,310.0,1568,38.7,80,0,0,0,0,0,0
5595,M15594,M,300.1,310.1,1386,51.7,82,0,0,0,0,0,0
5596,M15595,M,300.1,310.1,1646,32.2,85,0,0,0,0,0,0
5597,H15596,H,300.2,310.1,1453,46.3,88,0,0,0,0,0,0
5598,L15597,L,300.2,310.0,1726,33.3,93,0,0,0,0,0,0
5599,M15598,M,300.1,310.1,1486,45.8,95,0,0,0,0,0,0
5600,L15599,L,300.1,310.1,1603,36.1,98,0,0,0,0,0,0
5601,M15600,M,300.0,310.1,1590,37.6,100,0,0,0,0,0,0
5602,L15601,L,300.0,310.0,1441,48.2,103,0,0,0,0,0,0
5603,H15602,H,300.0,310.0,1451,47.5,105,0,0,0,0,0,0
5604,H15603,H,299.9,309.9,1608,38.3,110,0,0,0,0,0,0
5605,M15604,M,300.0,309.9,1637,35.3,115,0,0,0,0,0,0
5606,M15605,M,300.1,310.0,1220,56.0,118,0,0,0,0,0,0
5607,L15606,L,300.0,309.9,1401,45.9,121,0,0,0,0,0,0
5608,M15607,M,300.0,309.9,1630,36.1,123,0,0,0,0,0,0
5609,L15608,L,300.1,310.0,1696,33.5,126,0,0,0,0,0,0
5610,M15609,M,300.1,310.1,1403,50.2,128,0,0,0,0,0,0
5611,L15610,L,300.1,310.0,1481,41.2,131,0,0,0,0,0,0
5612,M15611,M,300.1,310.0,1557,38.4,133,0,0,0,0,0,0
5613,L15612,L,300.0,310.0,1453,41.1,136,0,0,0,0,0,0
5614,M15613,M,300.1,310.0,1403,43.4,138,0,0,0,0,0,0
5615,M15614,M,300.1,310.0,1552,39.4,141,0,0,0,0,0,0
5616,L15615,L,300.1,309.9,1409,52.0,144,0,0,0,0,0,0
5617,L15616,L,300.2,310.2,1329,52.6,146,0,0,0,0,0,0
5618,H15617,H,300.1,310.0,1554,45.3,148,0,0,0,0,0,0
5619,M15618,M,300.1,310.0,1295,53.7,153,0,0,0,0,0,0
5620,L15619,L,300.0,309.9,1538,40.1,156,0,0,0,0,0,0
5621,L15620,L,299.9,309.8,1365,46.9,158,0,0,0,0,0,0
5622,L15621,L,299.9,309.9,1348,50.0,160,0,0,0,0,0,0
5623,M15622,M,300.0,309.9,1298,50.2,162,0,0,0,0,0,0
5624,M15623,M,299.9,309.9,1296,49.2,165,0,0,0,0,0,0
5625,L15624,L,299.9,309.8,1365,46.3,168,0,0,0,0,0,0
5626,M15625,M,299.8,309.8,1210,59.6,170,0,0,0,0,0,0
5627,M15626,M,299.8,309.8,1589,34.6,173,0,0,0,0,0,0
5628,M15627,M,299.8,309.8,1536,38.4,176,0,0,0,0,0,0
5629,L15628,L,299.8,309.7,1597,37.9,179,0,0,0,0,0,0
5630,L15629,L,299.8,309.7,1514,36.3,181,0,0,0,0,0,0
5631,L15630,L,299.8,309.8,1881,20.1,183,0,0,0,0,0,0
5632,L15631,L,299.8,309.7,1352,53.7,185,0,0,0,0,0,0
5633,L15632,L,299.8,309.7,1765,29.7,187,0,0,0,0,0,0
5634,L15633,L,299.7,309.6,1538,41.7,189,0,0,0,0,0,0
5635,L15634,L,299.7,309.6,1777,25.8,191,0,0,0,0,0,0
5636,M15635,M,299.8,309.6,1398,46.2,193,0,0,0,0,0,0
5637,L15636,L,299.7,309.6,1667,32.1,196,0,0,0,0,0,0
5638,M15637,M,299.7,309.7,1824,28.6,198,0,0,0,0,0,0
5639,L15638,L,299.6,309.5,1520,41.9,201,0,0,0,0,0,0
5640,M15639,M,299.6,309.5,1651,33.0,203,0,0,0,0,0,0
5641,L15640,L,299.6,309.4,1667,34.3,206,0,0,0,0,0,0
5642,M15641,M,299.7,309.3,1512,41.7,208,0,0,0,0,0,0
5643,M15642,M,299.7,309.3,1415,48.0,211,0,0,0,0,0,0
5644,L15643,L,299.6,309.3,1663,31.8,214,0,0,0,0,0,0
5645,M15644,M,299.7,309.3,1683,30.1,216,0,0,0,0,0,0
5646,L15645,L,299.6,309.2,1590,40.2,219,0,0,0,0,0,0
5647,M15646,M,299.5,309.1,1337,45.4,221,0,0,0,0,0,0
5648,L15647,L,299.5,309.1,1316,54.6,224,1,0,0,0,1,0
5649,L15648,L,299.4,309.1,1694,29.3,226,0,0,0,0,0,0
5650,L15649,L,299.4,309.0,1486,36.8,0,0,0,0,0,0,0
5651,H15650,H,299.4,309.0,1284,51.8,2,0,0,0,0,0,0
5652,L15651,L,299.5,309.0,1200,59.7,7,0,0,0,0,0,0
5653,M15652,M,299.5,309.1,1713,30.1,9,0,0,0,0,0,0
5654,L15653,L,299.5,309.0,1705,32.6,12,0,0,0,0,0,0
5655,L15654,L,299.6,309.0,1518,43.8,14,0,0,0,0,0,0
5656,L15655,L,299.7,309.1,1550,34.2,16,0,0,0,0,0,0
5657,H15656,H,299.6,308.9,1688,32.4,18,0,0,0,0,0,0
5658,M15657,M,299.6,308.8,1537,42.4,23,0,0,0,0,0,0
5659,L15658,L,299.4,308.8,1287,55.5,26,0,0,0,0,0,0
5660,M15659,M,299.5,308.8,1789,26.9,28,0,0,0,0,0,0
5661,L15660,L,299.4,308.7,1175,55.0,31,0,0,0,0,0,0
5662,L15661,L,299.4,308.7,1580,34.3,33,0,0,0,0,0,0
5663,M15662,M,299.4,308.8,1556,43.5,35,0,0,0,0,0,0
5664,L15663,L,299.5,308.9,1252,55.9,38,0,0,0,0,0,0
5665,L15664,L,299.5,308.9,1607,43.3,40,0,0,0,0,0,0
5666,M15665,M,299.4,308.9,1517,37.0,42,0,0,0,0,0,0
5667,L15666,L,299.5,308.8,1503,47.2,45,0,0,0,0,0,0
5668,H15667,H,299.5,308.8,1533,38.3,47,0,0,0,0,0,0
5669,M15668,M,299.5,308.8,1498,45.2,52,0,0,0,0,0,0
5670,H15669,H,299.6,308.9,1556,38.0,55,0,0,0,0,0,0
5671,M15670,M,299.4,308.7,1398,48.6,60,0,0,0,0,0,0
5672,H15671,H,299.3,308.6,1808,26.1,63,0,0,0,0,0,0
5673,L15672,L,299.4,308.6,1676,29.9,68,0,0,0,0,0,0
5674,M15673,M,299.3,308.6,1822,25.9,70,0,0,0,0,0,0
5675,M15674,M,299.4,308.6,1533,39.4,73,0,0,0,0,0,0
5676,H15675,H,299.4,308.6,1808,24.7,76,0,0,0,0,0,0
5677,L15676,L,299.4,308.6,1508,33.1,81,0,0,0,0,0,0
5678,M15677,M,299.4,308.6,1707,28.9,83,0,0,0,0,0,0
5679,M15678,M,299.4,308.7,1357,54.8,86,0,0,0,0,0,0
5680,L15679,L,299.4,308.8,1745,30.1,89,0,0,0,0,0,0
5681,H15680,H,299.4,308.8,1806,27.1,91,0,0,0,0,0,0
5682,L15681,L,299.5,309.0,1499,42.5,96,0,0,0,0,0,0
5683,L15682,L,299.5,309.0,1345,56.9,98,0,0,0,0,0,0
5684,M15683,M,299.5,309.0,1574,38.8,100,0,0,0,0,0,0
5685,L15684,L,299.4,308.9,1508,39.6,103,0,0,0,0,0,0
5686,L15685,L,299.4,308.9,1366,52.9,105,0,0,0,0,0,0
5687,L15686,L,299.4,308.9,1440,48.8,107,0,0,0,0,0,0
5688,L15687,L,299.4,308.9,1501,44.3,109,0,0,0,0,0,0
5689,M15688,M,299.3,308.8,1615,34.2,111,0,0,0,0,0,0
5690,H15689,H,299.3,308.7,1476,44.6,114,0,0,0,0,0,0
5691,M15690,M,299.2,308.7,1847,26.4,119,0,0,0,0,0,0
5692,L15691,L,299.2,308.7,1671,33.8,122,0,0,0,0,0,0
5693,M15692,M,299.3,308.8,1212,54.3,124,0,0,0,0,0,0
5694,H15693,H,299.3,308.8,1281,53.0,127,0,0,0,0,0,0
5695,M15694,M,299.3,309.0,1426,44.4,132,0,0,0,0,0,0
5696,L15695,L,299.3,309.0,1824,20.7,135,0,0,0,0,0,0
5697,L15696,L,299.3,309.0,1625,27.9,137,0,0,0,0,0,0
5698,H15697,H,299.3,309.0,1759,33.2,139,0,0,0,0,0,0
5699,H15698,H,299.3,309.0,1518,38.3,144,0,0,0,0,0,0
5700,L15699,L,299.4,309.0,1706,27.5,149,0,0,0,0,0,0
5701,H15700,H,299.3,309.0,1471,37.5,151,0,0,0,0,0,0
5702,L15701,L,299.3,308.9,1286,57.7,156,0,0,0,0,0,0
5703,L15702,L,299.2,308.9,1465,44.0,158,0,0,0,0,0,0
5704,M15703,M,299.2,309.0,1481,42.2,160,0,0,0,0,0,0
5705,M15704,M,299.2,308.9,1694,29.8,163,0,0,0,0,0,0
5706,L15705,L,299.1,309.0,1850,23.6,166,0,0,0,0,0,0
5707,H15706,H,299.2,309.0,1720,27.7,168,0,0,0,0,0,0
5708,H15707,H,299.1,309.0,1712,23.2,173,0,0,0,0,0,0
5709,L15708,L,299.1,309.0,1453,40.8,178,0,0,0,0,0,0
5710,M15709,M,299.1,309.0,1398,43.8,180,0,0,0,0,0,0
5711,M15710,M,299.1,308.9,1718,30.3,183,0,0,0,0,0,0
5712,M15711,M,299.2,309.1,1565,41.5,186,0,0,0,0,0,0
5713,H15712,H,299.2,309.2,1370,54.7,189,0,0,0,0,0,0
5714,M15713,M,299.1,309.1,1114,59.6,194,0,0,0,0,0,0
5715,L15714,L,299.0,308.9,1442,47.7,197,0,0,0,0,0,0
5716,L15715,L,299.0,309.0,1533,38.3,199,0,0,0,0,0,0
5717,H15716,H,299.0,308.8,1576,47.4,201,0,0,0,0,0,0
5718,H15717,H,299.0,308.9,1385,53.5,206,0,0,0,0,0,0
5719,L15718,L,298.9,308.8,1974,19.9,211,0,0,0,0,0,0
5720,L15719,L,298.9,308.9,1331,54.8,213,1,0,0,0,1,0
5721,M15720,M,299.0,308.8,1652,34.6,215,0,0,0,0,0,0
5722,L15721,L,299.0,308.8,1606,34.7,218,0,0,0,0,0,0
5723,L15722,L,299.0,308.8,1565,36.5,220,0,0,0,0,0,0
5724,H15723,H,299.0,308.6,1439,43.2,222,0,0,0,0,0,0
5725,H15724,H,298.8,308.6,1761,28.9,227,0,0,0,0,0,0
5726,H15725,H,298.8,308.6,1674,37.2,0,0,0,0,0,0,0
5727,M15726,M,298.9,308.6,1429,45.3,5,0,0,0,0,0,0
5728,L15727,L,298.8,308.6,1460,42.2,8,0,0,0,0,0,0
5729,H15728,H,298.8,308.6,1390,43.8,10,0,0,0,0,0,0
5730,L15729,L,298.8,308.5,1607,36.8,15,0,0,0,0,0,0
5731,L15730,L,298.8,308.5,1489,46.9,17,0,0,0,0,0,0
5732,H15731,H,298.8,308.5,1430,50.6,19,0,0,0,0,0,0
5733,M15732,M,298.8,308.5,1446,50.0,24,0,0,0,0,0,0
5734,H15733,H,298.7,308.3,1489,44.3,27,0,0,0,0,0,0
5735,L15734,L,298.7,308.3,1383,49.4,32,0,0,0,0,0,0
5736,H15735,H,298.7,308.3,1462,48.7,34,0,0,0,0,0,0
5737,M15736,M,298.8,308.5,1100,66.8,39,0,0,0,0,0,0
5738,M15737,M,298.7,308.4,1306,52.2,42,0,0,0,0,0,0
5739,H15738,H,298.7,308.4,1649,39.1,45,0,0,0,0,0,0
5740,L15739,L,298.6,308.3,1633,30.9,50,0,0,0,0,0,0
5741,M15740,M,298.7,308.3,1580,37.4,52,0,0,0,0,0,0
5742,M15741,M,298.7,308.4,1630,36.7,55,0,0,0,0,0,0
5743,M15742,M,298.7,308.4,1456,45.1,58,0,0,0,0,0,0
5744,H15743,H,298.6,308.4,1721,33.0,61,0,0,0,0,0,0
5745,M15744,M,298.6,308.4,1421,51.9,66,0,0,0,0,0,0
5746,L15745,L,298.6,308.3,1801,26.1,69,0,0,0,0,0,0
5747,L15746,L,298.5,308.3,1893,23.7,71,0,0,0,0,0,0
5748,H15747,H,298.5,308.3,1509,38.6,73,0,0,0,0,0,0
5749,H15748,H,298.5,308.3,1672,31.6,78,0,0,0,0,0,0
5750,H15749,H,298.5,308.2,1886,27.4,83,0,0,0,0,0,0
5751,L15750,L,298.6,308.2,1755,33.6,88,0,0,0,0,0,0
5752,L15751,L,298.6,308.3,1596,32.4,90,0,0,0,0,0,0
5753,M15752,M,298.5,308.2,1536,40.1,92,0,0,0,0,0,0
5754,M15753,M,298.5,308.2,1651,33.8,95,0,0,0,0,0,0
5755,L15754,L,298.5,308.2,1653,34.6,98,0,0,0,0,0,0
5756,M15755,M,298.6,308.4,1610,40.0,100,0,0,0,0,0,0
5757,L15756,L,298.6,308.5,1468,50.1,103,0,0,0,0,0,0
5758,L15757,L,298.6,308.5,1290,54.7,105,0,0,0,0,0,0
5759,L15758,L,298.6,308.5,1576,41.5,107,0,0,0,0,0,0
5760,L15759,L,298.5,308.4,1536,42.3,109,0,0,0,0,0,0
5761,L15760,L,298.5,308.2,1568,38.2,111,0,0,0,0,0,0
5762,H15761,H,298.5,308.3,1361,44.8,113,0,0,0,0,0,0
5763,M15762,M,298.5,308.2,1529,43.9,118,0,0,0,0,0,0
5764,H15763,H,298.5,308.2,1346,53.3,121,0,0,0,0,0,0
5765,L15764,L,298.4,308.1,1881,21.1,126,0,0,0,0,0,0
5766,L15765,L,298.4,308.0,1523,37.7,128,0,0,0,0,0,0
5767,L15766,L,298.4,307.9,1590,43.4,130,0,0,0,0,0,0
5768,M15767,M,298.4,307.9,1551,39.7,132,0,0,0,0,0,0
5769,L15768,L,298.3,307.9,1634,30.6,135,0,0,0,0,0,0
5770,M15769,M,298.3,307.9,1686,27.0,137,0,0,0,0,0,0
5771,H15770,H,298.3,307.9,1439,48.1,140,0,0,0,0,0,0
5772,H15771,H,298.2,307.9,1706,32.4,145,1,0,0,0,0,1
5773,L15772,L,298.3,307.9,1811,22.5,150,0,0,0,0,0,0
5774,M15773,M,298.3,308.0,1418,48.6,152,0,0,0,0,0,0
5775,L15774,L,298.3,308.1,1497,44.6,155,0,0,0,0,0,0
5776,L15775,L,298.3,308.0,1566,38.8,157,0,0,0,0,0,0
5777,M15776,M,298.3,308.0,1654,30.9,159,0,0,0,0,0,0
5778,M15777,M,298.2,308.0,1611,38.9,162,0,0,0,0,0,0
5779,M15778,M,298.3,308.0,1378,52.2,165,0,0,0,0,0,0
5780,L15779,L,298.3,308.0,1844,23.9,168,0,0,0,0,0,0
5781,H15780,H,298.4,308.1,1757,24.4,170,0,0,0,0,0,0
5782,H15781,H,298.3,308.1,1570,33.7,175,0,0,0,0,0,0
5783,L15782,L,298.4,308.2,1547,39.7,180,0,0,0,0,0,0
5784,H15783,H,298.3,308.1,1674,35.0,182,0,0,0,0,0,0
5785,L15784,L,298.3,308.0,1487,46.4,187,0,0,0,0,0,0
5786,M15785,M,298.2,308.0,1386,50.9,189,0,0,0,0,0,0
5787,H15786,H,298.3,308.1,1465,42.8,192,0,0,0,0,0,0
5788,H15787,H,298.3,308.1,1398,45.6,197,0,0,0,0,0,0
5789,H15788,H,298.3,308.1,1491,42.7,202,0,0,0,0,0,0
5790,L15789,L,298.3,308.2,1536,40.1,207,0,0,0,0,0,0
5791,H15790,H,298.4,308.2,1820,27.1,209,0,0,0,0,0,0
5792,M15791,M,298.4,308.2,1686,29.7,214,0,0,0,0,0,0
5793,L15792,L,298.3,308.2,1746,26.5,217,0,0,0,0,0,0
5794,L15793,L,298.4,308.2,1678,38.5,219,0,0,0,0,0,0
5795,M15794,M,298.4,308.3,1585,42.3,221,0,0,0,0,0,0
5796,M15795,M,298.3,308.1,1735,25.5,224,0,0,0,0,0,0
5797,M15796,M,298.4,308.2,1608,40.7,227,0,0,0,0,0,0
5798,H15797,H,298.4,308.2,1624,31.2,230,0,0,0,0,0,0
5799,M15798,M,298.4,308.3,1696,29.3,235,0,0,0,0,0,0
5800,L15799,L,298.4,308.3,1626,33.7,0,0,0,0,0,0,0
5801,L15800,L,298.5,308.3,1724,28.8,2,0,0,0,0,0,0
5802,M15801,M,298.5,308.4,1469,46.1,4,0,0,0,0,0,0
5803,M15802,M,298.4,308.4,1573,38.3,7,0,0,0,0,0,0
5804,M15803,M,298.4,308.5,1434,48.2,10,0,0,0,0,0,0
5805,M15804,M,298.4,308.5,1591,35.6,13,0,0,0,0,0,0
5806,M15805,M,298.4,308.6,1628,35.9,16,0,0,0,0,0,0
5807,M15806,M,298.5,308.6,1224,58.7,19,0,0,0,0,0,0
5808,H15807,H,298.4,308.5,1736,23.8,22,0,0,0,0,0,0
5809,L15808,L,298.4,308.6,1347,52.8,27,0,0,0,0,0,0
5810,M15809,M,298.4,308.7,1262,56.5,29,0,0,0,0,0,0
5811,M15810,M,298.4,308.7,1368,47.7,32,0,0,0,0,0,0
5812,L15811,L,298.4,308.7,1570,36.7,35,0,0,0,0,0,0
5813,M15812,M,298.5,308.6,1273,54.3,37,0,0,0,0,0,0
5814,M15813,M,298.4,308.4,1579,36.8,40,0,0,0,0,0,0
5815,M15814,M,298.5,308.4,1756,32.9,43,0,0,0,0,0,0
5816,M15815,M,298.5,308.4,1721,36.1,46,0,0,0,0,0,0
5817,L15816,L,298.6,308.5,1483,34.3,49,0,0,0,0,0,0
5818,L15817,L,298.5,308.4,1726,30.5,51,0,0,0,0,0,0
5819,L15818,L,298.5,308.2,1403,51.1,53,0,0,0,0,0,0
5820,L15819,L,298.5,308.3,1657,32.3,55,0,0,0,0,0,0
5821,M15820,M,298.5,308.3,1595,39.7,57,0,0,0,0,0,0
5822,H15821,H,298.4,308.2,1876,25.6,60,0,0,0,0,0,0
5823,M15822,M,298.4,308.1,1456,40.3,65,0,0,0,0,0,0
5824,L15823,L,298.4,308.1,1742,28.4,68,0,0,0,0,0,0
5825,L15824,L,298.4,308.1,1848,28.2,70,0,0,0,0,0,0
5826,L15825,L,298.4,308.1,1487,38.9,72,0,0,0,0,0,0
5827,M15826,M,298.4,308.2,1352,50.6,74,0,0,0,0,0,0
5828,L15827,L,298.3,308.1,1438,44.4,77,0,0,0,0,0,0
5829,M15828,M,298.3,308.1,1510,45.1,79,0,0,0,0,0,0
5830,M15829,M,298.3,308.0,1627,38.7,82,0,0,0,0,0,0
5831,M15830,M,298.4,308.2,1604,36.6,85,0,0,0,0,0,0
5832,L15831,L,298.4,308.2,1405,47.9,88,0,0,0,0,0,0
5833,L15832,L,298.4,308.3,1538,34.4,90,0,0,0,0,0,0
5834,M15833,M,298.4,308.3,1476,48.3,92,0,0,0,0,0,0
5835,M15834,M,298.5,308.3,1308,52.4,95,0,0,0,0,0,0
5836,L15835,L,298.5,308.3,1673,31.6,98,0,0,0,0,0,0
5837,H15836,H,298.4,308.2,1710,33.1,100,0,0,0,0,0,0
5838,M15837,M,298.5,308.3,1642,34.5,105,0,0,0,0,0,0
5839,L15838,L,298.5,308.3,1844,25.3,108,0,0,0,0,0,0
5840,L15839,L,298.5,308.4,1652,35.3,110,0,0,0,0,0,0
5841,L15840,L,298.5,308.3,1328,53.0,112,0,0,0,0,0,0
5842,L15841,L,298.5,308.5,1733,29.5,114,0,0,0,0,0,0
5843,L15842,L,298.5,308.5,1250,53.3,116,0,0,0,0,0,0
5844,M15843,M,298.5,308.4,1603,35.7,118,0,0,0,0,0,0
5845,L15844,L,298.4,308.4,1239,61.1,121,0,0,0,0,0,0
5846,H15845,H,298.4,308.3,1604,33.2,123,0,0,0,0,0,0
5847,H15846,H,298.4,308.3,1523,38.6,128,0,0,0,0,0,0
5848,L15847,L,298.4,308.1,1644,30.9,133,0,0,0,0,0,0
5849,L15848,L,298.4,308.1,1664,33.1,135,0,0,0,0,0,0
5850,M15849,M,298.4,308.2,1389,53.4,137,0,0,0,0,0,0
5851,H15850,H,298.5,308.2,1488,44.7,140,0,0,0,0,0,0
5852,H15851,H,298.4,308.2,1241,50.3,145,0,0,0,0,0,0
5853,L15852,L,298.4,308.2,1798,26.8,150,0,0,0,0,0,0
5854,L15853,L,298.4,308.2,1402,46.5,152,0,0,0,0,0,0
5855,L15854,L,298.5,308.3,1732,30.3,154,0,0,0,0,0,0
5856,H15855,H,298.5,308.3,1757,26.6,156,0,0,0,0,0,0
5857,M15856,M,298.4,308.2,1449,42.4,161,0,0,0,0,0,0
5858,M15857,M,298.4,308.2,1495,42.3,164,0,0,0,0,0,0
5859,M15858,M,298.4,308.2,1504,40.5,167,0,0,0,0,0,0
5860,L15859,L,298.5,308.3,1433,47.2,170,0,0,0,0,0,0
5861,M15860,M,298.5,308.4,1340,48.7,172,0,0,0,0,0,0
5862,L15861,L,298.5,308.3,1225,54.7,175,0,0,0,0,0,0
5863,M15862,M,298.6,308.4,1781,28.1,177,0,0,0,0,0,0
5864,M15863,M,298.5,308.4,1345,55.0,180,0,0,0,0,0,0
5865,M15864,M,298.6,308.4,1250,58.8,183,0,0,0,0,0,0
5866,L15865,L,298.6,308.4,1564,36.3,186,0,0,0,0,0,0
5867,H15866,H,298.6,308.4,1780,23.3,188,0,0,0,0,0,0
5868,M15867,M,298.6,308.4,1735,26.2,193,0,0,0,0,0,0
5869,L15868,L,298.5,308.4,1666,35.4,196,0,0,0,0,0,0
5870,L15869,L,298.5,308.3,1149,60.1,198,1,0,0,0,1,0
5871,M15870,M,298.5,308.3,1585,40.2,200,0,0,0,0,0,0
5872,L15871,L,298.3,308.2,1679,33.8,203,0,0,0,0,0,0
5873,L15872,L,298.4,308.2,1724,33.1,205,0,0,0,0,0,0
5874,L15873,L,298.5,308.1,1822,26.8,207,0,0,0,0,0,0
5875,L15874,L,298.6,308.2,1420,48.7,209,0,0,0,0,0,0
5876,L15875,L,298.6,308.2,1472,39.1,211,0,0,0,0,0,0
5877,M15876,M,298.7,308.2,1215,61.0,213,1,0,0,0,1,0
5878,L15877,L,298.7,308.2,1438,46.3,216,0,0,0,0,0,0
5879,M15878,M,298.7,308.2,1376,48.3,218,0,0,0,0,0,0
5880,L15879,L,298.7,308.1,1655,37.6,221,0,0,0,0,0,0
5881,L15880,L,298.6,308.0,1715,29.1,0,0,0,0,0,0,0
5882,L15881,L,298.6,308.2,1657,31.3,2,0,0,0,0,0,0
5883,M15882,M,298.7,308.2,1834,26.3,4,0,0,0,0,0,0
5884,H15883,H,298.7,308.2,1361,49.1,7,0,0,0,0,0,0
5885,L15884,L,298.7,308.2,1571,36.2,12,0,0,0,0,0,0
5886,L15885,L,298.7,308.3,1313,49.5,14,0,0,0,0,0,0
5887,L15886,L,298.7,308.3,1469,41.4,16,0,0,0,0,0,0
5888,L15887,L,298.8,308.4,1547,37.1,18,0,0,0,0,0,0
5889,H15888,H,298.8,308.3,1772,28.3,20,0,0,0,0,0,0
5890,L15889,L,298.7,308.2,1430,43.0,25,0,0,0,0,0,0
5891,H15890,H,298.8,308.3,1471,37.8,27,0,0,0,0,0,0
5892,M15891,M,298.8,308.2,1402,49.0,32,0,0,0,0,0,0
5893,M15892,M,298.7,308.2,1624,32.8,35,0,0,0,0,0,0
5894,H15893,H,298.7,308.2,1432,46.2,38,0,0,0,0,0,0
5895,L15894,L,298.7,308.1,1331,56.4,43,0,0,0,0,0,0
5896,M15895,M,298.8,308.2,1496,42.7,45,0,0,0,0,0,0
5897,L15896,L,298.7,308.2,1489,47.9,48,0,0,0,0,0,0
5898,H15897,H,298.7,308.3,1437,45.7,50,0,0,0,0,0,0
5899,M15898,M,298.7,308.3,1272,59.0,55,0,0,0,0,0,0
5900,L15899,L,298.8,308.4,1444,43.7,58,0,0,0,0,0,0
5901,H15900,H,298.7,308.3,1425,47.0,60,0,0,0,0,0,0
5902,L15901,L,298.7,308.3,1492,39.6,65,0,0,0,0,0,0
5903,L15902,L,298.7,308.3,1624,32.3,67,0,0,0,0,0,0
5904,M15903,M,298.6,308.3,1731,27.9,69,0,0,0,0,0,0
5905,L15904,L,298.6,308.4,1248,52.7,72,0,0,0,0,0,0
5906,H15905,H,298.6,308.3,1718,29.9,74,0,0,0,0,0,0
5907,M15906,M,298.5,308.3,1394,47.5,79,0,0,0,0,0,0
5908,M15907,M,298.5,308.2,1480,44.2,82,0,0,0,0,0,0
5909,L15908,L,298.5,308.1,1309,49.2,85,0,0,0,0,0,0
5910,L15909,L,298.5,308.2,1665,34.9,87,0,0,0,0,0,0
5911,H15910,H,298.5,308.2,1767,32.1,89,0,0,0,0,0,0
5912,L15911,L,298.5,308.2,1557,43.8,94,0,0,0,0,0,0
5913,M15912,M,298.4,308.2,1694,37.1,96,0,0,0,0,0,0
5914,L15913,L,298.4,308.2,1750,27.7,99,0,0,0,0,0,0
5915,L15914,L,298.4,308.1,1189,59.4,101,0,0,0,0,0,0
5916,M15915,M,298.4,308.1,1700,32.1,103,0,0,0,0,0,0
5917,M15916,M,298.4,308.1,1694,30.1,106,0,0,0,0,0,0
5918,M15917,M,298.3,308.1,1482,37.6,109,0,0,0,0,0,0
5919,H15918,H,298.3,308.1,1371,52.5,112,0,0,0,0,0,0
5920,L15919,L,298.3,308.2,1893,18.3,117,0,0,0,0,0,0
5921,L15920,L,298.4,308.2,1257,51.7,119,0,0,0,0,0,0
5922,L15921,L,298.3,308.0,1665,30.9,121,0,0,0,0,0,0
5923,M15922,M,298.3,308.0,1481,42.6,123,0,0,0,0,0,0
5924,L15923,L,298.3,308.1,1654,33.2,126,0,0,0,0,0,0
5925,M15924,M,298.3,308.1,1201,59.9,128,0,0,0,0,0,0
5926,L15925,L,298.3,308.0,1593,41.2,131,0,0,0,0,0,0
5927,H15926,H,298.4,307.9,1586,32.9,133,0,0,0,0,0,0
5928,H15927,H,298.3,307.9,1581,37.0,138,0,0,0,0,0,0
5929,H15928,H,298.3,307.8,1474,40.9,143,0,0,0,0,0,0
5930,L15929,L,298.3,307.9,1578,41.8,148,0,0,0,0,0,0
5931,H15930,H,298.3,308.0,1432,44.4,150,0,0,0,0,0,0
5932,L15931,L,298.3,308.0,1519,40.0,155,0,0,0,0,0,0
5933,L15932,L,298.4,308.1,1831,26.2,157,0,0,0,0,0,0
5934,L15933,L,298.5,308.2,1670,36.6,159,0,0,0,0,0,0
5935,L15934,L,298.5,308.1,1517,46.1,161,0,0,0,0,0,0
5936,M15935,M,298.5,308.2,1560,33.3,163,0,0,0,0,0,0
5937,L15936,L,298.4,308.1,1451,46.7,166,0,0,0,0,0,0
5938,L15937,L,298.5,308.1,1548,40.3,168,0,0,0,0,0,0
5939,M15938,M,298.4,308.1,1572,37.8,170,0,0,0,0,0,0
5940,H15939,H,298.4,308.2,1339,51.9,173,0,0,0,0,0,0
5941,M15940,M,298.4,308.1,1905,22.6,178,0,0,0,0,0,0
5942,M15941,M,298.3,308.1,1711,33.2,181,0,0,0,0,0,0
5943,L15942,L,298.3,308.1,1379,52.3,184,0,0,0,0,0,0
5944,H15943,H,298.3,308.1,1238,58.3,186,0,0,0,0,0,0
5945,L15944,L,298.3,308.1,1276,62.9,191,1,0,0,0,1,0
5946,L15945,L,298.2,308.1,1507,40.5,193,0,0,0,0,0,0
5947,L15946,L,298.3,308.1,1370,44.6,195,0,0,0,0,0,0
5948,M15947,M,298.3,308.1,1384,48.2,197,0,0,0,0,0,0
5949,L15948,L,298.2,308.0,1324,52.8,200,0,0,0,0,0,0
5950,M15949,M,298.2,308.0,1558,43.1,202,0,0,0,0,0,0
5951,L15950,L,298.0,308.0,1352,49.3,205,0,0,0,0,0,0
5952,L15951,L,298.1,307.9,1487,44.6,207,0,0,0,0,0,0
5953,L15952,L,298.1,307.9,1367,45.2,209,0,0,0,0,0,0
5954,L15953,L,298.1,307.9,1755,30.8,211,0,0,0,0,0,0
5955,L15954,L,298.1,307.9,1598,36.7,213,0,0,0,0,0,0
5956,M15955,M,298.1,308.0,1611,34.8,215,0,0,0,0,0,0
5957,M15956,M,298.0,307.9,1859,28.1,218,0,0,0,0,0,0
5958,L15957,L,298.1,308.1,1879,23.5,221,0,0,0,0,0,0
5959,M15958,M,298.1,308.0,1552,35.8,0,0,0,0,0,0,0
5960,L15959,L,298.1,308.1,1577,37.4,3,0,0,0,0,0,0
5961,L15960,L,298.1,308.2,1673,41.1,5,0,0,0,0,0,0
5962,L15961,L,298.2,308.3,1554,45.6,7,0,0,0,0,0,0
5963,L15962,L,298.2,308.4,1558,41.9,9,0,0,0,0,0,0
5964,L15963,L,298.2,308.3,1478,37.4,11,0,0,0,0,0,0
5965,M15964,M,298.1,308.2,1768,30.8,13,0,0,0,0,0,0
5966,L15965,L,298.1,308.2,1353,48.8,16,0,0,0,0,0,0
5967,M15966,M,298.2,308.2,1629,39.0,18,0,0,0,0,0,0
5968,L15967,L,298.1,308.1,1571,35.7,21,0,0,0,0,0,0
5969,M15968,M,298.1,308.2,1597,38.1,23,0,0,0,0,0,0
5970,M15969,M,298.2,308.2,1627,32.7,26,0,0,0,0,0,0
5971,L15970,L,298.1,308.2,1608,34.7,29,0,0,0,0,0,0
5972,L15971,L,298.1,308.2,1668,34.4,31,0,0,0,0,0,0
5973,M15972,M,298.0,308.1,1513,37.1,33,0,0,0,0,0,0
5974,H15973,H,298.0,308.2,1559,46.6,36,0,0,0,0,0,0
5975,H15974,H,298.0,308.3,1411,44.1,41,0,0,0,0,0,0
5976,L15975,L,298.1,308.4,1214,55.5,46,0,0,0,0,0,0
5977,M15976,M,298.1,308.5,1367,52.1,48,0,0,0,0,0,0
5978,L15977,L,298.1,308.5,1278,59.6,51,0,0,0,0,0,0
5979,L15978,L,298.2,308.6,1425,45.6,53,0,0,0,0,0,0
5980,M15979,M,298.1,308.6,1386,45.4,55,0,0,0,0,0,0
5981,M15980,M,298.2,308.6,1569,35.1,58,0,0,0,0,0,0
5982,M15981,M,298.2,308.6,1340,48.3,61,0,0,0,0,0,0
5983,H15982,H,298.2,308.6,1667,33.4,64,0,0,0,0,0,0
5984,L15983,L,298.2,308.5,1784,25.3,69,0,0,0,0,0,0
5985,M15984,M,298.1,308.5,1302,55.3,71,0,0,0,0,0,0
5986,L15985,L,298.1,308.4,1771,27.5,74,0,0,0,0,0,0
5987,L15986,L,298.1,308.4,1509,44.4,76,0,0,0,0,0,0
5988,L15987,L,298.1,308.4,1665,31.2,78,0,0,0,0,0,0
5989,H15988,H,298.1,308.5,1305,51.3,80,0,0,0,0,0,0
5990,L15989,L,298.1,308.4,1332,52.6,85,0,0,0,0,0,0
5991,L15990,L,298.0,308.3,1445,45.3,87,0,0,0,0,0,0
5992,M15991,M,298.1,308.4,1340,52.5,89,0,0,0,0,0,0
5993,H15992,H,298.0,308.3,1497,40.1,92,0,0,0,0,0,0
5994,H15993,H,298.1,308.3,1194,62.3,97,0,0,0,0,0,0
5995,M15994,M,298.0,308.3,1345,47.5,102,0,0,0,0,0,0
5996,L15995,L,298.0,308.2,1667,31.0,105,0,0,0,0,0,0
5997,M15996,M,298.1,308.3,1589,40.7,107,0,0,0,0,0,0
5998,H15997,H,298.1,308.4,1501,38.5,110,0,0,0,0,0,0
5999,H15998,H,298.1,308.4,1639,37.5,115,0,0,0,0,0,0
6000,H15999,H,298.1,308.4,1741,23.4,120,0,0,0,0,0,0
6001,L16000,L,298.1,308.5,1384,43.9,125,0,0,0,0,0,0
6002,L16001,L,298.1,308.5,1690,26.1,127,0,0,0,0,0,0
6003,M16002,M,298.1,308.4,1974,14.7,129,1,0,0,1,0,0
6004,L16003,L,298.1,308.5,1637,36.6,132,0,0,0,0,0,0
6005,L16004,L,298.0,308.4,1739,32.4,134,0,0,0,0,0,0
6006,L16005,L,297.9,308.3,1752,31.4,136,0,0,0,0,0,0
6007,M16006,M,298.0,308.4,2114,9.0,138,1,0,0,1,0,0
6008,H16007,H,297.9,308.3,1636,31.5,141,0,0,0,0,0,0
6009,M16008,M,297.9,308.2,1521,38.3,146,0,0,0,0,0,0
6010,H16009,H,297.9,308.2,1690,33.7,149,0,0,0,0,0,0
6011,M16010,M,298.0,308.2,1552,43.9,154,0,0,0,0,0,0
6012,M16011,M,297.9,308.2,1244,53.9,157,0,0,0,0,0,0
6013,L16012,L,297.9,308.3,1523,45.2,160,0,0,0,0,0,0
6014,M16013,M,298.0,308.5,1256,50.3,162,0,0,0,0,0,0
6015,L16014,L,298.0,308.6,1371,51.1,165,0,0,0,0,0,0
6016,L16015,L,298.0,308.5,1705,29.8,167,0,0,0,0,0,0
6017,L16016,L,298.0,308.5,1452,44.4,169,0,0,0,0,0,0
6018,H16017,H,298.0,308.5,1371,50.0,171,0,0,0,0,0,0
6019,M16018,M,298.0,308.5,1564,35.6,176,0,0,0,0,0,0
6020,H16019,H,298.0,308.4,1697,32.1,179,0,0,0,0,0,0
6021,H16020,H,298.0,308.5,1451,45.3,184,0,0,0,0,0,0
6022,H16021,H,298.0,308.5,1842,25.2,189,0,0,0,0,0,0
6023,L16022,L,298.0,308.4,1812,29.1,194,0,0,0,0,0,0
6024,H16023,H,298.1,308.5,1658,33.3,196,0,0,0,0,0,0
6025,H16024,H,298.2,308.6,1416,44.5,201,0,0,0,0,0,0
6026,H16025,H,298.1,308.5,1437,42.2,206,0,0,0,0,0,0
6027,L16026,L,298.2,308.5,1457,50.3,211,0,0,0,0,0,0
6028,L16027,L,298.2,308.5,1783,30.8,213,0,0,0,0,0,0
6029,H16028,H,298.2,308.6,1753,30.2,215,0,0,0,0,0,0
6030,L16029,L,298.3,308.6,1452,45.2,220,0,0,0,0,0,0
6031,L16030,L,298.3,308.5,1719,32.0,222,0,0,0,0,0,0
6032,L16031,L,298.4,308.6,1714,34.0,224,0,0,0,0,0,0
6033,L16032,L,298.4,308.6,1819,21.4,226,0,0,0,0,0,0
6034,L16033,L,298.4,308.4,1490,42.9,228,0,0,0,0,0,0
6035,H16034,H,298.4,308.4,1214,55.4,230,1,1,0,0,0,0
6036,H16035,H,298.6,308.5,1706,29.7,0,0,0,0,0,0,0
6037,H16036,H,298.6,308.4,1451,50.2,5,0,0,0,0,0,0
6038,L16037,L,298.6,308.4,1608,39.4,10,0,0,0,0,0,0
6039,L16038,L,298.5,308.3,1846,22.3,12,0,0,0,0,0,0
6040,L16039,L,298.5,308.4,1540,31.1,14,0,0,0,0,0,0
6041,L16040,L,298.6,308.4,1664,30.4,16,0,0,0,0,0,0
6042,L16041,L,298.6,308.5,1598,36.8,18,0,0,0,0,0,0
6043,M16042,M,298.6,308.5,1455,44.2,20,0,0,0,0,0,0
6044,H16043,H,298.5,308.3,1225,58.5,23,0,0,0,0,0,0
6045,M16044,M,298.5,308.2,1795,25.7,28,0,0,0,0,0,0
6046,L16045,L,298.5,308.2,1591,35.2,31,0,0,0,0,0,0
6047,L16046,L,298.5,308.1,1690,31.0,33,0,0,0,0,0,0
6048,L16047,L,298.4,308.1,1745,27.3,35,0,0,0,0,0,0
6049,L16048,L,298.5,308.1,1482,41.0,37,0,0,0,0,0,0
6050,M16049,M,298.5,308.1,1641,40.0,39,0,0,0,0,0,0
6051,L16050,L,298.5,308.2,1820,21.9,42,0,0,0,0,0,0
6052,M16051,M,298.5,308.3,1409,40.2,44,0,0,0,0,0,0
6053,H16052,H,298.5,308.3,1843,27.9,47,0,0,0,0,0,0
6054,L16053,L,298.4,308.3,1489,40.1,52,0,0,0,0,0,0
6055,L16054,L,298.5,308.2,1372,52.7,54,0,0,0,0,0,0
6056,L16055,L,298.5,308.2,1421,44.6,56,0,0,0,0,0,0
6057,L16056,L,298.5,308.3,1540,41.8,58,0,0,0,0,0,0
6058,M16057,M,298.5,308.4,1625,34.7,60,0,0,0,0,0,0
6059,H16058,H,298.5,308.3,1583,40.7,63,0,0,0,0,0,0
6060,H16059,H,298.5,308.3,1430,45.6,68,0,0,0,0,0,0
6061,M16060,M,298.6,308.4,1422,44.6,73,0,0,0,0,0,0
6062,L16061,L,298.5,308.2,1569,39.0,76,0,0,0,0,0,0
6063,L16062,L,298.5,308.3,1480,42.2,78,0,0,0,0,0,0
6064,L16063,L,298.5,308.3,1654,26.8,80,0,0,0,0,0,0
6065,L16064,L,298.5,308.3,1629,32.7,82,0,0,0,0,0,0
6066,H16065,H,298.4,308.3,1578,47.1,84,0,0,0,0,0,0
6067,L16066,L,298.4,308.2,1293,48.4,89,0,0,0,0,0,0
6068,L16067,L,298.4,308.2,1536,40.9,91,0,0,0,0,0,0
6069,L16068,L,298.4,308.2,1273,54.8,93,0,0,0,0,0,0
6070,L16069,L,298.4,308.3,1554,45.1,95,0,0,0,0,0,0
6071,H16070,H,298.4,308.4,1516,37.7,97,0,0,0,0,0,0
6072,L16071,L,298.4,308.4,1751,27.8,102,0,0,0,0,0,0
6073,L16072,L,298.5,308.5,1332,54.4,104,0,0,0,0,0,0
6074,L16073,L,298.5,308.4,1397,47.7,106,0,0,0,0,0,0
6075,H16074,H,298.5,308.4,1189,58.0,108,0,0,0,0,0,0
6076,M16075,M,298.6,308.4,1168,61.7,113,0,0,0,0,0,0
6077,M16076,M,298.6,308.4,1740,27.1,116,0,0,0,0,0,0
6078,L16077,L,298.6,308.3,1739,27.2,119,0,0,0,0,0,0
6079,L16078,L,298.6,308.4,2077,11.4,121,1,0,0,1,0,0
6080,H16079,H,298.6,308.3,1404,49.2,123,0,0,0,0,0,0
6081,L16080,L,298.5,308.3,1457,46.6,128,0,0,0,0,0,0
6082,L16081,L,298.5,308.3,1540,41.0,130,0,0,0,0,0,0
6083,M16082,M,298.6,308.3,1800,27.7,132,0,0,0,0,0,0
6084,L16083,L,298.6,308.2,1626,39.1,135,0,0,0,0,0,0
6085,L16084,L,298.6,308.3,1491,41.8,137,0,0,0,0,0,0
6086,H16085,H,298.6,308.5,1451,47.8,139,0,0,0,0,0,0
6087,L16086,L,298.6,308.4,1419,42.7,144,0,0,0,0,0,0
6088,L16087,L,298.6,308.4,1299,46.6,146,0,0,0,0,0,0
6089,L16088,L,298.7,308.5,1661,38.8,148,0,0,0,0,0,0
6090,M16089,M,298.7,308.5,1318,51.8,150,0,0,0,0,0,0
6091,L16090,L,298.6,308.5,1445,46.3,153,0,0,0,0,0,0
6092,L16091,L,298.6,308.5,1671,28.1,155,0,0,0,0,0,0
6093,M16092,M,298.6,308.5,1231,53.9,157,0,0,0,0,0,0
6094,M16093,M,298.6,308.5,1290,52.3,160,0,0,0,0,0,0
6095,H16094,H,298.6,308.5,1495,44.7,163,0,0,0,0,0,0
6096,L16095,L,298.6,308.5,1461,42.8,168,0,0,0,0,0,0
6097,L16096,L,298.6,308.6,1237,56.6,170,0,0,0,0,0,0
6098,M16097,M,298.7,308.7,1774,23.7,172,0,0,0,0,0,0
6099,M16098,M,298.7,308.6,1392,52.4,175,0,0,0,0,0,0
6100,L16099,L,298.6,308.6,1668,35.2,178,0,0,0,0,0,0
6101,M16100,M,298.6,308.6,1325,51.0,180,0,0,0,0,0,0
6102,L16101,L,298.6,308.4,1556,41.2,183,0,0,0,0,0,0
6103,H16102,H,298.6,308.4,1736,27.6,185,0,0,0,0,0,0
6104,H16103,H,298.6,308.4,1604,35.0,190,0,0,0,0,0,0
6105,L16104,L,298.5,308.4,1361,50.2,195,0,0,0,0,0,0
6106,H16105,H,298.5,308.4,1610,37.9,197,1,1,0,0,0,0
6107,H16106,H,298.5,308.4,1594,33.8,0,0,0,0,0,0,0
6108,L16107,L,298.5,308.4,1673,33.7,5,0,0,0,0,0,0
6109,L16108,L,298.6,308.4,1568,46.4,7,0,0,0,0,0,0
6110,M16109,M,298.6,308.4,1251,57.5,9,0,0,0,0,0,0
6111,L16110,L,298.6,308.4,1904,18.6,12,0,0,0,0,0,0
6112,L16111,L,298.7,308.4,1100,68.0,14,0,0,0,0,0,0
6113,L16112,L,298.5,308.3,1530,42.0,16,0,0,0,0,0,0
6114,H16113,H,298.6,308.3,1349,45.8,18,0,0,0,0,0,0
6115,L16114,L,298.6,308.4,1707,35.6,23,0,0,0,0,0,0
6116,M16115,M,298.6,308.4,1593,40.0,25,0,0,0,0,0,0
6117,L16116,L,298.5,308.3,1469,41.9,28,0,0,0,0,0,0
6118,L16117,L,298.5,308.2,1718,29.5,30,0,0,0,0,0,0
6119,H16118,H,298.5,308.2,1644,31.9,32,0,0,0,0,0,0
6120,L16119,L,298.5,308.2,1353,51.8,37,0,0,0,0,0,0
6121,L16120,L,298.5,308.1,1805,24.5,39,0,0,0,0,0,0
6122,L16121,L,298.4,308.1,1476,44.4,41,0,0,0,0,0,0
6123,M16122,M,298.4,308.1,1544,36.3,43,0,0,0,0,0,0
6124,L16123,L,298.4,308.0,1674,30.4,46,0,0,0,0,0,0
6125,L16124,L,298.5,308.0,1267,59.7,48,0,0,0,0,0,0
6126,L16125,L,298.5,307.9,1670,30.5,50,0,0,0,0,0,0
6127,L16126,L,298.5,308.0,1582,28.7,52,0,0,0,0,0,0
6128,L16127,L,298.5,307.9,1561,38.1,54,0,0,0,0,0,0
6129,M16128,M,298.4,307.9,1803,32.3,56,0,0,0,0,0,0
6130,L16129,L,298.4,307.9,1584,40.1,59,0,0,0,0,0,0
6131,L16130,L,298.3,307.6,1479,41.6,61,0,0,0,0,0,0
6132,M16131,M,298.3,307.6,1495,42.3,63,0,0,0,0,0,0
6133,M16132,M,298.4,307.7,1597,38.8,66,0,0,0,0,0,0
6134,L16133,L,298.4,307.8,1559,33.0,69,0,0,0,0,0,0
6135,L16134,L,298.4,307.8,1381,46.4,71,0,0,0,0,0,0
6136,L16135,L,298.5,308.0,1579,38.9,73,0,0,0,0,0,0
6137,H16136,H,298.4,307.9,1711,35.0,75,0,0,0,0,0,0
6138,L16137,L,298.5,307.9,1262,54.8,80,0,0,0,0,0,0
6139,L16138,L,298.5,308.0,1646,38.8,82,0,0,0,0,0,0
6140,L16139,L,298.5,308.1,1310,50.9,84,0,0,0,0,0,0
6141,L16140,L,298.5,308.0,1140,52.3,86,0,0,0,0,0,0
6142,L16141,L,298.4,307.9,1361,52.9,88,0,0,0,0,0,0
6143,L16142,L,298.3,307.8,1451,46.9,90,0,0,0,0,0,0
6144,M16143,M,298.3,307.8,1579,40.0,92,0,0,0,0,0,0
6145,M16144,M,298.3,307.9,1588,39.4,95,0,0,0,0,0,0
6146,M16145,M,298.4,307.9,1590,37.6,98,0,0,0,0,0,0
6147,M16146,M,298.4,307.7,1892,18.3,101,0,0,0,0,0,0
6148,L16147,L,298.3,307.6,1403,47.2,104,0,0,0,0,0,0
6149,H16148,H,298.3,307.6,1471,42.4,106,0,0,0,0,0,0
6150,M16149,M,298.4,307.6,1375,48.3,111,0,0,0,0,0,0
6151,H16150,H,298.3,307.5,1457,38.8,114,0,0,0,0,0,0
6152,M16151,M,298.3,307.6,1357,46.6,119,0,0,0,0,0,0
6153,L16152,L,298.4,307.7,1763,26.2,122,0,0,0,0,0,0
6154,L16153,L,298.4,307.7,1612,28.3,124,0,0,0,0,0,0
6155,L16154,L,298.4,307.8,1847,15.2,126,1,0,0,1,0,0
6156,L16155,L,298.4,307.8,1542,38.7,128,0,0,0,0,0,0
6157,L16156,L,298.4,307.8,1662,32.3,130,0,0,0,0,0,0
6158,L16157,L,298.4,307.7,1674,31.0,132,0,0,0,0,0,0
6159,L16158,L,298.4,307.8,1348,43.3,134,0,0,0,0,0,0
6160,H16159,H,298.4,307.9,1697,35.7,136,0,0,0,0,0,0
6161,M16160,M,298.5,307.9,1701,25.7,141,0,0,0,0,0,0
6162,M16161,M,298.4,308.0,1100,65.4,144,0,0,0,0,0,0
6163,L16162,L,298.4,307.9,1474,39.6,147,0,0,0,0,0,0
6164,M16163,M,298.4,307.9,1795,29.2,149,0,0,0,0,0,0
6165,H16164,H,298.3,307.8,1675,33.3,152,0,0,0,0,0,0
6166,M16165,M,298.3,307.9,1541,38.3,157,0,0,0,0,0,0
6167,M16166,M,298.3,307.8,1537,38.2,160,0,0,0,0,0,0
6168,L16167,L,298.3,307.9,1327,53.0,163,0,0,0,0,0,0
6169,L16168,L,298.4,308.0,1482,39.2,165,0,0,0,0,0,0
6170,M16169,M,298.4,308.1,1244,58.6,167,0,0,0,0,0,0
6171,H16170,H,298.4,308.0,1581,35.7,170,0,0,0,0,0,0
6172,L16171,L,298.3,307.9,1495,44.3,175,0,0,0,0,0,0
6173,L16172,L,298.3,307.8,1391,50.2,177,0,0,0,0,0,0
6174,L16173,L,298.2,307.8,1302,52.0,179,0,0,0,0,0,0
6175,L16174,L,298.1,307.7,1200,53.1,181,0,0,0,0,0,0
6176,H16175,H,298.1,307.7,1570,37.3,183,0,0,0,0,0,0
6177,M16176,M,298.1,307.8,1458,39.9,188,0,0,0,0,0,0
6178,L16177,L,298.1,307.8,1964,15.2,191,1,0,0,1,0,0
6179,L16178,L,298.1,307.7,1557,38.0,193,0,0,0,0,0,0
6180,L16179,L,298.1,307.6,1320,50.9,195,0,0,0,0,0,0
6181,L16180,L,298.1,307.6,1313,49.0,197,0,0,0,0,0,0
6182,M16181,M,298.1,307.6,1619,39.1,199,0,0,0,0,0,0
6183,H16182,H,298.2,307.8,1224,57.0,202,0,0,0,0,0,0
6184,M16183,M,298.2,307.8,1735,36.2,207,0,0,0,0,0,0
6185,L16184,L,298.2,307.9,1662,32.8,210,0,0,0,0,0,0
6186,M16185,M,298.2,308.0,1637,35.3,212,0,0,0,0,0,0
6187,M16186,M,298.2,308.0,1731,28.8,215,0,0,0,0,0,0
6188,L16187,L,298.2,308.1,1451,46.2,218,1,1,0,0,0,0
6189,M16188,M,298.3,308.2,1550,42.9,0,0,0,0,0,0,0
6190,M16189,M,298.3,308.1,1496,46.1,3,0,0,0,0,0,0
6191,H16190,H,298.3,308.1,1510,35.9,6,0,0,0,0,0,0
6192,L16191,L,298.2,308.2,1596,39.4,11,0,0,0,0,0,0
6193,L16192,L,298.3,308.2,1936,18.2,13,0,0,0,0,0,0
6194,L16193,L,298.2,308.2,1476,43.8,15,0,0,0,0,0,0
6195,L16194,L,298.2,308.1,1617,41.0,17,0,0,0,0,0,0
6196,L16195,L,298.2,308.0,1823,29.0,19,0,0,0,0,0,0
6197,M16196,M,298.2,307.9,1606,39.0,21,0,0,0,0,0,0
6198,L16197,L,298.1,307.9,1551,37.4,24,0,0,0,0,0,0
6199,L16198,L,298.1,307.8,1171,57.6,26,0,0,0,0,0,0
6200,H16199,H,298.1,307.7,1761,29.4,28,0,0,0,0,0,0
6201,M16200,M,298.1,307.6,1558,43.3,33,0,0,0,0,0,0
6202,L16201,L,298.0,307.6,1610,29.1,36,0,0,0,0,0,0
6203,M16202,M,298.0,307.7,1694,34.4,38,0,0,0,0,0,0
6204,L16203,L,298.1,307.8,1477,42.8,41,0,0,0,0,0,0
6205,L16204,L,298.0,307.5,1473,37.9,43,0,0,0,0,0,0
6206,M16205,M,298.0,307.6,1565,39.9,45,0,0,0,0,0,0
6207,L16206,L,298.0,307.8,1532,43.3,48,0,0,0,0,0,0
6208,L16207,L,298.1,307.8,1602,35.1,50,0,0,0,0,0,0
6209,L16208,L,298.0,307.7,1329,48.8,52,0,0,0,0,0,0
6210,H16209,H,298.0,307.6,1686,36.9,54,0,0,0,0,0,0
6211,L16210,L,298.0,307.6,1517,39.0,59,0,0,0,0,0,0
6212,M16211,M,298.0,307.7,1541,43.6,61,0,0,0,0,0,0
6213,L16212,L,298.1,307.7,1415,42.3,64,0,0,0,0,0,0
6214,M16213,M,298.0,307.6,1452,46.4,66,0,0,0,0,0,0
6215,L16214,L,298.1,307.8,1506,43.2,69,0,0,0,0,0,0
6216,L16215,L,298.1,307.8,1507,44.7,71,0,0,0,0,0,0
6217,M16216,M,298.1,307.8,1677,36.7,73,0,0,0,0,0,0
6218,M16217,M,298.1,307.8,1674,29.3,76,0,0,0,0,0,0
6219,L16218,L,298.1,307.9,1810,25.7,79,0,0,0,0,0,0
6220,L16219,L,298.1,307.9,1746,23.3,81,0,0,0,0,0,0
6221,L16220,L,298.3,308.0,1161,57.6,83,0,0,0,0,0,0
6222,L16221,L,298.1,307.9,1882,17.9,85,0,0,0,0,0,0
6223,M16222,M,298.2,308.0,1358,51.9,87,0,0,0,0,0,0
6224,L16223,L,298.2,308.0,1771,31.8,90,0,0,0,0,0,0
6225,M16224,M,298.1,308.0,1440,51.9,92,0,0,0,0,0,0
6226,L16225,L,298.1,307.9,1893,18.0,95,0,0,0,0,0,0
6227,L16226,L,298.1,307.8,1595,37.6,97,0,0,0,0,0,0
6228,L16227,L,298.0,307.7,1343,54.5,99,0,0,0,0,0,0
6229,L16228,L,297.8,307.5,1459,47.1,101,0,0,0,0,0,0
6230,L16229,L,297.8,307.5,1586,36.6,103,0,0,0,0,0,0
6231,H16230,H,297.8,307.5,1873,20.6,105,0,0,0,0,0,0
6232,L16231,L,297.9,307.6,1757,26.8,110,0,0,0,0,0,0
6233,H16232,H,297.8,307.5,1290,53.9,112,0,0,0,0,0,0
6234,L16233,L,297.9,307.7,1578,36.5,117,0,0,0,0,0,0
6235,L16234,L,297.9,307.7,1544,39.3,119,0,0,0,0,0,0
6236,L16235,L,298.0,307.8,1467,42.8,121,0,0,0,0,0,0
6237,L16236,L,298.0,307.8,1696,27.0,123,0,0,0,0,0,0
6238,M16237,M,298.0,307.7,1517,44.1,125,0,0,0,0,0,0
6239,H16238,H,298.0,307.8,1638,35.8,128,0,0,0,0,0,0
6240,M16239,M,298.1,307.9,1593,42.9,133,0,0,0,0,0,0
6241,M16240,M,298.1,307.9,1657,34.2,136,0,0,0,0,0,0
6242,L16241,L,298.2,307.9,1782,24.3,139,0,0,0,0,0,0
6243,L16242,L,298.2,308.0,1576,35.7,141,0,0,0,0,0,0
6244,M16243,M,298.2,308.0,1432,46.4,143,0,0,0,0,0,0
6245,L16244,L,298.3,308.2,1502,43.9,146,0,0,0,0,0,0
6246,L16245,L,298.3,308.1,1519,40.3,148,0,0,0,0,0,0
6247,H16246,H,298.3,308.2,1303,49.0,150,0,0,0,0,0,0
6248,H16247,H,298.3,308.1,1531,38.0,155,0,0,0,0,0,0
6249,M16248,M,298.3,308.2,1529,40.6,160,0,0,0,0,0,0
6250,L16249,L,298.4,308.2,1661,35.2,163,0,0,0,0,0,0
6251,H16250,H,298.4,308.3,1292,49.6,165,0,0,0,0,0,0
6252,L16251,L,298.5,308.4,1503,42.9,170,0,0,0,0,0,0
6253,L16252,L,298.4,308.3,1645,34.4,172,0,0,0,0,0,0
6254,L16253,L,298.4,308.3,1766,25.1,174,0,0,0,0,0,0
6255,H16254,H,298.4,308.4,1317,51.0,176,0,0,0,0,0,0
6256,H16255,H,298.4,308.3,1623,32.6,181,0,0,0,0,0,0
6257,M16256,M,298.4,308.4,1534,40.7,186,0,0,0,0,0,0
6258,L16257,L,298.4,308.3,1201,63.5,189,1,0,0,0,1,0
6259,L16258,L,298.3,308.4,1469,48.0,191,0,0,0,0,0,0
6260,L16259,L,298.4,308.4,1201,56.1,193,0,0,0,0,0,0
6261,H16260,H,298.5,308.4,1619,34.6,195,0,0,0,0,0,0
6262,L16261,L,298.5,308.4,1233,50.7,200,0,0,0,0,0,0
6263,L16262,L,298.5,308.4,1540,40.3,202,0,0,0,0,0,0
6264,M16263,M,298.5,308.4,1509,43.7,204,0,0,0,0,0,0
6265,L16264,L,298.5,308.3,1282,60.2,207,1,0,0,0,1,0
6266,H16265,H,298.5,308.3,1486,37.2,209,0,0,0,0,0,0
6267,L16266,L,298.5,308.3,1474,40.2,214,0,0,0,0,0,0
6268,H16267,H,298.5,308.3,1700,31.0,216,0,0,0,0,0,0
6269,L16268,L,298.4,308.3,1296,48.9,221,0,0,0,0,0,0
6270,L16269,L,298.4,308.3,1643,34.4,223,0,0,0,0,0,0
6271,L16270,L,298.4,308.2,1399,50.2,225,1,0,0,0,1,0
6272,L16271,L,298.4,308.3,1747,23.5,227,0,0,0,0,0,0
6273,M16272,M,298.5,308.4,1452,45.5,0,0,0,0,0,0,0
6274,L16273,L,298.4,308.3,1580,33.6,3,0,0,0,0,0,0
6275,L16274,L,298.4,308.2,1491,47.3,5,0,0,0,0,0,0
6276,M16275,M,298.4,308.1,1552,39.9,7,0,0,0,0,0,0
6277,L16276,L,298.4,308.1,1593,34.6,10,0,0,0,0,0,0
6278,M16277,M,298.4,308.0,1535,36.1,12,0,0,0,0,0,0
6279,M16278,M,298.4,308.1,1704,31.5,15,0,0,0,0,0,0
6280,L16279,L,298.4,308.0,1471,48.4,18,0,0,0,0,0,0
6281,M16280,M,298.4,308.1,1673,29.5,20,0,0,0,0,0,0
6282,L16281,L,298.4,308.2,1559,37.3,23,0,0,0,0,0,0
6283,L16282,L,298.4,308.1,1437,43.5,25,0,0,0,0,0,0
6284,L16283,L,298.4,308.0,1351,56.1,27,0,0,0,0,0,0
6285,H16284,H,298.3,307.9,1433,39.9,29,0,0,0,0,0,0
6286,M16285,M,298.4,308.0,1651,37.6,34,0,0,0,0,0,0
6287,M16286,M,298.5,308.1,1470,42.7,37,0,0,0,0,0,0
6288,H16287,H,298.5,308.1,1887,19.3,40,0,0,0,0,0,0
6289,L16288,L,298.5,308.0,1723,28.0,45,0,0,0,0,0,0
6290,H16289,H,298.5,308.0,1615,36.2,47,0,0,0,0,0,0
6291,M16290,M,298.5,308.0,1618,32.9,52,0,0,0,0,0,0
6292,H16291,H,298.5,307.9,1869,24.0,55,0,0,0,0,0,0
6293,H16292,H,298.5,307.8,1454,48.6,60,0,0,0,0,0,0
6294,H16293,H,298.5,307.7,1439,42.6,65,0,0,0,0,0,0
6295,L16294,L,298.5,307.7,1551,41.4,70,0,0,0,0,0,0
6296,M16295,M,298.6,307.7,1636,33.1,72,0,0,0,0,0,0
6297,H16296,H,298.6,307.7,1527,40.8,75,0,0,0,0,0,0
6298,M16297,M,298.6,307.7,1536,45.1,80,0,0,0,0,0,0
6299,L16298,L,298.6,307.7,1545,37.4,83,0,0,0,0,0,0
6300,H16299,H,298.7,307.8,1514,44.4,85,0,0,0,0,0,0
6301,L16300,L,298.7,307.9,1699,32.0,90,0,0,0,0,0,0
6302,L16301,L,298.7,307.9,1511,41.0,92,0,0,0,0,0,0
6303,M16302,M,298.7,307.8,1364,51.4,94,0,0,0,0,0,0
6304,L16303,L,298.7,307.7,1342,52.3,97,0,0,0,0,0,0
6305,M16304,M,298.7,307.8,1247,53.3,99,0,0,0,0,0,0
6306,L16305,L,298.7,307.8,1456,42.9,102,0,0,0,0,0,0
6307,M16306,M,298.8,307.9,1474,40.3,104,0,0,0,0,0,0
6308,H16307,H,298.9,308.0,1599,35.5,107,0,0,0,0,0,0
6309,L16308,L,299.0,308.1,1921,21.9,112,0,0,0,0,0,0
6310,M16309,M,299.1,308.2,1799,26.6,114,0,0,0,0,0,0
6311,L16310,L,299.1,308.2,1487,38.3,117,0,0,0,0,0,0
6312,H16311,H,299.1,308.2,1541,38.9,119,0,0,0,0,0,0
6313,H16312,H,299.1,308.1,1311,54.1,124,0,0,0,0,0,0
6314,L16313,L,299.1,308.0,1356,53.1,129,0,0,0,0,0,0
6315,M16314,M,299.2,308.1,1618,33.1,131,0,0,0,0,0,0
6316,M16315,M,299.1,307.9,1330,48.2,134,0,0,0,0,0,0
6317,M16316,M,299.1,307.8,1616,35.2,137,0,0,0,0,0,0
6318,M16317,M,299.1,307.9,1454,46.8,140,0,0,0,0,0,0
6319,L16318,L,299.2,308.0,1414,48.1,143,0,0,0,0,0,0
6320,M16319,M,299.1,308.0,1277,52.4,145,0,0,0,0,0,0
6321,L16320,L,299.1,308.0,1720,35.1,148,0,0,0,0,0,0
6322,L16321,L,299.0,307.8,1360,50.1,150,0,0,0,0,0,0
6323,H16322,H,299.0,307.8,1867,21.3,152,0,0,0,0,0,0
6324,L16323,L,299.0,307.7,1281,53.0,157,0,0,0,0,0,0
6325,M16324,M,299.1,307.8,1604,39.7,159,0,0,0,0,0,0
6326,L16325,L,299.0,307.7,1571,40.0,162,0,0,0,0,0,0
6327,H16326,H,299.1,307.8,1902,19.6,164,0,0,0,0,0,0
6328,M16327,M,299.1,307.9,1540,36.1,169,0,0,0,0,0,0
6329,L16328,L,299.1,308.0,1369,53.6,172,0,0,0,0,0,0
6330,L16329,L,299.1,308.0,1653,35.7,174,0,0,0,0,0,0
6331,L16330,L,299.0,307.8,1473,47.1,176,0,0,0,0,0,0
6332,H16331,H,298.9,307.8,1534,40.3,178,0,0,0,0,0,0
6333,M16332,M,298.9,307.7,1353,50.6,183,0,0,0,0,0,0
6334,L16333,L,298.9,307.7,1495,41.9,186,0,0,0,0,0,0
6335,M16334,M,299.0,307.8,1824,30.7,188,0,0,0,0,0,0
6336,L16335,L,299.0,307.7,1498,40.6,191,0,0,0,0,0,0
6337,L16336,L,298.9,307.6,1199,56.0,193,0,0,0,0,0,0
6338,L16337,L,298.9,307.6,1433,45.0,195,0,0,0,0,0,0
6339,L16338,L,298.9,307.7,1528,38.8,197,0,0,0,0,0,0
6340,M16339,M,298.9,307.7,1225,62.6,199,1,0,0,0,1,0
6341,H16340,H,298.8,307.5,1265,51.6,202,0,0,0,0,0,0
6342,H16341,H,298.8,307.4,1368,48.2,207,0,0,0,0,0,0
6343,H16342,H,298.7,307.4,1495,43.2,0,0,0,0,0,0,0
6344,L16343,L,298.7,307.3,1485,47.3,5,0,0,0,0,0,0
6345,L16344,L,298.7,307.3,1448,47.6,7,0,0,0,0,0,0
6346,M16345,M,298.7,307.3,2000,18.2,9,0,0,0,0,0,0
6347,H16346,H,298.6,307.3,1490,43.9,12,0,0,0,0,0,0
6348,M16347,M,298.7,307.3,1554,38.4,17,0,0,0,0,0,0
6349,L16348,L,298.7,307.3,1671,35.0,20,0,0,0,0,0,0
6350,M16349,M,298.8,307.4,1495,38.0,22,0,0,0,0,0,0
6351,M16350,M,298.9,307.4,1707,24.4,25,0,0,0,0,0,0
6352,H16351,H,298.9,307.4,1899,22.0,28,0,0,0,0,0,0
6353,M16352,M,299.0,307.5,1338,52.5,33,1,0,1,0,0,0
6354,L16353,L,299.1,307.6,1513,44.6,36,0,0,0,0,0,0
6355,L16354,L,299.0,307.4,1901,15.9,38,1,0,0,1,0,0
6356,L16355,L,299.0,307.4,1708,34.2,40,0,0,0,0,0,0
6357,L16356,L,299.0,307.4,1426,48.8,42,0,0,0,0,0,0
6358,H16357,H,298.9,307.4,1584,37.2,44,0,0,0,0,0,0
6359,M16358,M,299.0,307.4,1338,52.5,49,1,0,1,0,0,0
6360,L16359,L,298.9,307.4,1379,50.5,52,1,0,1,0,0,0
6361,L16360,L,298.9,307.4,1721,26.4,54,0,0,0,0,0,0
6362,M16361,M,298.9,307.4,1541,38.6,56,0,0,0,0,0,0
6363,M16362,M,298.9,307.3,1633,35.5,59,0,0,0,0,0,0
6364,L16363,L,298.8,307.2,1750,26.1,62,0,0,0,0,0,0
6365,H16364,H,298.8,307.2,1703,25.5,64,0,0,0,0,0,0
6366,L16365,L,298.8,307.2,1692,31.9,69,0,0,0,0,0,0
6367,L16366,L,298.8,307.2,1694,33.6,71,0,0,0,0,0,0
6368,L16367,L,298.7,307.1,1550,42.8,73,0,0,0,0,0,0
6369,M16368,M,298.7,307.0,1390,50.4,75,0,0,0,0,0,0
6370,M16369,M,298.7,307.1,1496,45.1,78,0,0,0,0,0,0
6371,H16370,H,298.7,307.0,1466,47.5,81,0,0,0,0,0,0
6372,L16371,L,298.7,307.0,1588,37.3,86,0,0,0,0,0,0
6373,H16372,H,298.7,307.0,1317,46.0,88,1,0,1,0,0,0
6374,M16373,M,298.6,306.9,1628,38.5,93,0,0,0,0,0,0
6375,L16374,L,298.6,306.8,1563,35.6,96,0,0,0,0,0,0
6376,L16375,L,298.6,306.7,1152,59.0,98,1,0,1,0,0,0
6377,L16376,L,298.6,306.6,1873,16.7,100,1,0,0,1,0,0
6378,H16377,H,298.6,306.6,1995,21.3,102,0,0,0,0,0,0
6379,L16378,L,298.5,306.5,1498,43.8,107,0,0,0,0,0,0
6380,L16379,L,298.6,306.6,1525,37.4,109,0,0,0,0,0,0
6381,M16380,M,298.7,306.7,1744,25.6,111,0,0,0,0,0,0
6382,H16381,H,298.6,306.5,1717,29.5,114,0,0,0,0,0,0
6383,M16382,M,298.5,306.4,1726,30.8,119,0,0,0,0,0,0
6384,M16383,M,298.5,306.5,1402,48.9,122,0,0,0,0,0,0
6385,L16384,L,298.5,306.5,1280,52.1,125,1,0,1,0,0,0
6386,H16385,H,298.5,306.3,1277,56.4,127,1,0,1,0,0,0
6387,L16386,L,298.4,306.4,1774,24.1,132,0,0,0,0,0,0
6388,L16387,L,298.5,306.3,1829,26.3,134,0,0,0,0,0,0
6389,H16388,H,298.4,306.2,1785,25.6,136,0,0,0,0,0,0
6390,L16389,L,298.4,306.2,1276,52.9,141,1,0,1,0,0,0
6391,L16390,L,298.5,306.2,1506,44.2,143,0,0,0,0,0,0
6392,M16391,M,298.5,306.1,1546,40.8,145,0,0,0,0,0,0
6393,L16392,L,298.4,306.0,1472,42.3,148,0,0,0,0,0,0
6394,L16393,L,298.4,306.0,1588,39.4,150,0,0,0,0,0,0
6395,M16394,M,298.4,306.1,1764,28.8,152,0,0,0,0,0,0
6396,M16395,M,298.4,306.1,1518,45.1,155,0,0,0,0,0,0
6397,M16396,M,298.4,306.1,1609,38.1,158,0,0,0,0,0,0
6398,L16397,L,298.4,306.2,1730,28.0,161,0,0,0,0,0,0
6399,M16398,M,298.5,306.5,1346,45.7,163,1,0,1,0,0,0
6400,H16399,H,298.5,306.5,1621,35.7,166,0,0,0,0,0,0
6401,L16400,L,298.5,306.5,1518,42.3,171,0,0,0,0,0,0
6402,L16401,L,298.5,306.5,1562,38.8,173,0,0,0,0,0,0
6403,L16402,L,298.6,306.5,1218,48.9,175,1,0,1,0,0,0
6404,M16403,M,298.6,306.5,1539,42.2,177,0,0,0,0,0,0
6405,L16404,L,298.6,306.5,1637,31.2,180,0,0,0,0,0,0
6406,M16405,M,298.5,306.4,1522,43.2,182,0,0,0,0,0,0
6407,H16406,H,298.5,306.3,1573,43.5,185,0,0,0,0,0,0
6408,L16407,L,298.5,306.3,1437,45.1,190,0,0,0,0,0,0
6409,M16408,M,298.4,306.1,1386,50.4,192,0,0,0,0,0,0
6410,L16409,L,298.4,306.1,1645,33.8,195,0,0,0,0,0,0
6411,L16410,L,298.4,306.0,1454,46.7,197,0,0,0,0,0,0
6412,M16411,M,298.4,306.1,1837,22.8,199,0,0,0,0,0,0
6413,L16412,L,298.4,306.1,1530,38.8,202,0,0,0,0,0,0
6414,H16413,H,298.4,306.1,1534,37.3,204,0,0,0,0,0,0
6415,M16414,M,298.5,306.1,1381,54.5,209,0,0,0,0,0,0
6416,L16415,L,298.5,306.0,1589,38.4,212,0,0,0,0,0,0
6417,L16416,L,298.5,306.0,1481,46.1,214,0,0,0,0,0,0
6418,L16417,L,298.6,306.1,1860,22.4,216,0,0,0,0,0,0
6419,H16418,H,298.6,306.2,1652,36.5,218,0,0,0,0,0,0
6420,M16419,M,298.8,306.4,1632,31.5,223,0,0,0,0,0,0
6421,L16420,L,298.7,306.4,1122,64.8,226,1,0,1,0,1,0
6422,M16421,M,298.7,306.2,1680,33.3,228,0,0,0,0,0,0
6423,M16422,M,298.6,306.1,1598,40.7,231,1,0,0,0,0,1
6424,M16423,M,298.6,306.1,1666,41.3,234,0,0,0,0,0,0
6425,L16424,L,298.6,306.2,1831,24.1,237,0,0,0,0,0,0
6426,L16425,L,298.6,306.2,1591,34.7,0,0,0,0,0,0,0
6427,L16426,L,298.6,306.3,1402,44.0,2,0,0,0,0,0,0
6428,L16427,L,298.6,306.2,1473,40.9,4,0,0,0,0,0,0
6429,L16428,L,298.6,306.3,1886,17.0,6,1,0,0,1,0,0
6430,L16429,L,298.5,306.3,1472,34.3,8,0,0,0,0,0,0
6431,L16430,L,298.6,306.3,1327,50.2,10,1,0,1,0,0,0
6432,L16431,L,298.5,306.2,1478,45.9,12,0,0,0,0,0,0
6433,L16432,L,298.6,306.2,1335,52.2,14,1,0,1,0,0,0
6434,H16433,H,298.6,306.2,1691,30.1,16,0,0,0,0,0,0
6435,M16434,M,298.6,306.3,1230,52.8,21,1,0,1,0,0,0
6436,L16435,L,298.6,306.3,1604,39.6,24,0,0,0,0,0,0
6437,M16436,M,298.5,306.2,1296,55.9,26,1,0,1,0,0,0
6438,L16437,L,298.5,306.2,1537,40.0,29,0,0,0,0,0,0
6439,H16438,H,298.6,306.2,1763,19.5,31,0,0,0,0,0,0
6440,M16439,M,298.6,306.2,1366,48.5,36,1,0,1,0,0,0
6441,L16440,L,298.7,306.2,1638,35.6,39,0,0,0,0,0,0
6442,H16441,H,298.7,306.1,1600,36.2,41,0,0,0,0,0,0
6443,H16442,H,298.7,306.2,1796,25.5,46,0,0,0,0,0,0
6444,H16443,H,298.6,306.0,1300,56.2,51,1,0,1,0,0,0
6445,L16444,L,298.6,306.0,1635,34.8,56,0,0,0,0,0,0
6446,L16445,L,298.6,306.0,1306,55.8,58,1,0,1,0,0,0
6447,M16446,M,298.7,306.1,1564,35.7,60,0,0,0,0,0,0
6448,L16447,L,298.6,306.1,1627,30.7,63,0,0,0,0,0,0
6449,M16448,M,298.6,306.1,1340,53.2,65,1,0,1,0,0,0
6450,M16449,M,298.5,306.1,1589,39.3,68,0,0,0,0,0,0
6451,L16450,L,298.5,306.1,1578,39.4,71,0,0,0,0,0,0
6452,L16451,L,298.5,306.0,1763,27.2,73,0,0,0,0,0,0
6453,L16452,L,298.4,306.1,1598,35.4,75,0,0,0,0,0,0
6454,L16453,L,298.4,306.2,1477,44.3,77,0,0,0,0,0,0
6455,M16454,M,298.5,306.2,1780,27.0,79,0,0,0,0,0,0
6456,M16455,M,298.5,306.3,1654,34.6,82,0,0,0,0,0,0
6457,L16456,L,298.5,306.2,1755,35.8,85,0,0,0,0,0,0
6458,M16457,M,298.6,306.2,1475,40.7,87,0,0,0,0,0,0
6459,M16458,M,298.5,306.3,1467,54.8,90,0,0,0,0,0,0
6460,M16459,M,298.5,306.2,1519,37.0,93,0,0,0,0,0,0
6461,L16460,L,298.5,306.2,1677,33.1,96,0,0,0,0,0,0
6462,M16461,M,298.5,306.2,1100,67.5,98,1,0,1,0,0,0
6463,M16462,M,298.5,306.2,1629,35.7,101,0,0,0,0,0,0
6464,L16463,L,298.6,306.2,1625,38.1,104,0,0,0,0,0,0
6465,M16464,M,298.5,306.2,1601,36.4,106,0,0,0,0,0,0
6466,H16465,H,298.5,306.1,1639,37.2,109,0,0,0,0,0,0
6467,L16466,L,298.6,306.2,1501,40.8,114,0,0,0,0,0,0
6468,M16467,M,298.6,306.3,1267,49.2,116,1,0,1,0,0,0
6469,H16468,H,298.7,306.4,1504,44.0,119,0,0,0,0,0,0
6470,H16469,H,298.6,306.3,1357,50.8,124,1,0,1,0,0,0
6471,L16470,L,298.6,306.4,1334,50.4,129,1,0,1,0,0,0
6472,M16471,M,298.7,306.5,1480,42.1,131,0,0,0,0,0,0
6473,H16472,H,298.7,306.4,1497,43.8,134,0,0,0,0,0,0
6474,M16473,M,298.8,306.6,1304,51.1,139,1,0,1,0,0,0
6475,L16474,L,298.8,306.6,1748,28.9,142,0,0,0,0,0,0
6476,L16475,L,298.8,306.6,1180,65.0,144,1,0,1,0,0,0
6477,M16476,M,298.8,306.7,1740,34.9,146,0,0,0,0,0,0
6478,L16477,L,298.8,306.6,1676,36.5,149,0,0,0,0,0,0
6479,L16478,L,298.8,306.6,1753,27.9,151,0,0,0,0,0,0
6480,L16479,L,298.8,306.6,1753,28.2,153,0,0,0,0,0,0
6481,M16480,M,298.9,306.8,1350,49.7,155,1,0,1,0,0,0
6482,L16481,L,298.9,306.8,1126,62.7,158,1,0,1,0,0,0
6483,H16482,H,298.9,306.8,1683,34.3,160,0,0,0,0,0,0
6484,M16483,M,298.9,307.0,1462,43.5,165,0,0,0,0,0,0
6485,H16484,H,298.9,307.0,1521,42.2,168,0,0,0,0,0,0
6486,H16485,H,298.9,307.0,1314,50.0,173,1,0,1,0,0,0
6487,L16486,L,299.0,307.0,1237,62.2,178,1,0,1,0,1,0
6488,M16487,M,299.0,306.9,1261,55.2,180,1,0,1,0,0,0
6489,L16488,L,298.9,306.8,1639,37.6,183,0,0,0,0,0,0
6490,H16489,H,299.0,307.0,1409,45.3,185,0,0,0,0,0,0
6491,L16490,L,299.0,307.1,1389,46.3,190,0,0,0,0,0,0
6492,M16491,M,299.1,307.2,1616,39.8,192,0,0,0,0,0,0
6493,H16492,H,299.1,307.2,1689,29.0,195,0,0,0,0,0,0
6494,L16493,L,299.0,307.2,1586,32.0,200,0,0,0,0,0,0
6495,H16494,H,299.1,307.2,1285,51.5,202,1,0,1,0,0,0
6496,L16495,L,299.0,307.2,1373,52.5,207,1,0,1,0,0,0
6497,L16496,L,299.0,307.2,1616,37.9,209,0,0,0,0,0,0
6498,L16497,L,299.0,307.1,1451,42.6,211,0,0,0,0,0,0
6499,L16498,L,299.0,307.1,1299,52.0,213,1,0,1,0,1,0
6500,M16499,M,299.0,307.0,1865,23.0,215,0,0,0,0,0,0
6501,H16500,H,298.9,307.0,1687,35.5,218,1,1,0,0,0,0
6502,L16501,L,298.9,307.0,1191,60.2,0,1,0,1,0,0,0
6503,M16502,M,298.9,306.9,1518,43.0,2,0,0,0,0,0,0
6504,H16503,H,298.9,306.8,1779,28.7,5,0,0,0,0,0,0
6505,M16504,M,298.9,306.7,1638,41.2,10,0,0,0,0,0,0
6506,L16505,L,298.9,306.7,1300,50.2,13,1,0,1,0,0,0
6507,H16506,H,298.9,306.7,1934,14.5,15,1,0,0,1,0,0
6508,L16507,L,298.8,306.6,1480,41.8,20,1,0,0,0,0,1
6509,M16508,M,298.8,306.6,1648,36.3,22,0,0,0,0,0,0
6510,M16509,M,298.8,306.6,1803,23.6,25,0,0,0,0,0,0
6511,M16510,M,298.8,306.6,1542,40.8,28,0,0,0,0,0,0
6512,L16511,L,298.8,306.6,1568,38.6,31,0,0,0,0,0,0
6513,L16512,L,298.8,306.6,1542,39.8,33,0,0,0,0,0,0
6514,M16513,M,298.8,306.5,1603,36.5,35,0,0,0,0,0,0
6515,L16514,L,298.8,306.4,1769,29.8,38,0,0,0,0,0,0
6516,L16515,L,298.8,306.5,1731,25.5,40,0,0,0,0,0,0
6517,M16516,M,298.8,306.5,1647,33.1,42,0,0,0,0,0,0
6518,M16517,M,298.8,306.5,1324,48.6,45,1,0,1,0,0,0
6519,L16518,L,298.8,306.4,1511,42.3,48,0,0,0,0,0,0
6520,L16519,L,298.8,306.4,1539,39.3,50,0,0,0,0,0,0
6521,H16520,H,298.9,306.4,1775,29.6,52,0,0,0,0,0,0
6522,L16521,L,298.8,306.4,1601,36.3,57,0,0,0,0,0,0
6523,L16522,L,298.8,306.5,1388,47.4,59,0,0,0,0,0,0
6524,L16523,L,298.8,306.4,1438,45.0,61,0,0,0,0,0,0
6525,L16524,L,298.8,306.5,1715,35.2,63,0,0,0,0,0,0
6526,H16525,H,298.8,306.4,1894,13.9,65,1,0,0,1,0,0
6527,L16526,L,298.8,306.5,1618,33.3,70,0,0,0,0,0,0
6528,L16527,L,298.8,306.5,1622,35.2,72,0,0,0,0,0,0
6529,M16528,M,298.8,306.4,1657,30.9,74,0,0,0,0,0,0
6530,L16529,L,298.8,306.4,1636,35.9,77,0,0,0,0,0,0
6531,L16530,L,298.8,306.5,1396,48.2,79,0,0,0,0,0,0
6532,H16531,H,298.8,306.5,1559,39.6,81,0,0,0,0,0,0
6533,M16532,M,298.8,306.4,1376,49.9,86,1,0,1,0,0,0
6534,L16533,L,298.8,306.5,1789,24.9,89,0,0,0,0,0,0
6535,L16534,L,298.7,306.4,1518,36.9,91,0,0,0,0,0,0
6536,L16535,L,298.8,306.4,1878,20.6,93,0,0,0,0,0,0
6537,L16536,L,298.8,306.4,1512,35.7,95,0,0,0,0,0,0
6538,M16537,M,298.8,306.4,1678,29.5,97,0,0,0,0,0,0
6539,M16538,M,298.8,306.2,1347,52.8,100,1,0,1,0,0,0
6540,M16539,M,298.9,306.2,1535,44.1,103,0,0,0,0,0,0
6541,H16540,H,298.9,306.3,1497,50.1,106,0,0,0,0,0,0
6542,L16541,L,299.0,306.4,1587,35.7,111,0,0,0,0,0,0
6543,H16542,H,299.0,306.5,1663,29.8,113,0,0,0,0,0,0
6544,M16543,M,299.0,306.5,1746,29.5,118,0,0,0,0,0,0
6545,L16544,L,299.0,306.4,1597,42.7,121,0,0,0,0,0,0
6546,H16545,H,299.0,306.4,1316,58.1,123,1,0,1,0,0,0
6547,L16546,L,299.0,306.4,1410,44.1,128,0,0,0,0,0,0
6548,M16547,M,299.0,306.4,1594,36.3,130,0,0,0,0,0,0
6549,M16548,M,299.0,306.6,1618,38.1,133,0,0,0,0,0,0
6550,L16549,L,299.1,306.7,1595,39.7,136,0,0,0,0,0,0
6551,H16550,H,299.1,306.7,1226,60.3,138,1,0,1,0,0,0
6552,L16551,L,299.2,306.8,1303,52.3,143,1,0,1,0,0,0
6553,H16552,H,299.1,306.8,1526,42.6,145,0,0,0,0,0,0
6554,L16553,L,299.1,306.7,1571,41.1,150,0,0,0,0,0,0
6555,L16554,L,299.1,306.8,1435,43.0,152,0,0,0,0,0,0
6556,L16555,L,299.1,306.8,1528,44.9,154,0,0,0,0,0,0
6557,H16556,H,299.0,306.7,1664,35.9,156,0,0,0,0,0,0
6558,L16557,L,299.1,306.8,1640,31.6,161,0,0,0,0,0,0
6559,H16558,H,299.1,306.8,1414,50.3,163,0,0,0,0,0,0
6560,L16559,L,299.1,307.0,1580,40.2,168,0,0,0,0,0,0
6561,L16560,L,299.2,307.1,1424,49.5,170,0,0,0,0,0,0
6562,L16561,L,299.2,307.1,1346,56.5,172,1,0,1,0,0,0
6563,L16562,L,299.2,307.2,1449,45.2,174,0,0,0,0,0,0
6564,H16563,H,299.3,307.2,1496,43.6,176,0,0,0,0,0,0
6565,L16564,L,299.4,307.3,1100,72.0,181,1,0,1,0,1,0
6566,M16565,M,299.4,307.2,1565,42.1,183,0,0,0,0,0,0
6567,M16566,M,299.4,307.2,1780,29.1,186,0,0,0,0,0,0
6568,M16567,M,299.3,307.2,1662,37.2,189,0,0,0,0,0,0
6569,M16568,M,299.4,307.4,1222,55.5,192,1,0,1,0,0,0
6570,H16569,H,299.4,307.3,1812,27.1,195,0,0,0,0,0,0
6571,M16570,M,299.4,307.3,1723,32.5,200,0,0,0,0,0,0
6572,M16571,M,299.4,307.4,1313,51.1,203,1,0,1,0,0,0
6573,M16572,M,299.3,307.4,1643,37.3,206,0,0,0,0,0,0
6574,M16573,M,299.4,307.5,1583,38.9,209,0,0,0,0,0,0
6575,L16574,L,299.4,307.6,1261,50.7,212,1,0,1,0,0,0
6576,M16575,M,299.4,307.6,1693,32.8,0,0,0,0,0,0,0
6577,L16576,L,299.4,307.6,1745,25.3,3,0,0,0,0,0,0
6578,M16577,M,299.4,307.6,1681,26.1,5,0,0,0,0,0,0
6579,H16578,H,299.3,307.5,1460,45.8,8,0,0,0,0,0,0
6580,H16579,H,299.3,307.5,1490,42.6,13,0,0,0,0,0,0
6581,H16580,H,299.3,307.4,1734,33.1,18,0,0,0,0,0,0
6582,M16581,M,299.3,307.5,1745,28.4,23,0,0,0,0,0,0
6583,M16582,M,299.4,307.6,1628,37.3,26,0,0,0,0,0,0
6584,L16583,L,299.3,307.5,1377,51.2,29,1,0,1,0,0,0
6585,L16584,L,299.2,307.5,1737,31.6,31,0,0,0,0,0,0
6586,L16585,L,299.2,307.4,1601,33.4,33,0,0,0,0,0,0
6587,L16586,L,299.2,307.4,1752,28.1,35,0,0,0,0,0,0
6588,H16587,H,299.2,307.4,1593,36.3,37,0,0,0,0,0,0
6589,H16588,H,299.1,307.4,1517,43.4,42,0,0,0,0,0,0
6590,M16589,M,299.1,307.4,1193,61.2,47,1,0,1,0,0,0
6591,L16590,L,299.0,307.3,1467,42.2,50,0,0,0,0,0,0
6592,M16591,M,299.0,307.4,1528,39.5,52,0,0,0,0,0,0
6593,L16592,L,299.1,307.5,1483,48.6,55,0,0,0,0,0,0
6594,H16593,H,299.0,307.5,1325,47.0,57,1,0,1,0,0,0
6595,H16594,H,299.0,307.3,1676,34.2,62,0,0,0,0,0,0
6596,L16595,L,299.0,307.4,1216,63.0,67,1,0,1,0,0,0
6597,L16596,L,299.0,307.5,1574,39.8,69,0,0,0,0,0,0
6598,L16597,L,299.0,307.4,1608,42.4,71,0,0,0,0,0,0
6599,L16598,L,299.0,307.4,1497,45.5,73,0,0,0,0,0,0
6600,L16599,L,299.0,307.6,1501,43.5,75,0,0,0,0,0,0
6601,L16600,L,299.1,307.6,1253,55.3,77,1,0,1,0,0,0
6602,L16601,L,299.1,307.6,1661,34.1,79,0,0,0,0,0,0
6603,L16602,L,299.0,307.5,1443,47.8,81,0,0,0,0,0,0
6604,L16603,L,299.1,307.5,1510,41.6,83,0,0,0,0,0,0
6605,M16604,M,299.1,307.5,1329,49.8,85,1,0,1,0,0,0
6606,L16605,L,299.1,307.6,1507,37.9,88,0,0,0,0,0,0
6607,H16606,H,299.1,307.6,1608,36.5,90,0,0,0,0,0,0
6608,L16607,L,299.1,307.6,1331,47.3,95,1,0,1,0,0,0
6609,L16608,L,299.1,307.6,1451,43.6,97,0,0,0,0,0,0
6610,L16609,L,299.1,307.7,1542,31.8,99,0,0,0,0,0,0
6611,M16610,M,299.1,307.7,1356,53.5,101,1,0,1,0,0,0
6612,L16611,L,299.1,307.7,1478,47.3,104,0,0,0,0,0,0
6613,M16612,M,299.2,307.7,1555,39.3,106,0,0,0,0,0,0
6614,L16613,L,299.2,307.8,1720,35.3,109,0,0,0,0,0,0
6615,H16614,H,299.2,307.8,1551,43.6,111,0,0,0,0,0,0
6616,L16615,L,299.2,307.8,1453,46.6,116,0,0,0,0,0,0
6617,L16616,L,299.2,307.8,1803,24.1,118,0,0,0,0,0,0
6618,H16617,H,299.2,307.8,1455,43.8,120,0,0,0,0,0,0
6619,L16618,L,299.3,307.9,1458,46.5,125,0,0,0,0,0,0
6620,L16619,L,299.3,307.8,1930,16.5,127,1,0,0,1,0,0
6621,H16620,H,299.3,307.7,1535,42.0,129,0,0,0,0,0,0
6622,L16621,L,299.2,307.7,1455,46.9,134,0,0,0,0,0,0
6623,L16622,L,299.1,307.6,1426,45.8,136,0,0,0,0,0,0
6624,L16623,L,299.1,307.6,1463,48.0,138,0,0,0,0,0,0
6625,L16624,L,299.1,307.5,1581,36.7,140,0,0,0,0,0,0
6626,H16625,H,299.1,307.6,1716,29.6,142,0,0,0,0,0,0
6627,M16626,M,299.1,307.7,1789,22.0,147,0,0,0,0,0,0
6628,M16627,M,299.2,307.7,1337,50.9,150,1,0,1,0,0,0
6629,L16628,L,299.1,307.7,1539,47.0,153,0,0,0,0,0,0
6630,M16629,M,299.1,307.6,1289,51.7,155,1,0,1,0,0,0
6631,M16630,M,299.1,307.5,1686,32.7,158,0,0,0,0,0,0
6632,L16631,L,299.0,307.6,1376,48.0,161,0,0,0,0,0,0
6633,H16632,H,299.0,307.5,1670,25.0,163,0,0,0,0,0,0
6634,M16633,M,298.9,307.5,1717,31.3,168,0,0,0,0,0,0
6635,M16634,M,299.0,307.6,1485,41.3,171,0,0,0,0,0,0
6636,L16635,L,299.0,307.6,1443,46.6,174,0,0,0,0,0,0
6637,L16636,L,299.0,307.5,1308,56.8,176,1,0,1,0,0,0
6638,M16637,M,299.1,307.7,1592,37.6,178,0,0,0,0,0,0
6639,M16638,M,299.1,307.8,1704,31.3,181,0,0,0,0,0,0
6640,L16639,L,299.0,307.8,1645,30.8,184,0,0,0,0,0,0
6641,L16640,L,299.0,307.7,1694,33.1,186,0,0,0,0,0,0
6642,H16641,H,299.0,307.8,1150,62.2,188,0,0,0,0,0,0
6643,L16642,L,298.9,307.7,1298,47.6,193,0,0,0,0,0,0
6644,L16643,L,299.0,307.9,1395,51.1,195,0,0,0,0,0,0
6645,M16644,M,299.0,307.9,1642,37.6,197,0,0,0,0,0,0
6646,L16645,L,299.0,307.9,1621,40.0,200,0,0,0,0,0,0
6647,L16646,L,299.0,307.9,1540,47.0,202,0,0,0,0,0,0
6648,L16647,L,299.0,307.8,1667,34.9,204,0,0,0,0,0,0
6649,H16648,H,299.0,307.9,1616,37.1,206,0,0,0,0,0,0
6650,L16649,L,299.0,307.7,1714,33.3,211,0,0,0,0,0,0
6651,M16650,M,298.9,307.7,1565,35.5,213,0,0,0,0,0,0
6652,H16651,H,299.0,307.7,1436,40.5,216,0,0,0,0,0,0
6653,M16652,M,299.0,307.6,1651,31.8,221,0,0,0,0,0,0
6654,M16653,M,299.1,307.5,1561,42.9,224,0,0,0,0,0,0
6655,M16654,M,299.0,307.6,1453,42.8,227,0,0,0,0,0,0
6656,L16655,L,298.9,307.5,1595,38.2,230,0,0,0,0,0,0
6657,M16656,M,298.9,307.5,1711,31.7,232,0,0,0,0,0,0
6658,H16657,H,298.8,307.4,1534,41.0,235,0,0,0,0,0,0
6659,M16658,M,298.8,307.4,1552,35.0,0,0,0,0,0,0,0
6660,L16659,L,298.7,307.4,1549,40.5,3,0,0,0,0,0,0
6661,L16660,L,298.8,307.5,1328,51.0,5,0,0,0,0,0,0
6662,H16661,H,298.7,307.5,1846,27.5,7,0,0,0,0,0,0
6663,L16662,L,298.7,307.4,1232,61.7,12,0,0,0,0,0,0
6664,H16663,H,298.8,307.4,1529,39.3,14,0,0,0,0,0,0
6665,L16664,L,298.8,307.5,1567,44.1,19,0,0,0,0,0,0
6666,M16665,M,298.8,307.4,1685,32.5,21,0,0,0,0,0,0
6667,H16666,H,298.7,307.3,1250,51.4,24,1,0,1,0,0,0
6668,L16667,L,298.8,307.3,1555,38.7,29,0,0,0,0,0,0
6669,L16668,L,298.8,307.2,1696,36.1,31,0,0,0,0,0,0
6670,H16669,H,298.8,307.3,1590,34.2,33,0,0,0,0,0,0
6671,L16670,L,298.8,307.2,1580,37.3,38,0,0,0,0,0,0
6672,L16671,L,298.8,307.2,1391,44.2,40,0,0,0,0,0,0
6673,M16672,M,298.8,307.2,1441,41.7,42,0,0,0,0,0,0
6674,L16673,L,298.7,307.2,1498,39.6,45,0,0,0,0,0,0
6675,M16674,M,298.8,307.3,1590,32.9,47,0,0,0,0,0,0
6676,L16675,L,298.8,307.4,1634,32.3,50,0,0,0,0,0,0
6677,L16676,L,298.9,307.5,1714,35.4,52,0,0,0,0,0,0
6678,H16677,H,298.9,307.6,1458,44.6,54,0,0,0,0,0,0
6679,L16678,L,298.9,307.5,1469,46.6,59,0,0,0,0,0,0
6680,L16679,L,298.9,307.5,1463,48.0,61,0,0,0,0,0,0
6681,M16680,M,298.9,307.5,1476,40.0,63,0,0,0,0,0,0
6682,H16681,H,298.9,307.5,1426,43.8,66,0,0,0,0,0,0
6683,M16682,M,299.0,307.5,1609,38.3,71,0,0,0,0,0,0
6684,H16683,H,298.9,307.5,1799,22.6,74,0,0,0,0,0,0
6685,L16684,L,298.8,307.3,1614,37.8,79,0,0,0,0,0,0
6686,L16685,L,298.9,307.2,1696,36.2,81,0,0,0,0,0,0
6687,H16686,H,298.9,307.3,1633,29.6,83,0,0,0,0,0,0
6688,H16687,H,298.8,307.3,1615,34.3,88,0,0,0,0,0,0
6689,M16688,M,298.9,307.3,1504,41.4,93,0,0,0,0,0,0
6690,L16689,L,298.8,307.2,1701,28.7,96,0,0,0,0,0,0
6691,L16690,L,298.8,307.2,1625,32.9,98,0,0,0,0,0,0
6692,L16691,L,298.9,307.1,1247,55.5,100,1,0,1,0,0,0
6693,H16692,H,298.9,307.3,1810,24.0,102,0,0,0,0,0,0
6694,H16693,H,299.0,307.3,1578,38.2,107,0,0,0,0,0,0
6695,L16694,L,299.0,307.4,1790,28.3,112,0,0,0,0,0,0
6696,L16695,L,299.0,307.3,1664,32.5,114,0,0,0,0,0,0
6697,L16696,L,299.0,307.4,1634,38.0,116,0,0,0,0,0,0
6698,L16697,L,298.9,307.3,1673,30.1,118,0,0,0,0,0,0
6699,M16698,M,298.9,307.3,1373,45.7,120,1,0,1,0,0,0
6700,M16699,M,298.9,307.3,1291,53.5,123,1,0,1,0,0,0
6701,L16700,L,298.9,307.3,1421,48.4,126,0,0,0,0,0,0
6702,M16701,M,298.9,307.3,1412,50.2,128,0,0,0,0,0,0
6703,H16702,H,298.9,307.3,1854,26.2,131,0,0,0,0,0,0
6704,L16703,L,298.9,307.2,1596,37.6,136,0,0,0,0,0,0
6705,L16704,L,299.0,307.2,1501,44.7,138,0,0,0,0,0,0
6706,L16705,L,299.0,307.2,1466,48.7,140,0,0,0,0,0,0
6707,L16706,L,299.0,307.2,1196,57.5,142,1,0,1,0,0,0
6708,M16707,M,299.1,307.3,1344,50.7,144,1,0,1,0,0,0
6709,M16708,M,299.1,307.4,1540,49.0,147,0,0,0,0,0,0
6710,L16709,L,299.2,307.4,1138,66.3,150,1,0,1,0,0,0
6711,L16710,L,299.2,307.4,1550,41.0,152,0,0,0,0,0,0
6712,H16711,H,299.2,307.5,1637,37.1,154,0,0,0,0,0,0
6713,L16712,L,299.2,307.4,1433,41.8,159,0,0,0,0,0,0
6714,M16713,M,299.1,307.4,1657,30.8,161,0,0,0,0,0,0
6715,M16714,M,299.1,307.3,1470,40.7,164,0,0,0,0,0,0
6716,H16715,H,299.2,307.3,1855,22.7,167,0,0,0,0,0,0
6717,M16716,M,299.1,307.2,1607,34.7,172,0,0,0,0,0,0
6718,H16717,H,299.1,307.2,1563,38.8,175,0,0,0,0,0,0
6719,M16718,M,299.0,307.1,1359,49.5,180,1,0,1,0,0,0
6720,L16719,L,299.1,307.2,1258,51.1,183,1,0,1,0,0,0
6721,L16720,L,299.0,307.1,1751,30.4,185,0,0,0,0,0,0
6722,L16721,L,299.0,307.1,1100,60.8,187,1,0,1,0,1,0
6723,L16722,L,298.9,307.1,1472,41.5,189,0,0,0,0,0,0
6724,L16723,L,299.0,307.1,1424,42.4,191,0,0,0,0,0,0
6725,L16724,L,299.0,307.2,1764,23.8,193,0,0,0,0,0,0
6726,L16725,L,298.9,307.2,1655,33.8,195,0,0,0,0,0,0
6727,L16726,L,298.9,307.2,1429,50.5,197,0,0,0,0,0,0
6728,L16727,L,298.9,307.3,1422,41.7,199,0,0,0,0,0,0
6729,M16728,M,298.9,307.3,1489,41.1,201,0,0,0,0,0,0
6730,M16729,M,298.8,307.3,1402,42.3,0,0,0,0,0,0,0
6731,H16730,H,298.8,307.2,1750,25.6,3,0,0,0,0,0,0
6732,M16731,M,298.8,307.3,1558,39.0,8,0,0,0,0,0,0
6733,H16732,H,298.8,307.3,1341,54.1,11,1,0,1,0,0,0
6734,M16733,M,298.8,307.4,1235,50.9,16,1,0,1,0,0,0
6735,L16734,L,298.8,307.4,1590,38.7,19,0,0,0,0,0,0
6736,H16735,H,298.7,307.3,1218,55.6,21,0,0,0,0,0,0
6737,L16736,L,298.8,307.4,1684,27.4,26,0,0,0,0,0,0
6738,M16737,M,298.8,307.4,1707,30.3,28,0,0,0,0,0,0
6739,M16738,M,298.8,307.4,1256,58.6,31,1,0,1,0,0,0
6740,L16739,L,298.8,307.2,1434,45.8,34,0,0,0,0,0,0
6741,M16740,M,298.8,307.3,1526,37.1,36,0,0,0,0,0,0
6742,L16741,L,298.7,307.3,1542,39.4,39,0,0,0,0,0,0
6743,L16742,L,298.8,307.3,1635,31.9,41,0,0,0,0,0,0
6744,L16743,L,298.8,307.3,1525,42.8,43,0,0,0,0,0,0
6745,L16744,L,298.9,307.4,1565,42.0,45,0,0,0,0,0,0
6746,L16745,L,299.0,307.5,1591,40.2,47,0,0,0,0,0,0
6747,M16746,M,299.0,307.6,1734,28.4,49,0,0,0,0,0,0
6748,M16747,M,299.0,307.6,1556,42.6,52,0,0,0,0,0,0
6749,L16748,L,299.0,307.5,1571,34.7,55,0,0,0,0,0,0
6750,M16749,M,298.9,307.5,1805,30.1,57,0,0,0,0,0,0
6751,L16750,L,298.8,307.4,1265,52.7,60,1,0,1,0,0,0
6752,L16751,L,298.8,307.4,1100,61.7,62,1,0,1,0,0,0
6753,M16752,M,298.8,307.4,1284,59.4,64,1,0,1,0,0,0
6754,H16753,H,298.7,307.3,1388,46.5,67,0,0,0,0,0,0
6755,L16754,L,298.7,307.3,1590,37.3,72,0,0,0,0,0,0
6756,L16755,L,298.7,307.2,1492,39.3,74,0,0,0,0,0,0
6757,M16756,M,298.7,307.2,1601,44.1,76,0,0,0,0,0,0
6758,H16757,H,298.7,307.3,1711,35.8,79,0,0,0,0,0,0
6759,L16758,L,298.8,307.4,1400,53.2,84,0,0,0,0,0,0
6760,L16759,L,298.7,307.4,1889,19.6,86,0,0,0,0,0,0
6761,L16760,L,298.8,307.5,1643,37.0,88,0,0,0,0,0,0
6762,M16761,M,298.8,307.6,1399,48.0,90,0,0,0,0,0,0
6763,H16762,H,298.8,307.5,1744,31.5,93,0,0,0,0,0,0
6764,M16763,M,298.8,307.5,1556,37.6,98,0,0,0,0,0,0
6765,L16764,L,298.7,307.5,1526,45.9,101,0,0,0,0,0,0
6766,M16765,M,298.7,307.5,1254,55.2,103,0,0,0,0,0,0
6767,H16766,H,298.7,307.6,1739,27.1,106,0,0,0,0,0,0
6768,L16767,L,298.7,307.5,1745,26.3,111,0,0,0,0,0,0
6769,H16768,H,298.7,307.5,1710,30.5,113,0,0,0,0,0,0
6770,L16769,L,298.7,307.4,1778,24.6,118,0,0,0,0,0,0
6771,L16770,L,298.7,307.4,1815,25.3,120,0,0,0,0,0,0
6772,M16771,M,298.8,307.5,1677,30.3,122,0,0,0,0,0,0
6773,L16772,L,298.7,307.4,1372,52.3,125,0,0,0,0,0,0
6774,H16773,H,298.6,307.4,1676,36.9,127,0,0,0,0,0,0
6775,M16774,M,298.6,307.4,1537,40.3,132,0,0,0,0,0,0
6776,L16775,L,298.7,307.5,1824,30.4,135,0,0,0,0,0,0
6777,L16776,L,298.6,307.4,1493,46.3,137,0,0,0,0,0,0
6778,M16777,M,298.7,307.6,1339,58.8,139,0,0,0,0,0,0
6779,L16778,L,298.7,307.5,1686,31.1,142,0,0,0,0,0,0
6780,M16779,M,298.7,307.6,1152,57.2,144,0,0,0,0,0,0
6781,L16780,L,298.6,307.6,1437,43.6,147,0,0,0,0,0,0
6782,L16781,L,298.6,307.5,1501,40.2,149,0,0,0,0,0,0
6783,M16782,M,298.6,307.5,1417,44.0,151,0,0,0,0,0,0
6784,L16783,L,298.6,307.4,1349,43.9,154,0,0,0,0,0,0
6785,M16784,M,298.6,307.3,1279,58.6,156,0,0,0,0,0,0
6786,M16785,M,298.6,307.4,1346,45.2,159,0,0,0,0,0,0
6787,L16786,L,298.6,307.4,1498,45.4,162,0,0,0,0,0,0
6788,M16787,M,298.6,307.5,1732,35.8,164,0,0,0,0,0,0
6789,M16788,M,298.6,307.5,1352,48.4,167,0,0,0,0,0,0
6790,H16789,H,298.7,307.6,1722,30.4,170,0,0,0,0,0,0
6791,L16790,L,298.8,307.7,1497,41.1,175,0,0,0,0,0,0
6792,L16791,L,298.7,307.4,1100,68.8,177,1,0,0,0,1,0
6793,M16792,M,298.7,307.5,1897,15.0,179,1,0,0,1,0,0
6794,M16793,M,298.7,307.4,1491,42.3,182,0,0,0,0,0,0
6795,M16794,M,298.7,307.5,1554,42.7,185,0,0,0,0,0,0
6796,M16795,M,298.6,307.4,1574,37.7,188,0,0,0,0,0,0
6797,M16796,M,298.5,307.4,1482,38.0,191,0,0,0,0,0,0
6798,L16797,L,298.6,307.6,1592,40.9,194,0,0,0,0,0,0
6799,M16798,M,298.7,307.7,1508,37.5,196,0,0,0,0,0,0
6800,L16799,L,298.8,307.7,1505,42.2,199,0,0,0,0,0,0
6801,L16800,L,298.8,307.8,1653,35.1,201,0,0,0,0,0,0
6802,M16801,M,298.8,307.8,1201,60.2,203,1,0,0,0,1,0
6803,L16802,L,298.8,307.8,1723,37.5,206,0,0,0,0,0,0
6804,L16803,L,298.8,307.8,1482,45.7,208,0,0,0,0,0,0
6805,H16804,H,298.8,307.8,1640,33.3,210,0,0,0,0,0,0
6806,M16805,M,298.8,307.9,1413,49.3,0,0,0,0,0,0,0
6807,M16806,M,298.8,307.9,1425,47.3,3,0,0,0,0,0,0
6808,H16807,H,298.8,307.9,1469,44.2,6,0,0,0,0,0,0
6809,L16808,L,298.7,307.8,1726,29.7,11,0,0,0,0,0,0
6810,M16809,M,298.8,307.8,1642,32.5,13,0,0,0,0,0,0
6811,L16810,L,298.8,307.7,1263,56.9,16,0,0,0,0,0,0
6812,L16811,L,298.7,307.7,1640,32.4,18,0,0,0,0,0,0
6813,L16812,L,298.7,307.6,1323,46.4,20,0,0,0,0,0,0
6814,L16813,L,298.7,307.6,1762,30.6,22,0,0,0,0,0,0
6815,M16814,M,298.6,307.6,1335,50.1,24,0,0,0,0,0,0
6816,L16815,L,298.7,307.5,1663,33.1,27,0,0,0,0,0,0
6817,M16816,M,298.7,307.6,1659,30.4,29,0,0,0,0,0,0
6818,L16817,L,298.8,307.6,1618,32.9,32,0,0,0,0,0,0
6819,L16818,L,298.9,307.6,1574,34.5,34,0,0,0,0,0,0
6820,H16819,H,298.8,307.6,1522,44.0,36,0,0,0,0,0,0
6821,M16820,M,298.8,307.6,1593,40.7,41,0,0,0,0,0,0
6822,H16821,H,298.8,307.6,1726,29.0,44,0,0,0,0,0,0
6823,L16822,L,298.7,307.5,1513,39.7,49,0,0,0,0,0,0
6824,L16823,L,298.8,307.5,1638,28.6,51,0,0,0,0,0,0
6825,M16824,M,298.8,307.5,1473,46.4,53,0,0,0,0,0,0
6826,M16825,M,298.8,307.6,1360,48.3,56,0,0,0,0,0,0
6827,L16826,L,298.7,307.6,1480,39.8,59,0,0,0,0,0,0
6828,H16827,H,298.6,307.6,1493,42.7,61,0,0,0,0,0,0
6829,M16828,M,298.6,307.5,1221,57.5,66,0,0,0,0,0,0
6830,M16829,M,298.6,307.4,1480,38.4,69,0,0,0,0,0,0
6831,L16830,L,298.6,307.3,1621,30.6,72,0,0,0,0,0,0
6832,M16831,M,298.5,307.3,1458,45.8,74,0,0,0,0,0,0
6833,L16832,L,298.4,307.4,1694,28.7,77,0,0,0,0,0,0
6834,H16833,H,298.4,307.4,1602,37.9,79,0,0,0,0,0,0
6835,L16834,L,298.4,307.4,1648,34.0,84,0,0,0,0,0,0
6836,L16835,L,298.3,307.3,1716,33.0,86,0,0,0,0,0,0
6837,L16836,L,298.3,307.4,1534,37.5,88,0,0,0,0,0,0
6838,M16837,M,298.4,307.4,1398,49.0,90,0,0,0,0,0,0
6839,H16838,H,298.4,307.5,1386,51.1,93,0,0,0,0,0,0
6840,H16839,H,298.4,307.6,1345,49.3,98,0,0,0,0,0,0
6841,M16840,M,298.4,307.6,1544,43.4,103,0,0,0,0,0,0
6842,H16841,H,298.5,307.7,1489,37.4,106,0,0,0,0,0,0
6843,M16842,M,298.4,307.7,1892,16.4,111,1,0,0,1,0,0
6844,L16843,L,298.3,307.7,1380,43.7,114,0,0,0,0,0,0
6845,M16844,M,298.3,307.7,1884,17.2,116,1,0,0,1,0,0
6846,L16845,L,298.3,307.7,1856,20.8,119,0,0,0,0,0,0
6847,L16846,L,298.3,307.8,1612,38.4,121,0,0,0,0,0,0
6848,L16847,L,298.3,307.7,1484,42.6,123,0,0,0,0,0,0
6849,L16848,L,298.2,307.7,1581,35.5,125,0,0,0,0,0,0
6850,H16849,H,298.3,307.7,1190,55.4,127,0,0,0,0,0,0
6851,H16850,H,298.3,307.7,1392,44.6,132,0,0,0,0,0,0
6852,L16851,L,298.3,307.7,1598,37.5,137,0,0,0,0,0,0
6853,M16852,M,298.2,307.7,1352,53.9,139,0,0,0,0,0,0
6854,L16853,L,298.1,307.6,1248,55.7,142,0,0,0,0,0,0
6855,L16854,L,298.1,307.5,1519,45.1,144,0,0,0,0,0,0
6856,L16855,L,298.2,307.8,1617,32.2,146,0,0,0,0,0,0
6857,L16856,L,298.2,307.7,1610,34.5,148,0,0,0,0,0,0
6858,L16857,L,298.1,307.7,1767,25.5,150,0,0,0,0,0,0
6859,L16858,L,298.2,307.8,1631,39.6,152,0,0,0,0,0,0
6860,L16859,L,298.1,307.8,1724,29.5,154,0,0,0,0,0,0
6861,L16860,L,298.1,307.8,1493,36.7,156,0,0,0,0,0,0
6862,H16861,H,298.2,307.8,1547,42.6,158,0,0,0,0,0,0
6863,L16862,L,298.2,307.8,1979,20.2,163,0,0,0,0,0,0
6864,L16863,L,298.2,307.8,1739,27.4,165,0,0,0,0,0,0
6865,M16864,M,298.3,308.0,1574,34.9,167,0,0,0,0,0,0
6866,L16865,L,298.3,308.1,1595,39.5,170,0,0,0,0,0,0
6867,M16866,M,298.2,307.9,1732,35.1,172,0,0,0,0,0,0
6868,L16867,L,298.2,308.0,1631,37.3,175,0,0,0,0,0,0
6869,M16868,M,298.2,307.9,1567,32.9,177,0,0,0,0,0,0
6870,M16869,M,298.2,307.8,1827,25.5,180,0,0,0,0,0,0
6871,M16870,M,298.1,307.8,1652,34.7,183,0,0,0,0,0,0
6872,M16871,M,298.1,307.7,1521,37.9,186,0,0,0,0,0,0
6873,L16872,L,298.2,307.8,1663,36.9,189,0,0,0,0,0,0
6874,L16873,L,298.2,307.8,1543,41.1,191,0,0,0,0,0,0
6875,L16874,L,298.2,307.8,1540,44.2,193,0,0,0,0,0,0
6876,M16875,M,298.2,308.0,1363,46.8,195,0,0,0,0,0,0
6877,L16876,L,298.2,307.9,1668,33.7,198,0,0,0,0,0,0
6878,L16877,L,298.2,307.9,1756,24.2,200,0,0,0,0,0,0
6879,M16878,M,298.2,307.8,1336,52.7,202,0,0,0,0,0,0
6880,L16879,L,298.2,307.8,1555,43.9,205,0,0,0,0,0,0
6881,L16880,L,298.3,307.9,1621,30.5,207,0,0,0,0,0,0
6882,M16881,M,298.3,307.9,1414,42.8,209,0,0,0,0,0,0
6883,L16882,L,298.3,307.8,1410,50.7,212,0,0,0,0,0,0
6884,H16883,H,298.3,307.8,1243,57.3,214,1,1,0,0,0,0
6885,H16884,H,298.3,307.9,1561,42.5,0,0,0,0,0,0,0
6886,H16885,H,298.3,307.7,1313,50.6,5,0,0,0,0,0,0
6887,L16886,L,298.3,307.7,1747,27.9,10,0,0,0,0,0,0
6888,L16887,L,298.3,307.7,1583,39.6,12,0,0,0,0,0,0
6889,M16888,M,298.3,307.6,1607,36.6,14,0,0,0,0,0,0
6890,M16889,M,298.3,307.6,1380,43.4,17,0,0,0,0,0,0
6891,M16890,M,298.3,307.6,1422,56.1,20,0,0,0,0,0,0
6892,L16891,L,298.4,307.8,1507,42.5,23,0,0,0,0,0,0
6893,L16892,L,298.4,307.8,1623,30.6,25,0,0,0,0,0,0
6894,L16893,L,298.4,307.8,1770,27.4,27,0,0,0,0,0,0
6895,L16894,L,298.3,307.6,1282,56.5,29,0,0,0,0,0,0
6896,L16895,L,298.3,307.5,1506,45.1,31,0,0,0,0,0,0
6897,H16896,H,298.2,307.5,1514,44.5,33,0,0,0,0,0,0
6898,L16897,L,298.2,307.5,1584,36.6,38,0,0,0,0,0,0
6899,M16898,M,298.2,307.5,1396,42.7,40,0,0,0,0,0,0
6900,H16899,H,298.3,307.6,1732,30.1,43,0,0,0,0,0,0
6901,L16900,L,298.3,307.7,1380,43.9,48,0,0,0,0,0,0
6902,M16901,M,298.3,307.7,1806,28.3,50,0,0,0,0,0,0
6903,M16902,M,298.3,307.8,1558,36.4,53,0,0,0,0,0,0
6904,L16903,L,298.3,307.8,1683,33.6,56,0,0,0,0,0,0
6905,L16904,L,298.3,307.8,2055,7.4,58,1,0,0,1,0,0
6906,H16905,H,298.3,307.9,1569,36.5,60,0,0,0,0,0,0
6907,M16906,M,298.3,307.9,1646,31.0,65,0,0,0,0,0,0
6908,H16907,H,298.3,308.0,1614,37.9,68,0,0,0,0,0,0
6909,H16908,H,298.4,308.1,1503,40.0,73,0,0,0,0,0,0
6910,L16909,L,298.3,308.0,1280,57.7,78,0,0,0,0,0,0
6911,M16910,M,298.4,308.1,1453,43.0,80,0,0,0,0,0,0
6912,M16911,M,298.4,308.2,1468,43.3,83,0,0,0,0,0,0
6913,M16912,M,298.4,308.0,1456,45.0,86,0,0,0,0,0,0
6914,M16913,M,298.4,308.0,1398,48.7,89,0,0,0,0,0,0
6915,M16914,M,298.4,308.0,1409,44.5,92,0,0,0,0,0,0
6916,H16915,H,298.4,307.9,1529,42.8,95,0,0,0,0,0,0
6917,L16916,L,298.4,307.9,1402,47.1,100,0,0,0,0,0,0
6918,M16917,M,298.3,307.8,1981,15.7,102,1,0,0,1,0,0
6919,L16918,L,298.3,307.8,1182,60.9,105,0,0,0,0,0,0
6920,M16919,M,298.3,307.8,1300,55.9,107,0,0,0,0,0,0
6921,M16920,M,298.3,307.7,1478,42.2,110,0,0,0,0,0,0
6922,M16921,M,298.3,307.8,1734,25.9,113,0,0,0,0,0,0
6923,L16922,L,298.2,307.7,1356,52.1,116,0,0,0,0,0,0
6924,M16923,M,298.2,307.7,1628,33.1,118,0,0,0,0,0,0
6925,L16924,L,298.3,307.9,1529,45.3,121,0,0,0,0,0,0
6926,L16925,L,298.4,307.9,1760,27.2,123,0,0,0,0,0,0
6927,L16926,L,298.3,307.9,1100,62.3,125,0,0,0,0,0,0
6928,H16927,H,298.3,308.0,1751,25.6,127,0,0,0,0,0,0
6929,L16928,L,298.3,308.1,1470,40.7,132,0,0,0,0,0,0
6930,H16929,H,298.4,308.1,1959,18.8,134,0,0,0,0,0,0
6931,L16930,L,298.4,308.1,1588,39.6,139,0,0,0,0,0,0
6932,M16931,M,298.4,308.1,1607,35.7,141,0,0,0,0,0,0
6933,M16932,M,298.4,308.1,1361,51.4,144,0,0,0,0,0,0
6934,M16933,M,298.4,308.1,1605,35.7,147,0,0,0,0,0,0
6935,M16934,M,298.3,308.0,1392,51.4,150,0,0,0,0,0,0
6936,M16935,M,298.4,307.9,1741,29.8,153,0,0,0,0,0,0
6937,H16936,H,298.3,307.7,1625,37.2,156,0,0,0,0,0,0
6938,M16937,M,298.2,307.8,1572,37.4,161,0,0,0,0,0,0
6939,L16938,L,298.2,307.8,1418,45.0,164,0,0,0,0,0,0
6940,L16939,L,298.3,307.9,1513,43.7,166,0,0,0,0,0,0
6941,M16940,M,298.2,307.9,1502,47.2,168,0,0,0,0,0,0
6942,L16941,L,298.2,307.9,1554,42.7,171,0,0,0,0,0,0
6943,M16942,M,298.2,307.9,1514,46.6,173,0,0,0,0,0,0
6944,M16943,M,298.2,307.9,1700,31.0,176,0,0,0,0,0,0
6945,L16944,L,298.2,307.9,1418,43.9,179,0,0,0,0,0,0
6946,M16945,M,298.3,307.8,1215,56.1,181,0,0,0,0,0,0
6947,M16946,M,298.2,307.8,1901,23.2,184,0,0,0,0,0,0
6948,M16947,M,298.3,307.9,1351,44.9,187,0,0,0,0,0,0
6949,M16948,M,298.3,307.9,1507,46.8,190,0,0,0,0,0,0
6950,H16949,H,298.2,307.8,1246,54.6,193,0,0,0,0,0,0
6951,M16950,M,298.3,307.9,1522,47.3,198,0,0,0,0,0,0
6952,H16951,H,298.3,307.9,1517,41.0,201,1,1,0,0,0,0
6953,L16952,L,298.3,307.9,1505,44.3,0,0,0,0,0,0,0
6954,M16953,M,298.3,307.8,1796,32.6,2,0,0,0,0,0,0
6955,M16954,M,298.3,307.8,1586,36.1,5,0,0,0,0,0,0
6956,L16955,L,298.3,307.7,1746,26.6,8,0,0,0,0,0,0
6957,L16956,L,298.2,307.6,1246,54.9,10,0,0,0,0,0,0
6958,M16957,M,298.2,307.6,1405,44.5,12,0,0,0,0,0,0
6959,L16958,L,298.3,307.6,1675,30.8,15,0,0,0,0,0,0
6960,H16959,H,298.2,307.5,1461,42.7,17,0,0,0,0,0,0
6961,L16960,L,298.2,307.5,1271,51.6,22,0,0,0,0,0,0
6962,L16961,L,298.2,307.6,1357,49.9,24,0,0,0,0,0,0
6963,M16962,M,298.2,307.5,1721,30.7,26,0,0,0,0,0,0
6964,L16963,L,298.2,307.7,2021,8.7,29,1,0,0,1,0,0
6965,L16964,L,298.2,307.5,1462,44.0,31,0,0,0,0,0,0
6966,M16965,M,298.3,307.7,1767,31.1,33,0,0,0,0,0,0
6967,M16966,M,298.3,307.7,1353,46.2,36,0,0,0,0,0,0
6968,L16967,L,298.3,307.8,1484,49.5,39,0,0,0,0,0,0
6969,M16968,M,298.4,307.9,1311,51.1,41,0,0,0,0,0,0
6970,M16969,M,298.3,307.8,1253,57.4,44,0,0,0,0,0,0
6971,M16970,M,298.3,307.9,1399,52.4,47,0,0,0,0,0,0
6972,L16971,L,298.3,307.8,1329,57.5,50,0,0,0,0,0,0
6973,L16972,L,298.2,307.6,1330,53.8,52,0,0,0,0,0,0
6974,H16973,H,298.2,307.6,1250,54.7,54,0,0,0,0,0,0
6975,M16974,M,298.2,307.6,1501,39.6,59,0,0,0,0,0,0
6976,L16975,L,298.1,307.6,1725,27.1,62,0,0,0,0,0,0
6977,H16976,H,298.0,307.6,1221,64.8,64,0,0,0,0,0,0
6978,L16977,L,298.0,307.6,1506,40.6,69,0,0,0,0,0,0
6979,M16978,M,298.0,307.7,1347,52.3,71,0,0,0,0,0,0
6980,M16979,M,298.0,307.6,1573,34.5,74,0,0,0,0,0,0
6981,H16980,H,298.0,307.6,1309,49.6,77,0,0,0,0,0,0
6982,H16981,H,297.9,307.6,1955,15.6,82,1,0,0,1,0,0
6983,L16982,L,297.9,307.5,1590,35.9,87,0,0,0,0,0,0
6984,M16983,M,297.9,307.6,1541,39.0,89,0,0,0,0,0,0
6985,L16984,L,297.9,307.7,1377,44.6,92,0,0,0,0,0,0
6986,M16985,M,298.0,307.7,1352,50.7,94,0,0,0,0,0,0
6987,M16986,M,298.0,307.8,1811,29.1,97,0,0,0,0,0,0
6988,L16987,L,298.1,307.8,1378,46.6,100,0,0,0,0,0,0
6989,L16988,L,298.1,307.7,1380,52.3,102,0,0,0,0,0,0
6990,L16989,L,298.1,307.7,1100,63.5,104,0,0,0,0,0,0
6991,L16990,L,298.1,307.6,1373,47.1,106,0,0,0,0,0,0
6992,L16991,L,298.0,307.6,1509,35.4,108,0,0,0,0,0,0
6993,H16992,H,298.1,307.7,1823,27.3,110,0,0,0,0,0,0
6994,M16993,M,298.1,307.7,1276,58.3,115,0,0,0,0,0,0
6995,M16994,M,298.1,307.8,1355,47.4,118,0,0,0,0,0,0
6996,H16995,H,298.1,307.8,1558,39.8,121,0,0,0,0,0,0
6997,M16996,M,298.1,307.8,1881,23.8,126,0,0,0,0,0,0
6998,L16997,L,298.1,307.8,1772,30.7,129,0,0,0,0,0,0
6999,H16998,H,298.1,307.8,1408,46.3,131,0,0,0,0,0,0
7000,M16999,M,298.1,307.8,1354,43.5,136,0,0,0,0,0,0
7001,M17000,M,298.1,307.8,1819,20.5,139,0,0,0,0,0,0
7002,H17001,H,298.1,307.7,1473,46.3,142,0,0,0,0,0,0
7003,M17002,M,298.1,307.8,1922,24.3,147,0,0,0,0,0,0
7004,M17003,M,298.1,307.8,1305,53.5,150,0,0,0,0,0,0
7005,H17004,H,298.2,307.8,1469,42.1,153,0,0,0,0,0,0
7006,L17005,L,298.1,307.8,1751,35.4,158,0,0,0,0,0,0
7007,H17006,H,298.1,307.8,1392,49.9,160,0,0,0,0,0,0
7008,L17007,L,298.1,307.8,1409,43.5,165,0,0,0,0,0,0
7009,L17008,L,298.0,307.7,1306,53.2,167,0,0,0,0,0,0
7010,M17009,M,298.1,307.7,1580,40.8,169,0,0,0,0,0,0
7011,L17010,L,298.0,307.7,1510,41.4,172,0,0,0,0,0,0
7012,H17011,H,298.0,307.7,1631,37.1,174,0,0,0,0,0,0
7013,L17012,L,298.0,307.5,1404,42.6,179,0,0,0,0,0,0
7014,M17013,M,297.9,307.4,1169,57.0,181,0,0,0,0,0,0
7015,L17014,L,297.9,307.4,1582,35.0,184,0,0,0,0,0,0
7016,H17015,H,297.9,307.4,1412,46.5,186,0,0,0,0,0,0
7017,L17016,L,297.8,307.4,1706,31.2,191,0,0,0,0,0,0
7018,L17017,L,297.8,307.3,1925,19.3,193,0,0,0,0,0,0
7019,L17018,L,297.7,307.4,1641,42.1,195,0,0,0,0,0,0
7020,M17019,M,297.6,307.2,1434,43.7,197,0,0,0,0,0,0
7021,H17020,H,297.5,307.1,1539,38.9,200,0,0,0,0,0,0
7022,H17021,H,297.5,307.2,1753,25.0,205,0,0,0,0,0,0
7023,L17022,L,297.5,307.1,1547,43.0,210,0,0,0,0,0,0
7024,L17023,L,297.5,307.1,1556,42.7,212,0,0,0,0,0,0
7025,L17024,L,297.5,307.1,1664,31.1,214,0,0,0,0,0,0
7026,M17025,M,297.5,307.1,1884,26.5,216,0,0,0,0,0,0
7027,M17026,M,297.6,307.2,1541,37.5,219,1,0,0,0,0,1
7028,L17027,L,297.5,307.1,1485,46.5,222,0,0,0,0,0,0
7029,M17028,M,297.5,307.1,1548,44.2,224,0,0,0,0,0,0
7030,H17029,H,297.5,307.2,1612,31.2,0,0,0,0,0,0,0
7031,L17030,L,297.6,307.2,1547,41.4,5,0,0,0,0,0,0
7032,L17031,L,297.6,307.1,1235,48.9,7,1,0,0,0,0,1
7033,L17032,L,297.6,307.2,1783,28.3,9,0,0,0,0,0,0
7034,L17033,L,297.6,307.2,1466,40.6,11,0,0,0,0,0,0
7035,L17034,L,297.5,307.1,1342,53.4,13,0,0,0,0,0,0
7036,M17035,M,297.5,307.1,1797,27.3,15,0,0,0,0,0,0
7037,L17036,L,297.5,307.2,1404,51.6,18,0,0,0,0,0,0
7038,M17037,M,297.5,307.2,1312,56.2,20,0,0,0,0,0,0
7039,H17038,H,297.5,307.1,1579,37.8,23,0,0,0,0,0,0
7040,H17039,H,297.5,307.1,1575,36.6,28,0,0,0,0,0,0
7041,M17040,M,297.6,307.1,1358,50.3,33,0,0,0,0,0,0
7042,L17041,L,297.5,307.1,1507,38.1,36,0,0,0,0,0,0
7043,L17042,L,297.4,307.0,1926,16.5,38,1,0,0,1,0,0
7044,L17043,L,297.5,307.2,1539,39.0,40,0,0,0,0,0,0
7045,H17044,H,297.5,307.1,1414,44.7,42,0,0,0,0,0,0
7046,H17045,H,297.5,307.2,1315,47.4,47,0,0,0,0,0,0
7047,L17046,L,297.4,307.1,1616,31.2,52,0,0,0,0,0,0
7048,L17047,L,297.5,307.2,1408,37.3,54,0,0,0,0,0,0
7049,M17048,M,297.5,307.2,1355,49.8,56,0,0,0,0,0,0
7050,L17049,L,297.4,307.2,1568,39.4,59,0,0,0,0,0,0
7051,H17050,H,297.5,307.2,1648,24.7,61,0,0,0,0,0,0
7052,L17051,L,297.6,307.3,1341,52.4,66,0,0,0,0,0,0
7053,L17052,L,297.6,307.2,1568,37.9,68,0,0,0,0,0,0
7054,L17053,L,297.6,307.4,1287,50.9,70,0,0,0,0,0,0
7055,L17054,L,297.6,307.4,1751,26.0,72,0,0,0,0,0,0
7056,L17055,L,297.6,307.4,1617,38.8,74,0,0,0,0,0,0
7057,H17056,H,297.6,307.4,1397,45.1,76,0,0,0,0,0,0
7058,L17057,L,297.6,307.3,1557,39.1,81,0,0,0,0,0,0
7059,M17058,M,297.7,307.4,1759,28.2,83,0,0,0,0,0,0
7060,L17059,L,297.7,307.3,1898,16.1,86,1,0,0,1,0,0
7061,L17060,L,297.8,307.4,1335,55.2,88,0,0,0,0,0,0
7062,L17061,L,297.6,307.3,1518,42.5,90,0,0,0,0,0,0
7063,L17062,L,297.6,307.2,1326,51.7,92,0,0,0,0,0,0
7064,L17063,L,297.5,307.0,1512,49.3,94,0,0,0,0,0,0
7065,L17064,L,297.4,307.0,1493,46.0,96,0,0,0,0,0,0
7066,H17065,H,297.5,307.0,1498,36.8,98,0,0,0,0,0,0
7067,M17066,M,297.5,307.0,1433,44.9,103,0,0,0,0,0,0
7068,H17067,H,297.5,307.0,1432,54.3,106,0,0,0,0,0,0
7069,L17068,L,297.5,307.0,1469,40.8,111,0,0,0,0,0,0
7070,M17069,M,297.5,307.0,1218,59.0,113,0,0,0,0,0,0
7071,M17070,M,297.4,307.0,1862,25.0,116,0,0,0,0,0,0
7072,L17071,L,297.5,307.1,1848,23.9,119,0,0,0,0,0,0
7073,L17072,L,297.5,307.1,1414,49.9,121,0,0,0,0,0,0
7074,M17073,M,297.4,307.0,1718,31.8,123,0,0,0,0,0,0
7075,M17074,M,297.4,307.0,1192,60.4,126,0,0,0,0,0,0
7076,L17075,L,297.3,306.9,1266,53.4,129,0,0,0,0,0,0
7077,L17076,L,297.4,307.0,1292,55.9,131,0,0,0,0,0,0
7078,H17077,H,297.4,307.0,1365,48.8,133,0,0,0,0,0,0
7079,L17078,L,297.4,307.0,1668,30.8,138,0,0,0,0,0,0
7080,H17079,H,297.4,307.1,1903,23.4,140,0,0,0,0,0,0
7081,H17080,H,297.4,307.1,1262,55.0,145,0,0,0,0,0,0
7082,H17081,H,297.3,307.0,1888,25.0,150,0,0,0,0,0,0
7083,M17082,M,297.3,307.0,1283,55.8,155,0,0,0,0,0,0
7084,L17083,L,297.3,307.2,1415,46.7,158,0,0,0,0,0,0
7085,M17084,M,297.3,307.1,1449,39.2,160,0,0,0,0,0,0
7086,M17085,M,297.3,307.1,1581,44.4,163,0,0,0,0,0,0
7087,M17086,M,297.3,307.1,1459,44.7,166,0,0,0,0,0,0
7088,L17087,L,297.3,307.1,1445,38.0,169,0,0,0,0,0,0
7089,L17088,L,297.3,307.2,1351,54.3,171,0,0,0,0,0,0
7090,L17089,L,297.3,307.1,1299,53.9,173,0,0,0,0,0,0
7091,L17090,L,297.3,307.2,1459,41.6,175,0,0,0,0,0,0
7092,M17091,M,297.3,307.3,1692,34.0,177,0,0,0,0,0,0
7093,H17092,H,297.2,307.1,1173,53.1,180,0,0,0,0,0,0
7094,M17093,M,297.2,307.0,1842,19.8,185,0,0,0,0,0,0
7095,M17094,M,297.2,307.1,1446,44.4,188,0,0,0,0,0,0
7096,L17095,L,297.2,307.1,1460,47.4,191,0,0,0,0,0,0
7097,L17096,L,297.2,307.2,1804,31.7,193,0,0,0,0,0,0
7098,L17097,L,297.3,307.2,1359,49.7,195,0,0,0,0,0,0
7099,L17098,L,297.2,307.3,1568,39.7,197,0,0,0,0,0,0
7100,L17099,L,297.2,307.3,1784,34.5,199,0,0,0,0,0,0
7101,L17100,L,297.1,307.2,1374,49.6,201,0,0,0,0,0,0
7102,L17101,L,297.1,307.1,1749,29.1,203,0,0,0,0,0,0
7103,M17102,M,297.1,307.1,1321,48.7,205,0,0,0,0,0,0
7104,L17103,L,297.2,307.1,1985,20.2,208,0,0,0,0,0,0
7105,L17104,L,297.1,307.0,1450,42.9,210,0,0,0,0,0,0
7106,L17105,L,297.2,306.9,1546,40.4,212,0,0,0,0,0,0
7107,M17106,M,297.2,307.0,1643,34.6,214,0,0,0,0,0,0
7108,M17107,M,297.2,307.0,1477,43.9,217,0,0,0,0,0,0
7109,L17108,L,297.2,306.9,1527,39.2,220,0,0,0,0,0,0
7110,L17109,L,297.1,306.8,1372,50.5,222,1,0,0,0,1,0
7111,H17110,H,297.1,306.7,1541,45.6,224,1,1,0,0,0,0
7112,M17111,M,297.1,306.8,1589,44.5,0,0,0,0,0,0,0
7113,M17112,M,297.0,306.6,1479,42.9,3,0,0,0,0,0,0
7114,M17113,M,296.9,306.5,1593,35.3,6,0,0,0,0,0,0
7115,H17114,H,297.0,306.5,1544,37.0,9,0,0,0,0,0,0
7116,H17115,H,296.9,306.5,1646,42.5,14,0,0,0,0,0,0
7117,L17116,L,296.9,306.4,1575,38.3,19,0,0,0,0,0,0
7118,M17117,M,296.8,306.4,1411,51.1,21,0,0,0,0,0,0
7119,L17118,L,296.9,306.5,1561,40.9,24,0,0,0,0,0,0
7120,M17119,M,296.9,306.5,1598,43.8,26,0,0,0,0,0,0
7121,L17120,L,296.9,306.6,1763,26.0,29,0,0,0,0,0,0
7122,L17121,L,297.0,306.6,1316,49.4,31,0,0,0,0,0,0
7123,H17122,H,296.9,306.5,1741,34.2,33,0,0,0,0,0,0
7124,H17123,H,296.9,306.5,1766,29.6,38,0,0,0,0,0,0
7125,L17124,L,296.9,306.4,1284,56.5,43,0,0,0,0,0,0
7126,H17125,H,296.8,306.4,1505,47.0,45,0,0,0,0,0,0
7127,L17126,L,296.8,306.5,1401,49.8,50,0,0,0,0,0,0
7128,L17127,L,296.8,306.4,1548,44.5,52,0,0,0,0,0,0
7129,H17128,H,296.9,306.5,1568,39.1,54,0,0,0,0,0,0
7130,L17129,L,296.8,306.5,1636,37.2,59,0,0,0,0,0,0
7131,L17130,L,296.8,306.5,1435,47.8,61,0,0,0,0,0,0
7132,M17131,M,296.8,306.5,1327,51.3,63,0,0,0,0,0,0
7133,L17132,L,296.8,306.7,1538,39.3,66,0,0,0,0,0,0
7134,L17133,L,296.8,306.7,1164,60.7,68,0,0,0,0,0,0
7135,L17134,L,296.8,306.7,1586,38.0,70,0,0,0,0,0,0
7136,M17135,M,296.8,306.8,1750,26.1,72,0,0,0,0,0,0
7137,L17136,L,296.9,307.0,1855,22.8,75,0,0,0,0,0,0
7138,L17137,L,296.8,307.0,1847,23.1,77,0,0,0,0,0,0
7139,M17138,M,296.8,307.0,1620,35.9,79,0,0,0,0,0,0
7140,L17139,L,296.8,307.0,1590,37.7,82,0,0,0,0,0,0
7141,L17140,L,296.8,307.0,1390,46.8,84,0,0,0,0,0,0
7142,M17141,M,296.7,307.0,1527,39.7,86,0,0,0,0,0,0
7143,M17142,M,296.8,307.0,1301,48.4,89,0,0,0,0,0,0
7144,L17143,L,296.9,307.0,1524,40.4,92,0,0,0,0,0,0
7145,H17144,H,296.8,307.1,1481,40.1,94,0,0,0,0,0,0
7146,M17145,M,296.8,307.3,1642,34.2,99,0,0,0,0,0,0
7147,L17146,L,296.8,307.3,1256,54.2,102,0,0,0,0,0,0
7148,M17147,M,296.8,307.4,1684,24.7,104,0,0,0,0,0,0
7149,M17148,M,296.7,307.2,1613,43.0,107,0,0,0,0,0,0
7150,M17149,M,296.7,307.1,1556,38.2,110,0,0,0,0,0,0
7151,M17150,M,296.7,306.9,1486,47.8,113,0,0,0,0,0,0
7152,M17151,M,296.7,306.9,1512,39.8,116,0,0,0,0,0,0
7153,H17152,H,296.7,306.9,1631,40.1,119,0,0,0,0,0,0
7154,M17153,M,296.7,306.8,1519,37.3,124,0,0,0,0,0,0
7155,H17154,H,296.8,306.8,1311,53.9,127,0,0,0,0,0,0
7156,M17155,M,296.8,306.8,1477,40.0,132,0,0,0,0,0,0
7157,H17156,H,296.8,306.9,1348,59.7,135,0,0,0,0,0,0
7158,H17157,H,296.8,306.8,1478,42.7,140,0,0,0,0,0,0
7159,L17158,L,296.8,306.9,1581,40.2,145,0,0,0,0,0,0
7160,L17159,L,296.7,306.9,1588,38.5,147,0,0,0,0,0,0
7161,M17160,M,296.8,307.0,1441,45.6,149,0,0,0,0,0,0
7162,L17161,L,296.8,307.0,1667,34.1,152,0,0,0,0,0,0
7163,M17162,M,296.8,307.0,1589,41.5,154,0,0,0,0,0,0
7164,M17163,M,296.8,307.0,1574,40.1,157,0,0,0,0,0,0
7165,H17164,H,296.9,307.1,1492,43.3,160,0,0,0,0,0,0
7166,L17165,L,296.9,307.1,1508,43.5,165,0,0,0,0,0,0
7167,M17166,M,296.9,307.1,1577,44.0,167,0,0,0,0,0,0
7168,L17167,L,296.9,307.1,1499,40.9,170,0,0,0,0,0,0
7169,M17168,M,297.0,307.2,1168,55.7,172,0,0,0,0,0,0
7170,L17169,L,297.0,307.1,1405,44.2,175,0,0,0,0,0,0
7171,M17170,M,297.0,307.2,1100,66.1,177,0,0,0,0,0,0
7172,M17171,M,297.0,307.3,1480,40.5,180,0,0,0,0,0,0
7173,M17172,M,297.0,307.2,1328,49.6,183,0,0,0,0,0,0
7174,M17173,M,297.0,307.2,1660,32.7,186,0,0,0,0,0,0
7175,L17174,L,296.9,307.0,1314,54.0,189,0,0,0,0,0,0
7176,L17175,L,297.0,307.0,1671,33.0,191,0,0,0,0,0,0
7177,L17176,L,297.0,306.9,1420,44.6,193,0,0,0,0,0,0
7178,H17177,H,297.0,307.0,1639,37.4,195,0,0,0,0,0,0
7179,H17178,H,297.0,307.0,1491,44.5,200,0,0,0,0,0,0
7180,L17179,L,297.0,307.0,1666,37.7,205,0,0,0,0,0,0
7181,L17180,L,297.0,306.9,1720,32.1,207,0,0,0,0,0,0
7182,L17181,L,296.9,306.8,1565,37.3,209,0,0,0,0,0,0
7183,M17182,M,296.9,306.9,1349,55.4,211,0,0,0,0,0,0
7184,L17183,L,297.0,307.0,1474,44.7,214,0,0,0,0,0,0
7185,L17184,L,297.0,306.9,1802,27.1,216,0,0,0,0,0,0
7186,L17185,L,296.9,306.9,1392,51.0,218,1,0,0,0,1,0
7187,L17186,L,297.0,307.0,1683,31.1,220,0,0,0,0,0,0
7188,L17187,L,297.0,307.0,1417,47.4,222,0,0,0,0,0,0
7189,L17188,L,297.1,307.2,1437,45.5,224,0,0,0,0,0,0
7190,M17189,M,297.1,307.2,1386,46.2,226,0,0,0,0,0,0
7191,M17190,M,297.0,307.0,1103,58.5,229,1,0,0,0,1,0
7192,L17191,L,297.0,307.0,1640,31.7,0,0,0,0,0,0,0
7193,M17192,M,297.0,307.0,1445,46.1,2,0,0,0,0,0,0
7194,L17193,L,297.0,306.9,1384,52.6,5,0,0,0,0,0,0
7195,M17194,M,297.0,306.9,1692,33.6,7,0,0,0,0,0,0
7196,H17195,H,297.0,306.8,1649,32.5,10,0,0,0,0,0,0
7197,L17196,L,297.0,306.9,1549,37.1,15,0,0,0,0,0,0
7198,H17197,H,297.0,306.8,1473,43.2,17,0,0,0,0,0,0
7199,M17198,M,297.0,306.7,1723,25.9,22,0,0,0,0,0,0
7200,M17199,M,297.0,306.8,1326,45.5,25,0,0,0,0,0,0
7201,L17200,L,297.1,306.7,1691,25.9,28,0,0,0,0,0,0
7202,L17201,L,297.1,306.8,1395,52.9,30,0,0,0,0,0,0
7203,L17202,L,297.1,306.8,1554,45.1,32,0,0,0,0,0,0
7204,H17203,H,297.1,306.9,1255,59.1,34,0,0,0,0,0,0
7205,M17204,M,297.1,307.0,1421,46.7,39,0,0,0,0,0,0
7206,L17205,L,297.0,306.9,1512,37.0,42,0,0,0,0,0,0
7207,M17206,M,297.0,306.8,1665,32.0,44,0,0,0,0,0,0
7208,L17207,L,296.9,306.7,1532,42.4,47,0,0,0,0,0,0
7209,L17208,L,297.0,306.8,1590,39.7,49,0,0,0,0,0,0
7210,M17209,M,297.0,306.7,1375,51.9,51,0,0,0,0,0,0
7211,M17210,M,297.1,306.9,1764,30.7,54,0,0,0,0,0,0
7212,M17211,M,297.1,306.9,1303,60.2,57,0,0,0,0,0,0
7213,M17212,M,297.0,306.8,1299,52.7,60,0,0,0,0,0,0
7214,M17213,M,297.0,306.8,1729,38.0,63,0,0,0,0,0,0
7215,H17214,H,297.0,306.9,1119,58.0,66,0,0,0,0,0,0
7216,L17215,L,297.1,306.9,1628,32.2,71,0,0,0,0,0,0
7217,M17216,M,297.1,306.9,1514,42.1,73,0,0,0,0,0,0
7218,M17217,M,297.1,306.8,1786,27.2,76,0,0,0,0,0,0
7219,L17218,L,297.1,306.8,1214,58.5,79,0,0,0,0,0,0
7220,L17219,L,297.1,306.7,1790,23.5,81,0,0,0,0,0,0
7221,L17220,L,297.1,306.7,1906,25.6,83,0,0,0,0,0,0
7222,L17221,L,297.0,306.7,1616,33.7,85,0,0,0,0,0,0
7223,M17222,M,297.1,306.8,1256,53.2,87,0,0,0,0,0,0
7224,L17223,L,297.1,306.7,1470,49.5,90,0,0,0,0,0,0
7225,M17224,M,297.1,306.7,1565,41.2,92,0,0,0,0,0,0
7226,L17225,L,297.1,306.6,1426,50.2,95,0,0,0,0,0,0
7227,L17226,L,297.0,306.4,1569,38.8,97,0,0,0,0,0,0
7228,L17227,L,297.0,306.4,1389,44.2,99,0,0,0,0,0,0
7229,L17228,L,297.0,306.4,1262,56.5,101,0,0,0,0,0,0
7230,H17229,H,297.1,306.4,1495,37.5,103,0,0,0,0,0,0
7231,L17230,L,297.1,306.4,1682,32.3,108,0,0,0,0,0,0
7232,L17231,L,297.1,306.3,1495,44.7,110,0,0,0,0,0,0
7233,L17232,L,297.1,306.5,1472,47.4,112,0,0,0,0,0,0
7234,L17233,L,297.2,306.5,1514,41.1,114,0,0,0,0,0,0
7235,M17234,M,297.2,306.6,1409,50.0,116,0,0,0,0,0,0
7236,M17235,M,297.2,306.5,1522,38.0,119,0,0,0,0,0,0
7237,L17236,L,297.3,306.5,1570,41.3,122,0,0,0,0,0,0
7238,M17237,M,297.3,306.5,1512,43.7,124,0,0,0,0,0,0
7239,L17238,L,297.3,306.6,1444,42.9,127,0,0,0,0,0,0
7240,H17239,H,297.3,306.5,1293,56.1,129,0,0,0,0,0,0
7241,M17240,M,297.3,306.5,1536,43.7,134,0,0,0,0,0,0
7242,L17241,L,297.4,306.6,1594,37.0,137,0,0,0,0,0,0
7243,M17242,M,297.3,306.6,1402,45.3,139,0,0,0,0,0,0
7244,H17243,H,297.3,306.6,1376,50.1,142,0,0,0,0,0,0
7245,L17244,L,297.3,306.5,1437,47.7,147,0,0,0,0,0,0
7246,H17245,H,297.3,306.4,1369,47.2,149,0,0,0,0,0,0
7247,H17246,H,297.3,306.5,1736,25.0,154,0,0,0,0,0,0
7248,L17247,L,297.3,306.5,1991,15.1,159,1,0,0,1,0,0
7249,M17248,M,297.3,306.4,1367,52.8,161,0,0,0,0,0,0
7250,M17249,M,297.2,306.4,1584,44.4,164,0,0,0,0,0,0
7251,M17250,M,297.2,306.4,1579,39.8,167,0,0,0,0,0,0
7252,M17251,M,297.2,306.4,1352,46.9,170,0,0,0,0,0,0
7253,H17252,H,297.2,306.4,1324,59.3,173,0,0,0,0,0,0
7254,M17253,M,297.2,306.4,1357,54.1,178,0,0,0,0,0,0
7255,M17254,M,297.3,306.3,1262,49.6,181,0,0,0,0,0,0
7256,L17255,L,297.3,306.2,1631,31.1,184,0,0,0,0,0,0
7257,L17256,L,297.2,306.1,1639,32.4,186,0,0,0,0,0,0
7258,H17257,H,297.3,306.1,1991,16.1,188,1,0,0,1,0,0
7259,M17258,M,297.2,306.1,1297,46.3,193,0,0,0,0,0,0
7260,L17259,L,297.2,306.0,1343,51.1,196,0,0,0,0,0,0
7261,H17260,H,297.2,306.0,1379,51.9,198,0,0,0,0,0,0
7262,H17261,H,297.1,306.0,1265,46.8,203,0,0,0,0,0,0
7263,M17262,M,297.1,305.9,1606,38.5,208,0,0,0,0,0,0
7264,L17263,L,297.1,306.1,1682,34.4,0,0,0,0,0,0,0
7265,M17264,M,297.1,306.0,1631,31.7,2,0,0,0,0,0,0
7266,L17265,L,297.0,306.1,1501,38.4,5,0,0,0,0,0,0
7267,L17266,L,297.1,306.0,1656,30.2,7,0,0,0,0,0,0
7268,M17267,M,297.0,305.9,1100,57.6,9,0,0,0,0,0,0
7269,H17268,H,297.0,305.9,1741,27.0,12,0,0,0,0,0,0
7270,L17269,L,297.0,305.9,1584,38.0,17,0,0,0,0,0,0
7271,H17270,H,297.0,306.1,1799,20.6,19,0,0,0,0,0,0
7272,H17271,H,296.9,305.9,1542,43.0,24,0,0,0,0,0,0
7273,L17272,L,297.0,306.0,1544,40.0,29,0,0,0,0,0,0
7274,L17273,L,297.0,306.0,1613,36.4,31,0,0,0,0,0,0
7275,M17274,M,297.0,306.1,1674,30.7,33,0,0,0,0,0,0
7276,M17275,M,297.0,306.0,1579,40.0,36,0,0,0,0,0,0
7277,L17276,L,297.0,306.1,1703,34.6,39,0,0,0,0,0,0
7278,M17277,M,297.0,306.1,1538,38.6,41,0,0,0,0,0,0
7279,M17278,M,296.9,306.2,1248,59.6,44,0,0,0,0,0,0
7280,M17279,M,297.0,306.3,1552,41.7,47,0,0,0,0,0,0
7281,M17280,M,296.9,306.2,1471,45.3,50,0,0,0,0,0,0
7282,L17281,L,296.9,306.3,1711,35.4,53,0,0,0,0,0,0
7283,L17282,L,296.9,306.2,1631,32.2,55,0,0,0,0,0,0
7284,L17283,L,296.9,306.1,1518,39.8,57,0,0,0,0,0,0
7285,H17284,H,297.0,306.2,1100,65.0,59,0,0,0,0,0,0
7286,H17285,H,297.0,306.1,1627,37.1,64,0,0,0,0,0,0
7287,M17286,M,297.1,306.2,1461,43.6,69,0,0,0,0,0,0
7288,L17287,L,297.0,305.9,1640,31.7,72,0,0,0,0,0,0
7289,M17288,M,296.9,305.8,2099,12.4,74,1,0,0,1,0,0
7290,L17289,L,296.9,305.8,1773,32.1,77,0,0,0,0,0,0
7291,L17290,L,296.9,305.8,1115,63.8,79,0,0,0,0,0,0
7292,L17291,L,296.9,305.8,1360,46.0,81,0,0,0,0,0,0
7293,H17292,H,297.0,305.9,1363,56.4,83,0,0,0,0,0,0
7294,L17293,L,297.0,305.9,1623,36.5,88,0,0,0,0,0,0
7295,M17294,M,297.0,305.8,1962,16.4,90,1,0,0,1,0,0
7296,H17295,H,297.1,306.0,1732,28.9,93,0,0,0,0,0,0
7297,M17296,M,297.0,306.0,1426,44.0,98,0,0,0,0,0,0
7298,L17297,L,297.1,306.0,1474,42.4,101,0,0,0,0,0,0
7299,H17298,H,297.2,306.1,1578,39.9,103,0,0,0,0,0,0
7300,M17299,M,297.2,306.0,1603,34.7,108,0,0,0,0,0,0
7301,L17300,L,297.1,305.9,1402,49.4,111,0,0,0,0,0,0
7302,M17301,M,297.1,305.9,1624,35.0,113,0,0,0,0,0,0
7303,H17302,H,297.1,305.7,1427,43.1,116,0,0,0,0,0,0
7304,L17303,L,297.0,305.7,1595,42.0,121,0,0,0,0,0,0
7305,M17304,M,297.1,305.7,1634,36.3,123,0,0,0,0,0,0
7306,L17305,L,297.1,305.7,1706,31.2,126,0,0,0,0,0,0
7307,L17306,L,297.1,305.6,1642,35.7,128,0,0,0,0,0,0
7308,M17307,M,297.1,305.6,1119,58.7,130,1,0,1,0,0,0
7309,L17308,L,297.1,305.6,1321,51.1,133,1,0,1,0,0,0
7310,L17309,L,297.0,305.6,1279,50.2,135,1,0,1,0,0,0
7311,L17310,L,297.0,305.6,1679,32.1,137,0,0,0,0,0,0
7312,L17311,L,297.0,305.6,1801,25.6,139,0,0,0,0,0,0
7313,L17312,L,297.0,305.7,1359,51.0,141,0,0,0,0,0,0
7314,M17313,M,297.0,305.6,1450,49.0,143,0,0,0,0,0,0
7315,L17314,L,296.9,305.6,1431,41.4,146,0,0,0,0,0,0
7316,L17315,L,296.9,305.7,1556,36.3,148,0,0,0,0,0,0
7317,H17316,H,296.9,305.8,1810,25.4,150,0,0,0,0,0,0
7318,H17317,H,297.0,305.8,1405,48.7,155,0,0,0,0,0,0
7319,L17318,L,297.0,305.7,1263,51.9,160,0,0,0,0,0,0
7320,L17319,L,297.0,305.7,1720,33.2,162,0,0,0,0,0,0
7321,L17320,L,296.9,305.7,1754,32.4,164,0,0,0,0,0,0
7322,L17321,L,296.9,305.6,1351,52.4,166,0,0,0,0,0,0
7323,L17322,L,296.9,305.5,1563,33.6,168,0,0,0,0,0,0
7324,H17323,H,296.8,305.5,1244,57.8,170,0,0,0,0,0,0
7325,M17324,M,296.8,305.4,1576,38.9,175,0,0,0,0,0,0
7326,L17325,L,296.8,305.4,1589,36.1,178,0,0,0,0,0,0
7327,H17326,H,296.8,305.4,1606,40.5,180,0,0,0,0,0,0
7328,L17327,L,296.9,305.4,1597,36.1,185,0,0,0,0,0,0
7329,L17328,L,296.9,305.4,1464,51.3,187,0,0,0,0,0,0
7330,L17329,L,296.9,305.4,1431,48.9,189,0,0,0,0,0,0
7331,L17330,L,296.9,305.4,1368,50.9,191,1,0,1,0,0,0
7332,H17331,H,296.9,305.5,1558,41.8,193,0,0,0,0,0,0
7333,L17332,L,297.0,305.5,1701,35.4,198,0,0,0,0,0,0
7334,M17333,M,296.9,305.5,1590,39.9,200,0,0,0,0,0,0
7335,L17334,L,296.9,305.5,1606,35.7,203,0,0,0,0,0,0
7336,H17335,H,296.9,305.4,1252,54.7,205,1,0,1,0,0,0
7337,M17336,M,296.8,305.3,1305,50.0,210,1,0,1,0,0,0
7338,L17337,L,296.9,305.3,1417,39.1,213,0,0,0,0,0,0
7339,L17338,L,296.9,305.6,1705,30.7,215,0,0,0,0,0,0
7340,H17339,H,296.9,305.6,1254,55.4,217,0,0,0,0,0,0
7341,M17340,M,296.9,305.6,1496,41.4,222,1,1,0,0,0,0
7342,L17341,L,296.9,305.6,1618,38.7,0,0,0,0,0,0,0
7343,H17342,H,296.9,305.5,1268,55.5,2,0,0,0,0,0,0
7344,L17343,L,296.9,305.4,1731,34.9,7,0,0,0,0,0,0
7345,L17344,L,296.9,305.5,1560,36.8,9,0,0,0,0,0,0
7346,M17345,M,296.9,305.6,1523,37.7,11,0,0,0,0,0,0
7347,L17346,L,297.0,305.7,1692,26.8,14,0,0,0,0,0,0
7348,L17347,L,297.0,305.7,1525,43.2,16,0,0,0,0,0,0
7349,L17348,L,296.9,305.6,1732,32.4,18,0,0,0,0,0,0
7350,L17349,L,296.9,305.6,1602,34.3,20,0,0,0,0,0,0
7351,L17350,L,296.9,305.7,1598,33.0,22,0,0,0,0,0,0
7352,L17351,L,296.9,305.8,1723,34.1,24,0,0,0,0,0,0
7353,H17352,H,296.9,305.9,1600,31.6,26,0,0,0,0,0,0
7354,M17353,M,297.0,305.8,1552,42.5,31,0,0,0,0,0,0
7355,L17354,L,297.0,305.9,1533,38.4,34,0,0,0,0,0,0
7356,L17355,L,297.0,305.8,1552,40.5,36,0,0,0,0,0,0
7357,M17356,M,297.0,305.9,1198,63.5,38,0,0,0,0,0,0
7358,L17357,L,297.0,305.8,1591,38.4,41,0,0,0,0,0,0
7359,L17358,L,297.0,305.8,1419,46.0,43,0,0,0,0,0,0
7360,M17359,M,297.0,305.9,1494,47.2,45,0,0,0,0,0,0
7361,L17360,L,297.0,305.9,1565,39.4,48,0,0,0,0,0,0
7362,M17361,M,297.1,305.9,1697,42.7,50,0,0,0,0,0,0
7363,H17362,H,297.1,306.0,1439,40.2,53,0,0,0,0,0,0
7364,H17363,H,297.1,306.1,1407,42.0,58,0,0,0,0,0,0
7365,L17364,L,297.1,305.9,1693,34.1,63,0,0,0,0,0,0
7366,L17365,L,297.1,305.9,1620,35.1,65,0,0,0,0,0,0
7367,L17366,L,297.1,305.9,1579,40.2,67,0,0,0,0,0,0
7368,M17367,M,297.1,305.9,1812,20.3,69,0,0,0,0,0,0
7369,H17368,H,297.0,305.8,1287,55.0,72,0,0,0,0,0,0
7370,H17369,H,297.1,305.9,1196,61.6,77,0,0,0,0,0,0
7371,L17370,L,297.1,305.9,1479,41.7,82,0,0,0,0,0,0
7372,H17371,H,297.1,305.9,1438,46.7,84,0,0,0,0,0,0
7373,M17372,M,297.2,306.0,1278,50.8,89,0,0,0,0,0,0
7374,H17373,H,297.2,306.0,1785,26.8,92,0,0,0,0,0,0
7375,M17374,M,297.2,306.0,1461,49.3,97,0,0,0,0,0,0
7376,L17375,L,297.3,306.0,1541,35.7,100,0,0,0,0,0,0
7377,L17376,L,297.2,306.0,1100,62.9,102,0,0,0,0,0,0
7378,H17377,H,297.2,306.0,1637,38.1,104,0,0,0,0,0,0
7379,L17378,L,297.2,306.0,1310,49.1,109,0,0,0,0,0,0
7380,L17379,L,297.2,305.9,1615,38.2,111,0,0,0,0,0,0
7381,L17380,L,297.1,305.9,1168,62.0,113,0,0,0,0,0,0
7382,L17381,L,297.1,305.9,1602,34.9,115,0,0,0,0,0,0
7383,H17382,H,297.1,305.8,1422,51.7,117,0,0,0,0,0,0
7384,L17383,L,297.1,305.8,1483,46.3,122,0,0,0,0,0,0
7385,L17384,L,297.1,305.8,1485,44.0,124,0,0,0,0,0,0
7386,M17385,M,297.1,305.8,1379,42.3,126,0,0,0,0,0,0
7387,M17386,M,297.0,305.9,1691,33.3,129,0,0,0,0,0,0
7388,L17387,L,297.0,305.9,1918,14.1,132,1,0,0,1,0,0
7389,L17388,L,297.1,305.9,1343,50.7,134,0,0,0,0,0,0
7390,L17389,L,297.1,305.9,1622,35.1,136,0,0,0,0,0,0
7391,L17390,L,297.0,305.8,1445,51.7,138,0,0,0,0,0,0
7392,L17391,L,297.0,305.7,1464,43.5,140,0,0,0,0,0,0
7393,L17392,L,297.0,305.6,1254,52.0,142,0,0,0,0,0,0
7394,M17393,M,296.9,305.5,1484,48.0,144,0,0,0,0,0,0
7395,H17394,H,297.0,305.5,1998,15.4,147,1,0,0,1,0,0
7396,H17395,H,297.0,305.4,1476,46.1,152,0,0,0,0,0,0
7397,L17396,L,297.1,305.5,1680,36.6,157,0,0,0,0,0,0
7398,L17397,L,297.2,305.7,1436,51.7,159,0,0,0,0,0,0
7399,H17398,H,297.1,305.6,1388,45.9,161,0,0,0,0,0,0
7400,M17399,M,297.1,305.6,1358,46.0,166,1,0,1,0,0,0
7401,M17400,M,297.1,305.6,1631,37.3,169,0,0,0,0,0,0
7402,L17401,L,297.2,305.7,1679,30.9,172,0,0,0,0,0,0
7403,L17402,L,297.2,305.6,1602,35.7,174,0,0,0,0,0,0
7404,M17403,M,297.2,305.6,1781,22.0,176,0,0,0,0,0,0
7405,M17404,M,297.2,305.8,1671,34.1,179,0,0,0,0,0,0
7406,L17405,L,297.2,305.8,1809,25.4,182,0,0,0,0,0,0
7407,H17406,H,297.2,305.9,1774,25.6,184,0,0,0,0,0,0
7408,M17407,M,297.3,306.0,1441,41.2,189,0,0,0,0,0,0
7409,M17408,M,297.3,306.1,1515,45.3,192,0,0,0,0,0,0
7410,L17409,L,297.3,306.0,1558,39.7,195,0,0,0,0,0,0
7411,M17410,M,297.4,306.1,1685,35.0,197,0,0,0,0,0,0
7412,M17411,M,297.4,306.2,1582,30.5,200,0,0,0,0,0,0
7413,L17412,L,297.5,306.3,1595,36.8,203,0,0,0,0,0,0
7414,M17413,M,297.5,306.3,1638,31.8,205,0,0,0,0,0,0
7415,M17414,M,297.5,306.3,1551,39.4,208,0,0,0,0,0,0
7416,H17415,H,297.5,306.3,1849,24.8,211,0,0,0,0,0,0
7417,L17416,L,297.4,306.2,1439,47.0,216,0,0,0,0,0,0
7418,H17417,H,297.4,306.3,1635,34.3,218,0,0,0,0,0,0
7419,L17418,L,297.4,306.2,1475,43.8,0,0,0,0,0,0,0
7420,L17419,L,297.5,306.2,1300,48.9,2,0,0,0,0,0,0
7421,L17420,L,297.5,306.2,1432,43.3,4,0,0,0,0,0,0
7422,L17421,L,297.4,306.2,1465,48.0,6,0,0,0,0,0,0
7423,L17422,L,297.4,306.2,1861,19.3,8,0,0,0,0,0,0
7424,L17423,L,297.3,306.1,1686,35.1,10,0,0,0,0,0,0
7425,M17424,M,297.2,306.0,1397,51.0,12,0,0,0,0,0,0
7426,L17425,L,297.2,305.9,1501,45.1,15,0,0,0,0,0,0
7427,H17426,H,297.3,305.8,1242,58.5,17,1,0,1,0,0,0
7428,L17427,L,297.3,305.7,1224,57.0,22,1,0,1,0,0,0
7429,M17428,M,297.3,305.8,1479,43.0,24,0,0,0,0,0,0
7430,H17429,H,297.2,305.8,1617,37.5,27,0,0,0,0,0,0
7431,H17430,H,297.2,305.7,1582,30.4,32,0,0,0,0,0,0
7432,M17431,M,297.2,305.8,1688,35.2,37,0,0,0,0,0,0
7433,M17432,M,297.2,305.8,1579,35.9,40,0,0,0,0,0,0
7434,L17433,L,297.2,305.7,1634,34.1,43,0,0,0,0,0,0
7435,L17434,L,297.2,305.7,1690,30.8,45,0,0,0,0,0,0
7436,L17435,L,297.1,305.5,1467,44.0,47,0,0,0,0,0,0
7437,L17436,L,297.1,305.5,1176,57.0,49,1,0,1,0,0,0
7438,L17437,L,297.1,305.5,1388,49.3,51,0,0,0,0,0,0
7439,L17438,L,297.0,305.4,1626,36.8,53,0,0,0,0,0,0
7440,H17439,H,297.1,305.4,1251,50.1,55,1,0,1,0,0,0
7441,H17440,H,297.1,305.5,1406,43.5,60,0,0,0,0,0,0
7442,H17441,H,297.0,305.4,1595,39.6,65,0,0,0,0,0,0
7443,M17442,M,297.0,305.4,1595,39.0,70,0,0,0,0,0,0
7444,L17443,L,297.0,305.5,1589,38.0,73,0,0,0,0,0,0
7445,L17444,L,297.0,305.5,1389,46.5,75,0,0,0,0,0,0
7446,M17445,M,297.0,305.5,1554,41.4,77,0,0,0,0,0,0
7447,M17446,M,297.1,305.6,1595,32.7,80,0,0,0,0,0,0
7448,L17447,L,297.1,305.5,1662,32.2,83,0,0,0,0,0,0
7449,L17448,L,297.0,305.4,1413,43.1,85,0,0,0,0,0,0
7450,L17449,L,297.0,305.5,1456,44.3,87,0,0,0,0,0,0
7451,L17450,L,296.9,305.6,1534,36.9,89,0,0,0,0,0,0
7452,L17451,L,296.9,305.6,1773,28.7,91,0,0,0,0,0,0
7453,L17452,L,297.0,305.7,1349,52.5,93,0,0,0,0,0,0
7454,M17453,M,296.9,305.7,1329,50.4,95,0,0,0,0,0,0
7455,H17454,H,296.9,305.7,1937,20.1,98,0,0,0,0,0,0
7456,M17455,M,296.9,305.7,1257,53.4,103,0,0,0,0,0,0
7457,M17456,M,296.9,305.6,1572,37.9,106,0,0,0,0,0,0
7458,H17457,H,296.9,305.6,1471,41.9,109,0,0,0,0,0,0
7459,L17458,L,296.9,305.7,1386,51.4,114,0,0,0,0,0,0
7460,M17459,M,296.9,305.8,1293,56.5,116,0,0,0,0,0,0
7461,L17460,L,296.9,305.9,1440,50.0,119,0,0,0,0,0,0
7462,M17461,M,296.9,306.0,1502,42.4,121,0,0,0,0,0,0
7463,L17462,L,296.9,306.0,1607,26.2,124,0,0,0,0,0,0
7464,H17463,H,297.0,306.1,1858,19.7,126,0,0,0,0,0,0
7465,H17464,H,297.1,306.2,1476,48.8,131,0,0,0,0,0,0
7466,L17465,L,297.2,306.4,1292,53.4,136,0,0,0,0,0,0
7467,L17466,L,297.2,306.4,1569,31.9,138,0,0,0,0,0,0
7468,L17467,L,297.2,306.4,1609,37.3,140,0,0,0,0,0,0
7469,M17468,M,297.2,306.5,1662,34.4,142,0,0,0,0,0,0
7470,M17469,M,297.3,306.6,1597,34.2,145,0,0,0,0,0,0
7471,L17470,L,297.4,306.8,1341,50.7,148,0,0,0,0,0,0
7472,H17471,H,297.4,306.8,1454,42.2,150,0,0,0,0,0,0
7473,L17472,L,297.3,306.8,1606,37.7,155,0,0,0,0,0,0
7474,L17473,L,297.4,306.8,1100,66.6,157,0,0,0,0,0,0
7475,L17474,L,297.4,306.9,1717,25.7,159,0,0,0,0,0,0
7476,M17475,M,297.3,306.7,1444,45.5,161,0,0,0,0,0,0
7477,L17476,L,297.3,306.6,1675,29.5,164,0,0,0,0,0,0
7478,L17477,L,297.3,306.6,1646,38.4,166,0,0,0,0,0,0
7479,L17478,L,297.3,306.6,1563,41.5,168,0,0,0,0,0,0
7480,H17479,H,297.2,306.5,1388,48.4,170,0,0,0,0,0,0
7481,M17480,M,297.2,306.6,1587,37.4,175,0,0,0,0,0,0
7482,H17481,H,297.3,306.7,1657,36.3,178,0,0,0,0,0,0
7483,M17482,M,297.3,306.7,1576,37.2,183,0,0,0,0,0,0
7484,M17483,M,297.4,306.7,1764,29.2,186,0,0,0,0,0,0
7485,L17484,L,297.4,306.8,1513,46.3,189,0,0,0,0,0,0
7486,M17485,M,297.3,306.7,1463,42.8,191,0,0,0,0,0,0
7487,L17486,L,297.4,306.8,1556,44.4,194,0,0,0,0,0,0
7488,L17487,L,297.4,306.9,1626,39.3,196,0,0,0,0,0,0
7489,L17488,L,297.4,306.8,1585,38.1,198,0,0,0,0,0,0
7490,L17489,L,297.4,306.7,1313,51.8,200,0,0,0,0,0,0
7491,H17490,H,297.4,306.7,1377,50.2,202,0,0,0,0,0,0
7492,H17491,H,297.4,306.6,1284,54.1,207,1,1,0,0,0,0
7493,M17492,M,297.4,306.7,1430,43.7,0,0,0,0,0,0,0
7494,L17493,L,297.4,306.8,1338,53.5,3,0,0,0,0,0,0
7495,H17494,H,297.4,306.9,1552,35.8,5,0,0,0,0,0,0
7496,M17495,M,297.4,306.8,1553,38.0,10,0,0,0,0,0,0
7497,L17496,L,297.5,306.8,1317,52.0,13,0,0,0,0,0,0
7498,M17497,M,297.5,306.8,1318,48.4,15,0,0,0,0,0,0
7499,M17498,M,297.5,306.9,1624,37.1,18,0,0,0,0,0,0
7500,L17499,L,297.6,306.9,1703,29.5,21,0,0,0,0,0,0
7501,M17500,M,297.6,307.0,1645,38.0,23,0,0,0,0,0,0
7502,M17501,M,297.6,307.1,1641,33.2,26,0,0,0,0,0,0
7503,L17502,L,297.6,307.0,1222,57.2,29,0,0,0,0,0,0
7504,L17503,L,297.7,307.0,1358,47.6,31,0,0,0,0,0,0
7505,M17504,M,297.6,306.9,1670,32.3,33,0,0,0,0,0,0
7506,M17505,M,297.7,307.0,1718,29.6,36,0,0,0,0,0,0
7507,H17506,H,297.8,307.1,1712,32.2,39,0,0,0,0,0,0
7508,H17507,H,297.7,307.0,1637,34.4,44,0,0,0,0,0,0
7509,M17508,M,297.7,307.0,1683,38.3,49,0,0,0,0,0,0
7510,M17509,M,297.7,307.0,1374,51.1,52,0,0,0,0,0,0
7511,M17510,M,297.7,306.9,1647,30.3,55,0,0,0,0,0,0
7512,M17511,M,297.6,307.0,1100,62.9,58,0,0,0,0,0,0
7513,L17512,L,297.5,306.9,1728,30.6,61,0,0,0,0,0,0
7514,M17513,M,297.7,307.1,1721,25.9,63,0,0,0,0,0,0
7515,M17514,M,297.7,307.1,1284,56.9,66,0,0,0,0,0,0
7516,M17515,M,297.7,307.0,1363,53.2,69,0,0,0,0,0,0
7517,H17516,H,297.7,307.0,1620,38.2,72,0,0,0,0,0,0
7518,M17517,M,297.8,307.0,1425,43.8,77,0,0,0,0,0,0
7519,L17518,L,297.8,307.0,1520,44.1,80,0,0,0,0,0,0
7520,L17519,L,297.8,306.9,1533,41.4,82,0,0,0,0,0,0
7521,L17520,L,297.9,306.9,1724,27.0,84,0,0,0,0,0,0
7522,L17521,L,297.8,306.8,1951,15.2,86,1,0,0,1,0,0
7523,L17522,L,297.7,306.5,1708,31.6,88,0,0,0,0,0,0
7524,L17523,L,297.6,306.5,1192,58.2,90,0,0,0,0,0,0
7525,L17524,L,297.6,306.4,1239,58.6,92,0,0,0,0,0,0
7526,L17525,L,297.6,306.5,1663,37.4,94,0,0,0,0,0,0
7527,M17526,M,297.6,306.5,1755,30.4,96,0,0,0,0,0,0
7528,M17527,M,297.6,306.5,1495,42.8,99,0,0,0,0,0,0
7529,L17528,L,297.6,306.5,1476,44.4,102,0,0,0,0,0,0
7530,L17529,L,297.7,306.5,1406,46.0,104,0,0,0,0,0,0
7531,L17530,L,297.7,306.5,1939,14.7,106,1,0,0,1,0,0
7532,L17531,L,297.7,306.5,1100,71.6,108,0,0,0,0,0,0
7533,L17532,L,297.7,306.5,1359,51.3,110,0,0,0,0,0,0
7534,L17533,L,297.7,306.5,1610,38.0,112,0,0,0,0,0,0
7535,L17534,L,297.7,306.5,1656,32.8,114,0,0,0,0,0,0
7536,H17535,H,297.6,306.5,1321,49.9,116,0,0,0,0,0,0
7537,M17536,M,297.7,306.5,1457,45.0,121,0,0,0,0,0,0
7538,H17537,H,297.7,306.5,1597,40.9,124,0,0,0,0,0,0
7539,L17538,L,297.8,306.6,1510,44.6,129,0,0,0,0,0,0
7540,L17539,L,297.9,306.7,1556,38.9,131,0,0,0,0,0,0
7541,H17540,H,297.9,306.7,1584,44.0,133,0,0,0,0,0,0
7542,L17541,L,298.0,306.8,1565,47.3,138,0,0,0,0,0,0
7543,M17542,M,298.0,306.8,1453,43.4,140,0,0,0,0,0,0
7544,H17543,H,298.0,306.9,1475,42.9,143,0,0,0,0,0,0
7545,M17544,M,298.0,306.8,1340,53.9,148,0,0,0,0,0,0
7546,L17545,L,298.0,306.9,1759,24.0,151,0,0,0,0,0,0
7547,M17546,M,298.1,306.9,1721,32.0,153,0,0,0,0,0,0
7548,L17547,L,298.1,306.9,1539,40.3,156,0,0,0,0,0,0
7549,L17548,L,298.0,306.8,1683,32.7,158,0,0,0,0,0,0
7550,L17549,L,298.1,306.9,1573,36.0,160,0,0,0,0,0,0
7551,H17550,H,298.1,307.0,1275,52.9,162,0,0,0,0,0,0
7552,M17551,M,298.0,306.9,1452,38.5,167,0,0,0,0,0,0
7553,L17552,L,298.1,307.0,1932,21.7,170,0,0,0,0,0,0
7554,L17553,L,298.1,307.1,1663,35.8,172,0,0,0,0,0,0
7555,M17554,M,298.1,307.0,1566,40.6,174,0,0,0,0,0,0
7556,H17555,H,298.1,307.1,1551,40.4,177,0,0,0,0,0,0
7557,L17556,L,298.1,307.1,1315,45.6,182,0,0,0,0,0,0
7558,L17557,L,298.0,307.1,1415,44.7,184,0,0,0,0,0,0
7559,H17558,H,298.0,307.1,1547,38.6,186,0,0,0,0,0,0
7560,H17559,H,298.0,307.2,1680,28.1,191,0,0,0,0,0,0
7561,H17560,H,298.0,307.1,1518,35.6,196,0,0,0,0,0,0
7562,L17561,L,298.0,307.2,1589,33.8,201,0,0,0,0,0,0
7563,L17562,L,298.1,307.2,1589,37.1,203,0,0,0,0,0,0
7564,L17563,L,298.0,307.1,1423,46.9,205,0,0,0,0,0,0
7565,L17564,L,298.1,307.1,1520,44.0,207,0,0,0,0,0,0
7566,H17565,H,298.1,307.1,1513,48.2,209,0,0,0,0,0,0
7567,L17566,L,298.0,307.2,1642,36.2,214,0,0,0,0,0,0
7568,M17567,M,298.1,307.2,1272,55.1,216,0,0,0,0,0,0
7569,H17568,H,298.1,307.3,1524,46.7,219,0,0,0,0,0,0
7570,H17569,H,298.1,307.3,1430,41.1,224,0,0,0,0,0,0
7571,M17570,M,298.1,307.4,1319,46.0,229,0,0,0,0,0,0
7572,H17571,H,298.1,307.2,1603,33.2,232,0,0,0,0,0,0
7573,L17572,L,298.0,307.2,1942,18.9,237,0,0,0,0,0,0
7574,L17573,L,298.0,307.2,1651,33.9,239,0,0,0,0,0,0
7575,L17574,L,298.0,307.3,1348,47.5,0,0,0,0,0,0,0
7576,H17575,H,298.0,307.4,1484,40.8,2,0,0,0,0,0,0
7577,H17576,H,298.0,307.3,1492,38.6,7,0,0,0,0,0,0
7578,L17577,L,298.0,307.4,1613,31.5,12,0,0,0,0,0,0
7579,L17578,L,298.0,307.3,1957,20.4,14,0,0,0,0,0,0
7580,L17579,L,298.0,307.3,1288,54.2,16,0,0,0,0,0,0
7581,L17580,L,297.9,307.4,1672,37.9,18,0,0,0,0,0,0
7582,H17581,H,297.8,307.3,1561,35.7,20,0,0,0,0,0,0
7583,L17582,L,297.9,307.3,1680,33.3,25,0,0,0,0,0,0
7584,M17583,M,297.9,307.2,1337,52.5,27,0,0,0,0,0,0
7585,M17584,M,297.9,307.2,1437,48.8,30,0,0,0,0,0,0
7586,L17585,L,297.8,307.3,1717,30.3,33,0,0,0,0,0,0
7587,L17586,L,297.9,307.3,1395,51.6,35,0,0,0,0,0,0
7588,H17587,H,297.8,307.2,1594,38.5,37,0,0,0,0,0,0
7589,M17588,M,297.8,307.3,1581,33.9,42,0,0,0,0,0,0
7590,L17589,L,297.8,307.3,1629,37.1,45,0,0,0,0,0,0
7591,L17590,L,297.9,307.3,1665,32.2,47,0,0,0,0,0,0
7592,H17591,H,297.8,307.3,1719,26.8,49,0,0,0,0,0,0
7593,H17592,H,297.9,307.3,1445,47.8,54,0,0,0,0,0,0
7594,H17593,H,297.9,307.4,1627,37.8,59,0,0,0,0,0,0
7595,M17594,M,297.9,307.4,1406,46.2,64,0,0,0,0,0,0
7596,H17595,H,297.9,307.3,1470,42.9,67,0,0,0,0,0,0
7597,L17596,L,297.7,307.2,1367,45.5,72,0,0,0,0,0,0
7598,M17597,M,297.7,307.1,1785,19.5,74,0,0,0,0,0,0
7599,L17598,L,297.7,307.1,1672,31.3,77,0,0,0,0,0,0
7600,M17599,M,297.7,307.2,1485,45.7,79,0,0,0,0,0,0
7601,H17600,H,297.7,307.2,1723,27.3,82,0,0,0,0,0,0
7602,H17601,H,297.7,307.2,1554,43.7,87,0,0,0,0,0,0
7603,M17602,M,297.8,307.4,1763,26.1,92,0,0,0,0,0,0
7604,M17603,M,297.8,307.4,1524,40.2,95,0,0,0,0,0,0
7605,H17604,H,297.8,307.3,1248,56.1,98,0,0,0,0,0,0
7606,H17605,H,297.7,307.3,1461,47.7,103,0,0,0,0,0,0
7607,M17606,M,297.7,307.3,1799,21.5,108,0,0,0,0,0,0
7608,L17607,L,297.7,307.3,1387,48.5,111,0,0,0,0,0,0
7609,L17608,L,297.7,307.4,1198,58.2,113,0,0,0,0,0,0
7610,H17609,H,297.7,307.3,1100,68.0,115,0,0,0,0,0,0
7611,M17610,M,297.5,307.3,1459,44.8,120,0,0,0,0,0,0
7612,M17611,M,297.5,307.2,1764,26.4,123,0,0,0,0,0,0
7613,M17612,M,297.6,307.3,1523,44.3,126,0,0,0,0,0,0
7614,L17613,L,297.6,307.3,1266,56.0,129,0,0,0,0,0,0
7615,L17614,L,297.6,307.2,1601,38.1,131,0,0,0,0,0,0
7616,H17615,H,297.6,307.3,1370,50.4,133,0,0,0,0,0,0
7617,L17616,L,297.5,307.3,1759,31.6,138,0,0,0,0,0,0
7618,M17617,M,297.5,307.3,1458,43.7,140,0,0,0,0,0,0
7619,M17618,M,297.6,307.4,1945,15.1,143,1,0,0,1,0,0
7620,H17619,H,297.5,307.3,1741,30.5,146,0,0,0,0,0,0
7621,L17620,L,297.5,307.2,1521,39.9,151,0,0,0,0,0,0
7622,M17621,M,297.6,307.1,1628,36.4,153,0,0,0,0,0,0
7623,L17622,L,297.6,307.2,1890,27.0,156,0,0,0,0,0,0
7624,L17623,L,297.5,307.1,1568,35.0,158,0,0,0,0,0,0
7625,L17624,L,297.5,307.1,1568,43.3,160,0,0,0,0,0,0
7626,L17625,L,297.5,307.1,1525,39.1,162,0,0,0,0,0,0
7627,H17626,H,297.5,307.2,1602,40.6,164,0,0,0,0,0,0
7628,H17627,H,297.5,307.2,1452,47.3,169,0,0,0,0,0,0
7629,L17628,L,297.5,307.2,1630,36.6,174,0,0,0,0,0,0
7630,H17629,H,297.5,307.2,1298,53.6,176,0,0,0,0,0,0
7631,M17630,M,297.5,307.1,1692,30.1,181,0,0,0,0,0,0
7632,M17631,M,297.5,307.1,1170,59.3,184,0,0,0,0,0,0
7633,H17632,H,297.5,307.1,1349,51.1,187,0,0,0,0,0,0
7634,M17633,M,297.6,307.1,1588,36.4,192,0,0,0,0,0,0
7635,L17634,L,297.5,307.2,1598,37.1,195,0,0,0,0,0,0
7636,L17635,L,297.5,307.3,1424,42.1,197,0,0,0,0,0,0
7637,L17636,L,297.6,307.4,1437,46.0,199,0,0,0,0,0,0
7638,H17637,H,297.7,307.4,1422,50.9,201,0,0,0,0,0,0
7639,M17638,M,297.7,307.3,1819,26.6,206,0,0,0,0,0,0
7640,L17639,L,297.6,307.2,1465,44.4,209,0,0,0,0,0,0
7641,L17640,L,297.6,307.2,2041,18.8,211,0,0,0,0,0,0
7642,H17641,H,297.6,307.2,1536,38.2,213,0,0,0,0,0,0
7643,L17642,L,297.6,307.1,1286,54.5,218,1,0,0,0,1,0
7644,M17643,M,297.6,307.1,1698,25.8,220,0,0,0,0,0,0
7645,M17644,M,297.6,307.0,1787,24.0,223,0,0,0,0,0,0
7646,L17645,L,297.7,307.1,1600,42.2,226,0,0,0,0,0,0
7647,L17646,L,297.7,307.2,1282,53.9,228,1,0,0,0,1,0
7648,L17647,L,297.7,307.2,1397,43.3,230,1,1,0,0,0,0
7649,L17648,L,297.7,307.2,1911,21.0,0,0,0,0,0,0,0
7650,M17649,M,297.7,307.2,1846,23.2,2,0,0,0,0,0,0
7651,H17650,H,297.8,307.3,1568,41.0,5,0,0,0,0,0,0
7652,L17651,L,297.9,307.4,1722,28.2,10,0,0,0,0,0,0
7653,M17652,M,297.8,307.4,1458,41.4,12,0,0,0,0,0,0
7654,L17653,L,297.8,307.4,1494,42.0,15,0,0,0,0,0,0
7655,L17654,L,297.8,307.3,1652,35.1,17,0,0,0,0,0,0
7656,M17655,M,297.7,307.4,1225,58.1,19,0,0,0,0,0,0
7657,M17656,M,297.8,307.4,1459,45.9,22,0,0,0,0,0,0
7658,M17657,M,297.8,307.4,1302,52.1,25,0,0,0,0,0,0
7659,L17658,L,297.8,307.4,1405,49.2,28,0,0,0,0,0,0
7660,M17659,M,297.8,307.4,1563,38.5,30,0,0,0,0,0,0
7661,L17660,L,297.9,307.5,1532,38.1,33,0,0,0,0,0,0
7662,H17661,H,297.8,307.4,1596,37.0,35,0,0,0,0,0,0
7663,M17662,M,297.8,307.3,1401,46.8,40,0,0,0,0,0,0
7664,H17663,H,297.8,307.4,1683,33.5,43,0,0,0,0,0,0
7665,L17664,L,297.9,307.5,1293,57.3,48,0,0,0,0,0,0
7666,L17665,L,297.9,307.4,1693,32.5,50,0,0,0,0,0,0
7667,M17666,M,297.9,307.5,1410,42.1,52,0,0,0,0,0,0
7668,L17667,L,297.8,307.5,1523,37.7,55,0,0,0,0,0,0
7669,M17668,M,297.8,307.6,1579,35.5,57,0,0,0,0,0,0
7670,M17669,M,297.8,307.5,1124,61.7,60,0,0,0,0,0,0
7671,H17670,H,297.7,307.5,1582,35.6,63,0,0,0,0,0,0
7672,L17671,L,297.8,307.5,1642,37.0,68,0,0,0,0,0,0
7673,H17672,H,297.7,307.5,1690,33.4,70,0,0,0,0,0,0
7674,L17673,L,297.8,307.5,1507,40.4,75,0,0,0,0,0,0
7675,L17674,L,297.7,307.3,1588,39.0,77,0,0,0,0,0,0
7676,M17675,M,297.7,307.3,1747,28.8,79,0,0,0,0,0,0
7677,L17676,L,297.7,307.3,1608,35.8,82,0,0,0,0,0,0
7678,H17677,H,297.7,307.1,1499,46.1,84,0,0,0,0,0,0
7679,H17678,H,297.8,307.2,1326,50.3,89,0,0,0,0,0,0
7680,H17679,H,297.8,307.1,1537,40.2,94,0,0,0,0,0,0
7681,H17680,H,297.8,307.1,1469,40.6,99,0,0,0,0,0,0
7682,M17681,M,297.8,307.1,1543,36.4,104,0,0,0,0,0,0
7683,L17682,L,297.9,307.2,1547,35.0,107,0,0,0,0,0,0
7684,H17683,H,297.9,307.3,1639,30.8,109,0,0,0,0,0,0
7685,L17684,L,297.9,307.3,1807,24.4,114,0,0,0,0,0,0
7686,H17685,H,298.0,307.2,1641,33.0,116,0,0,0,0,0,0
7687,L17686,L,298.0,307.3,1369,49.0,121,0,0,0,0,0,0
7688,M17687,M,298.0,307.4,1593,35.8,123,0,0,0,0,0,0
7689,L17688,L,298.1,307.5,1696,36.5,126,0,0,0,0,0,0
7690,L17689,L,298.2,307.5,1537,36.3,128,0,0,0,0,0,0
7691,L17690,L,298.1,307.5,1257,52.4,130,0,0,0,0,0,0
7692,L17691,L,298.2,307.4,1649,30.7,132,0,0,0,0,0,0
7693,L17692,L,298.2,307.5,1487,42.8,134,0,0,0,0,0,0
7694,L17693,L,298.1,307.3,1578,39.3,136,0,0,0,0,0,0
7695,L17694,L,298.1,307.3,1561,40.7,138,0,0,0,0,0,0
7696,M17695,M,298.1,307.3,1549,42.4,140,0,0,0,0,0,0
7697,L17696,L,298.1,307.2,1522,40.6,143,0,0,0,0,0,0
7698,H17697,H,298.2,307.3,1381,47.9,145,0,0,0,0,0,0
7699,L17698,L,298.2,307.2,1634,39.7,150,0,0,0,0,0,0
7700,M17699,M,298.2,307.3,1100,57.4,152,0,0,0,0,0,0
7701,L17700,L,298.1,307.2,1534,40.4,155,0,0,0,0,0,0
7702,M17701,M,298.1,307.2,1852,23.0,157,0,0,0,0,0,0
7703,M17702,M,298.2,307.2,1534,46.4,160,0,0,0,0,0,0
7704,M17703,M,298.2,307.4,1379,43.9,163,0,0,0,0,0,0
7705,L17704,L,298.2,307.5,1509,40.3,166,0,0,0,0,0,0
7706,M17705,M,298.3,307.5,1506,37.4,168,0,0,0,0,0,0
7707,L17706,L,298.2,307.4,1797,18.9,171,0,0,0,0,0,0
7708,L17707,L,298.2,307.4,1858,20.5,173,0,0,0,0,0,0
7709,L17708,L,298.3,307.3,1304,56.5,175,0,0,0,0,0,0
7710,M17709,M,298.3,307.4,1705,34.1,177,0,0,0,0,0,0
7711,L17710,L,298.3,307.3,1344,49.7,180,0,0,0,0,0,0
7712,M17711,M,298.3,307.3,1848,24.0,182,0,0,0,0,0,0
7713,L17712,L,298.3,307.4,1705,29.5,185,0,0,0,0,0,0
7714,L17713,L,298.3,307.4,1454,46.8,187,0,0,0,0,0,0
7715,L17714,L,298.3,307.4,1620,39.0,189,0,0,0,0,0,0
7716,L17715,L,298.3,307.4,1436,45.4,191,0,0,0,0,0,0
7717,M17716,M,298.3,307.4,1601,39.9,193,0,0,0,0,0,0
7718,H17717,H,298.3,307.5,1506,37.9,196,0,0,0,0,0,0
7719,M17718,M,298.3,307.5,1690,33.2,201,0,0,0,0,0,0
7720,L17719,L,298.4,307.6,1799,28.1,204,0,0,0,0,0,0
7721,L17720,L,298.4,307.6,1351,54.0,206,1,0,0,0,1,0
7722,H17721,H,298.4,307.6,1205,55.7,208,0,0,0,0,0,0
7723,L17722,L,298.3,307.5,1703,29.6,213,0,0,0,0,0,0
7724,L17723,L,298.4,307.5,1743,29.0,0,0,0,0,0,0,0
7725,H17724,H,298.4,307.5,1622,36.5,2,0,0,0,0,0,0
7726,L17725,L,298.3,307.4,1487,43.4,7,0,0,0,0,0,0
7727,L17726,L,298.3,307.3,1649,38.2,9,0,0,0,0,0,0
7728,L17727,L,298.3,307.3,1381,45.0,11,0,0,0,0,0,0
7729,M17728,M,298.4,307.4,1533,39.5,13,0,0,0,0,0,0
7730,L17729,L,298.4,307.5,1463,38.9,16,0,0,0,0,0,0
7731,M17730,M,298.5,307.5,1162,64.1,18,0,0,0,0,0,0
7732,L17731,L,298.4,307.5,1658,34.7,21,0,0,0,0,0,0
7733,L17732,L,298.4,307.4,1446,56.4,23,0,0,0,0,0,0
7734,L17733,L,298.4,307.5,1349,54.5,25,0,0,0,0,0,0
7735,H17734,H,298.4,307.4,1471,45.0,27,0,0,0,0,0,0
7736,L17735,L,298.4,307.5,1880,20.7,32,0,0,0,0,0,0
7737,M17736,M,298.4,307.4,1515,40.3,34,0,0,0,0,0,0
7738,L17737,L,298.4,307.4,1633,34.9,37,0,0,0,0,0,0
7739,L17738,L,298.4,307.4,1550,40.2,39,0,0,0,0,0,0
7740,L17739,L,298.4,307.5,1609,29.4,41,0,0,0,0,0,0
7741,M17740,M,298.5,307.6,1420,47.6,43,0,0,0,0,0,0
7742,L17741,L,298.5,307.5,1376,49.8,46,0,0,0,0,0,0
7743,H17742,H,298.4,307.6,1437,51.7,48,0,0,0,0,0,0
7744,H17743,H,298.4,307.6,1596,36.2,53,0,0,0,0,0,0
7745,M17744,M,298.4,307.5,1675,29.4,58,0,0,0,0,0,0
7746,M17745,M,298.4,307.4,1493,43.5,61,0,0,0,0,0,0
7747,M17746,M,298.4,307.4,1244,57.6,64,0,0,0,0,0,0
7748,M17747,M,298.5,307.5,1519,40.7,67,0,0,0,0,0,0
7749,L17748,L,298.5,307.5,1390,44.5,70,0,0,0,0,0,0
7750,H17749,H,298.4,307.4,1569,37.7,72,0,0,0,0,0,0
7751,H17750,H,298.4,307.2,1591,35.0,77,0,0,0,0,0,0
7752,L17751,L,298.3,307.1,1414,46.6,82,0,0,0,0,0,0
7753,H17752,H,298.3,307.0,1597,38.9,84,0,0,0,0,0,0
7754,H17753,H,298.4,307.1,1432,44.0,89,0,0,0,0,0,0
7755,L17754,L,298.4,307.1,1439,45.1,94,0,0,0,0,0,0
7756,H17755,H,298.4,307.1,1509,43.5,96,0,0,0,0,0,0
7757,L17756,L,298.4,307.0,1428,45.6,101,0,0,0,0,0,0
7758,L17757,L,298.4,307.0,1829,31.5,103,0,0,0,0,0,0
7759,L17758,L,298.4,307.0,1707,30.9,105,0,0,0,0,0,0
7760,M17759,M,298.4,307.0,1476,39.6,107,0,0,0,0,0,0
7761,L17760,L,298.4,307.0,1494,39.8,110,0,0,0,0,0,0
7762,H17761,H,298.4,307.1,1574,34.8,112,0,0,0,0,0,0
7763,L17762,L,298.4,307.1,1451,42.4,117,0,0,0,0,0,0
7764,L17763,L,298.3,307.0,1414,49.1,119,0,0,0,0,0,0
7765,M17764,M,298.5,307.2,1274,51.9,121,0,0,0,0,0,0
7766,L17765,L,298.5,307.2,1279,54.1,124,0,0,0,0,0,0
7767,M17766,M,298.5,307.3,1825,26.9,126,0,0,0,0,0,0
7768,L17767,L,298.5,307.3,1707,28.4,129,0,0,0,0,0,0
7769,H17768,H,298.4,307.3,1625,37.1,131,0,0,0,0,0,0
7770,M17769,M,298.5,307.3,1430,40.8,136,0,0,0,0,0,0
7771,L17770,L,298.5,307.2,1558,37.6,139,0,0,0,0,0,0
7772,L17771,L,298.4,307.3,1582,34.5,141,0,0,0,0,0,0
7773,L17772,L,298.5,307.2,1607,37.0,143,0,0,0,0,0,0
7774,H17773,H,298.5,307.3,1398,44.8,145,0,0,0,0,0,0
7775,M17774,M,298.4,307.3,1880,26.7,150,0,0,0,0,0,0
7776,L17775,L,298.5,307.3,1100,63.4,153,0,0,0,0,0,0
7777,L17776,L,298.6,307.4,1598,40.2,155,0,0,0,0,0,0
7778,H17777,H,298.6,307.5,1408,50.5,157,0,0,0,0,0,0
7779,L17778,L,298.5,307.3,1654,34.2,162,0,0,0,0,0,0
7780,M17779,M,298.6,307.3,1443,45.7,164,0,0,0,0,0,0
7781,M17780,M,298.5,307.3,1625,41.0,167,0,0,0,0,0,0
7782,L17781,L,298.5,307.3,1530,48.6,170,0,0,0,0,0,0
7783,M17782,M,298.5,307.4,1560,38.0,172,0,0,0,0,0,0
7784,L17783,L,298.5,307.5,1283,55.5,175,0,0,0,0,0,0
7785,L17784,L,298.5,307.6,1761,25.1,177,0,0,0,0,0,0
7786,H17785,H,298.5,307.7,1311,49.5,179,0,0,0,0,0,0
7787,M17786,M,298.6,307.7,1544,41.2,184,0,0,0,0,0,0
7788,H17787,H,298.6,307.7,1725,29.8,187,0,0,0,0,0,0
7789,M17788,M,298.6,307.7,1116,59.5,192,0,0,0,0,0,0
7790,L17789,L,298.6,307.7,1249,58.5,195,1,0,0,0,1,0
7791,M17790,M,298.5,307.6,1906,19.3,197,0,0,0,0,0,0
7792,M17791,M,298.4,307.5,1474,41.8,200,0,0,0,0,0,0
7793,L17792,L,298.5,307.7,1381,47.1,203,0,0,0,0,0,0
7794,L17793,L,298.5,307.7,1487,44.4,205,0,0,0,0,0,0
7795,M17794,M,298.5,307.7,1370,55.2,207,0,0,0,0,0,0
7796,M17795,M,298.5,307.7,1338,53.1,210,1,1,0,0,0,0
7797,L17796,L,298.5,307.7,1537,42.7,0,0,0,0,0,0,0
7798,H17797,H,298.5,307.8,1104,62.8,2,0,0,0,0,0,0
7799,L17798,L,298.5,307.8,1356,49.4,7,0,0,0,0,0,0
7800,L17799,L,298.4,307.7,1632,36.5,9,0,0,0,0,0,0
7801,L17800,L,298.5,307.7,1556,34.5,11,0,0,0,0,0,0
7802,H17801,H,298.4,307.7,1338,52.4,13,0,0,0,0,0,0
7803,L17802,L,298.4,307.7,1700,32.1,18,0,0,0,0,0,0
7804,L17803,L,298.4,307.7,1606,35.9,20,0,0,0,0,0,0
7805,L17804,L,298.4,307.8,1597,37.6,22,0,0,0,0,0,0
7806,M17805,M,298.5,307.9,1481,43.6,24,0,0,0,0,0,0
7807,M17806,M,298.5,308.0,1536,38.1,27,0,0,0,0,0,0
7808,L17807,L,298.4,308.0,1696,26.8,30,0,0,0,0,0,0
7809,H17808,H,298.4,308.1,1335,51.6,32,0,0,0,0,0,0
7810,L17809,L,298.4,308.0,1680,36.0,37,0,0,0,0,0,0
7811,L17810,L,298.3,308.0,1252,60.2,39,0,0,0,0,0,0
7812,M17811,M,298.3,308.0,1467,43.0,41,0,0,0,0,0,0
7813,M17812,M,298.2,308.0,1302,52.7,44,0,0,0,0,0,0
7814,L17813,L,298.3,308.1,1406,46.3,47,0,0,0,0,0,0
7815,M17814,M,298.2,308.1,1290,53.2,49,0,0,0,0,0,0
7816,L17815,L,298.1,308.0,1457,45.7,52,0,0,0,0,0,0
7817,M17816,M,298.1,308.0,1557,42.4,54,0,0,0,0,0,0
7818,M17817,M,298.1,307.9,1479,50.9,57,0,0,0,0,0,0
7819,H17818,H,298.1,308.0,1100,64.9,60,0,0,0,0,0,0
7820,L17819,L,298.1,307.9,1620,37.3,65,0,0,0,0,0,0
7821,M17820,M,298.1,307.9,1433,47.9,67,0,0,0,0,0,0
7822,M17821,M,298.0,307.9,1520,39.9,70,0,0,0,0,0,0
7823,L17822,L,298.0,307.8,1395,45.1,73,0,0,0,0,0,0
7824,L17823,L,297.9,307.7,1546,40.4,75,0,0,0,0,0,0
7825,H17824,H,298.0,307.9,2023,18.4,77,0,0,0,0,0,0
7826,L17825,L,298.1,307.7,1587,38.0,82,0,0,0,0,0,0
7827,M17826,M,298.1,307.8,1324,50.0,84,0,0,0,0,0,0
7828,L17827,L,298.1,307.9,1659,32.3,87,0,0,0,0,0,0
7829,H17828,H,298.1,307.8,1318,49.2,89,0,0,0,0,0,0
7830,L17829,L,298.2,307.8,1508,41.8,94,0,0,0,0,0,0
7831,H17830,H,298.1,307.9,1609,38.1,96,0,0,0,0,0,0
7832,M17831,M,298.1,308.0,1345,49.1,101,0,0,0,0,0,0
7833,L17832,L,298.2,308.1,1240,46.8,104,0,0,0,0,0,0
7834,M17833,M,298.2,308.1,1482,44.2,106,0,0,0,0,0,0
7835,M17834,M,298.1,308.2,1337,50.2,109,0,0,0,0,0,0
7836,L17835,L,298.2,308.3,1462,42.0,112,0,0,0,0,0,0
7837,L17836,L,298.1,308.3,1775,23.6,114,0,0,0,0,0,0
7838,M17837,M,298.2,308.5,1625,36.2,116,0,0,0,0,0,0
7839,M17838,M,298.1,308.4,1822,22.0,119,0,0,0,0,0,0
7840,L17839,L,298.1,308.4,1478,46.6,122,0,0,0,0,0,0
7841,H17840,H,298.1,308.4,1439,49.0,124,0,0,0,0,0,0
7842,L17841,L,298.1,308.3,1363,49.4,129,0,0,0,0,0,0
7843,L17842,L,298.0,308.2,1426,44.9,131,0,0,0,0,0,0
7844,M17843,M,298.0,308.2,1381,49.7,133,0,0,0,0,0,0
7845,L17844,L,298.1,308.2,1798,24.2,136,0,0,0,0,0,0
7846,L17845,L,298.1,308.1,1458,38.9,138,0,0,0,0,0,0
7847,M17846,M,298.1,308.0,1886,25.9,140,0,0,0,0,0,0
7848,L17847,L,298.0,307.9,1639,36.4,143,0,0,0,0,0,0
7849,L17848,L,298.1,308.0,1237,56.2,145,0,0,0,0,0,0
7850,M17849,M,298.2,308.2,1245,50.9,147,0,0,0,0,0,0
7851,M17850,M,298.2,308.1,1415,46.6,150,0,0,0,0,0,0
7852,H17851,H,298.1,308.2,1536,38.2,153,0,0,0,0,0,0
7853,M17852,M,298.2,308.2,1704,30.1,158,0,0,0,0,0,0
7854,L17853,L,298.2,308.4,1385,41.9,161,0,0,0,0,0,0
7855,L17854,L,298.2,308.3,1323,51.1,163,0,0,0,0,0,0
7856,M17855,M,298.2,308.2,1445,44.1,165,0,0,0,0,0,0
7857,L17856,L,298.1,308.1,1797,24.1,168,0,0,0,0,0,0
7858,L17857,L,298.1,308.1,1507,41.0,170,0,0,0,0,0,0
7859,H17858,H,298.1,308.1,1866,20.9,172,0,0,0,0,0,0
7860,M17859,M,298.1,308.1,1486,48.0,177,0,0,0,0,0,0
7861,M17860,M,298.1,308.1,1627,33.1,180,0,0,0,0,0,0
7862,L17861,L,298.1,308.1,1695,27.8,183,0,0,0,0,0,0
7863,L17862,L,298.0,308.0,1302,48.2,185,0,0,0,0,0,0
7864,L17863,L,297.9,307.7,1414,45.6,187,0,0,0,0,0,0
7865,M17864,M,297.8,307.6,1420,42.3,189,0,0,0,0,0,0
7866,L17865,L,297.9,307.6,1219,61.9,192,1,0,0,0,1,0
7867,L17866,L,297.8,307.6,1425,46.3,194,0,0,0,0,0,0
7868,L17867,L,297.9,307.6,1700,33.6,196,0,0,0,0,0,0
7869,M17868,M,297.8,307.6,1532,45.2,198,0,0,0,0,0,0
7870,M17869,M,297.8,307.6,1538,37.1,201,0,0,0,0,0,0
7871,L17870,L,297.8,307.6,1303,52.7,204,0,0,0,0,0,0
7872,L17871,L,297.9,307.7,1565,42.8,206,0,0,0,0,0,0
7873,L17872,L,297.9,307.8,1484,43.8,208,0,0,0,0,0,0
7874,L17873,L,297.9,307.8,1812,25.6,210,0,0,0,0,0,0
7875,M17874,M,297.9,307.8,1585,40.6,212,0,0,0,0,0,0
7876,L17875,L,297.8,307.7,1598,39.4,215,0,0,0,0,0,0
7877,M17876,M,297.9,307.7,1735,29.8,217,0,0,0,0,0,0
7878,M17877,M,297.8,307.6,1654,37.8,220,0,0,0,0,0,0
7879,H17878,H,297.9,307.6,1460,44.4,223,0,0,0,0,0,0
7880,H17879,H,297.8,307.6,1568,40.0,228,0,0,0,0,0,0
7881,L17880,L,297.9,307.6,1768,25.9,233,0,0,0,0,0,0
7882,L17881,L,298.0,307.7,1642,37.3,235,0,0,0,0,0,0
7883,L17882,L,298.1,307.8,1578,35.3,237,1,1,0,0,0,0
7884,M17883,M,298.1,307.9,1411,41.9,0,0,0,0,0,0,0
7885,L17884,L,298.2,308.1,1560,40.9,3,0,0,0,0,0,0
7886,L17885,L,298.2,308.1,1551,35.9,5,0,0,0,0,0,0
7887,L17886,L,298.3,308.1,1552,35.5,7,0,0,0,0,0,0
7888,L17887,L,298.3,308.1,1597,40.7,9,0,0,0,0,0,0
7889,M17888,M,298.2,308.0,1428,49.6,11,0,0,0,0,0,0
7890,M17889,M,298.4,308.1,1471,42.8,14,0,0,0,0,0,0
7891,M17890,M,298.4,308.1,1126,54.2,17,0,0,0,0,0,0
7892,H17891,H,298.4,308.3,1375,51.3,20,0,0,0,0,0,0
7893,L17892,L,298.4,308.3,1321,55.0,25,0,0,0,0,0,0
7894,L17893,L,298.4,308.3,1334,53.7,27,0,0,0,0,0,0
7895,L17894,L,298.4,308.3,1299,55.6,29,0,0,0,0,0,0
7896,M17895,M,298.5,308.3,1724,28.5,31,0,0,0,0,0,0
7897,M17896,M,298.3,308.3,1405,46.5,34,0,0,0,0,0,0
7898,L17897,L,298.3,308.2,1269,52.2,37,0,0,0,0,0,0
7899,H17898,H,298.2,308.1,1261,54.0,39,0,0,0,0,0,0
7900,L17899,L,298.2,308.1,1687,32.3,44,0,0,0,0,0,0
7901,L17900,L,298.2,308.0,1445,46.6,46,0,0,0,0,0,0
7902,M17901,M,298.2,307.9,1569,40.8,48,0,0,0,0,0,0
7903,H17902,H,298.1,307.7,1145,58.5,51,0,0,0,0,0,0
7904,M17903,M,298.1,307.7,1681,26.1,56,0,0,0,0,0,0
7905,H17904,H,298.2,307.8,1648,32.3,59,0,0,0,0,0,0
7906,L17905,L,298.1,307.8,1789,21.9,64,0,0,0,0,0,0
7907,M17906,M,298.1,307.6,1524,41.4,66,0,0,0,0,0,0
7908,H17907,H,298.1,307.7,1100,62.6,69,0,0,0,0,0,0
7909,M17908,M,298.1,307.8,1612,39.6,74,0,0,0,0,0,0
7910,L17909,L,298.1,307.8,1475,41.0,77,0,0,0,0,0,0
7911,H17910,H,298.1,307.9,1533,45.5,79,0,0,0,0,0,0
7912,L17911,L,298.1,308.0,1587,38.8,84,0,0,0,0,0,0
7913,L17912,L,298.0,307.9,1417,43.7,86,0,0,0,0,0,0
7914,H17913,H,297.9,307.7,1588,43.9,88,0,0,0,0,0,0
7915,H17914,H,298.0,307.8,1697,31.5,93,0,0,0,0,0,0
7916,H17915,H,298.0,307.8,1563,39.1,98,0,0,0,0,0,0
7917,H17916,H,298.0,307.7,1408,47.4,103,0,0,0,0,0,0
7918,L17917,L,298.0,307.8,1406,49.3,108,0,0,0,0,0,0
7919,H17918,H,298.0,307.7,1347,53.0,110,0,0,0,0,0,0
7920,L17919,L,298.0,307.7,1433,43.4,115,0,0,0,0,0,0
7921,M17920,M,298.1,307.7,1466,43.6,117,0,0,0,0,0,0
7922,L17921,L,298.1,307.9,1417,47.5,120,0,0,0,0,0,0
7923,H17922,H,298.2,307.9,1672,34.1,122,0,0,0,0,0,0
7924,M17923,M,298.1,307.8,1680,33.6,127,0,0,0,0,0,0
7925,H17924,H,298.1,307.8,1568,38.8,130,0,0,0,0,0,0
7926,L17925,L,298.1,307.7,1724,27.2,135,0,0,0,0,0,0
7927,L17926,L,298.1,307.7,1435,44.1,137,0,0,0,0,0,0
7928,L17927,L,298.1,307.7,1293,50.5,139,0,0,0,0,0,0
7929,L17928,L,298.1,307.6,1692,32.9,141,0,0,0,0,0,0
7930,M17929,M,298.1,307.7,1430,44.4,143,0,0,0,0,0,0
7931,L17930,L,298.2,307.8,1634,33.7,146,0,0,0,0,0,0
7932,M17931,M,298.2,307.8,1724,29.8,148,0,0,0,0,0,0
7933,L17932,L,298.1,307.7,1189,60.6,151,0,0,0,0,0,0
7934,L17933,L,298.1,307.8,1708,30.0,153,0,0,0,0,0,0
7935,M17934,M,298.1,307.8,1705,27.2,155,0,0,0,0,0,0
7936,L17935,L,298.2,307.9,1517,42.1,158,0,0,0,0,0,0
7937,L17936,L,298.2,307.9,1475,42.7,160,0,0,0,0,0,0
7938,L17937,L,298.2,307.9,1420,46.7,162,0,0,0,0,0,0
7939,L17938,L,298.2,307.9,1262,60.0,164,0,0,0,0,0,0
7940,M17939,M,298.2,307.9,1698,32.2,166,0,0,0,0,0,0
7941,L17940,L,298.2,307.8,1604,34.2,169,0,0,0,0,0,0
7942,L17941,L,298.2,307.9,1256,56.1,171,0,0,0,0,0,0
7943,M17942,M,298.2,307.9,1468,49.4,173,0,0,0,0,0,0
7944,M17943,M,298.2,307.9,1385,48.0,176,0,0,0,0,0,0
7945,M17944,M,298.2,307.9,1641,34.1,179,0,0,0,0,0,0
7946,L17945,L,298.2,307.8,1384,51.3,182,0,0,0,0,0,0
7947,H17946,H,298.2,307.7,1413,48.0,184,0,0,0,0,0,0
7948,L17947,L,298.2,307.8,1485,41.9,189,0,0,0,0,0,0
7949,L17948,L,298.2,307.7,1596,34.2,191,0,0,0,0,0,0
7950,H17949,H,298.2,307.8,1519,41.1,193,0,0,0,0,0,0
7951,M17950,M,298.2,307.7,1294,56.5,198,0,0,0,0,0,0
7952,M17951,M,298.3,307.7,1798,29.1,201,0,0,0,0,0,0
7953,H17952,H,298.4,308.0,1592,32.0,204,0,0,0,0,0,0
7954,L17953,L,298.3,308.0,1743,33.7,209,0,0,0,0,0,0
7955,H17954,H,298.3,308.1,1592,35.9,211,0,0,0,0,0,0
7956,M17955,M,298.3,308.0,1592,39.8,216,0,0,0,0,0,0
7957,L17956,L,298.3,307.9,1334,49.6,219,0,0,0,0,0,0
7958,L17957,L,298.2,307.7,1370,44.6,221,0,0,0,0,0,0
7959,L17958,L,298.2,307.9,1454,40.6,223,0,0,0,0,0,0
7960,H17959,H,298.2,307.9,1472,42.8,225,0,0,0,0,0,0
7961,L17960,L,298.2,307.7,1461,46.2,230,0,0,0,0,0,0
7962,L17961,L,298.2,307.7,1826,23.2,0,0,0,0,0,0,0
7963,M17962,M,298.2,307.7,1342,50.7,2,0,0,0,0,0,0
7964,M17963,M,298.1,307.6,1741,31.7,5,0,0,0,0,0,0
7965,L17964,L,298.0,307.6,1614,35.6,8,0,0,0,0,0,0
7966,H17965,H,297.9,307.5,1496,43.4,10,0,0,0,0,0,0
7967,M17966,M,298.0,307.6,1725,39.2,15,0,0,0,0,0,0
7968,H17967,H,297.9,307.6,1455,44.9,18,0,0,0,0,0,0
7969,L17968,L,297.9,307.5,1475,41.4,23,0,0,0,0,0,0
7970,L17969,L,297.9,307.5,1614,37.1,25,0,0,0,0,0,0
7971,M17970,M,298.0,307.5,1319,55.3,27,0,0,0,0,0,0
7972,L17971,L,298.0,307.6,1434,47.1,30,0,0,0,0,0,0
7973,M17972,M,298.1,307.7,1495,43.0,32,0,0,0,0,0,0
7974,L17973,L,298.1,307.7,1503,46.9,35,0,0,0,0,0,0
7975,M17974,M,298.1,307.6,1734,32.9,37,0,0,0,0,0,0
7976,H17975,H,298.0,307.8,1162,61.7,40,0,0,0,0,0,0
7977,H17976,H,298.0,307.7,1687,29.1,45,0,0,0,0,0,0
7978,H17977,H,298.0,307.7,1543,41.1,50,0,0,0,0,0,0
7979,H17978,H,297.9,307.6,1550,37.1,55,0,0,0,0,0,0
7980,L17979,L,297.8,307.6,1643,36.8,60,0,0,0,0,0,0
7981,L17980,L,297.8,307.4,1639,35.5,62,0,0,0,0,0,0
7982,H17981,H,297.8,307.4,1818,32.3,64,0,0,0,0,0,0
7983,H17982,H,297.7,307.5,1418,51.9,69,0,0,0,0,0,0
7984,H17983,H,297.7,307.4,1683,28.0,74,0,0,0,0,0,0
7985,M17984,M,297.7,307.5,1342,49.8,79,0,0,0,0,0,0
7986,L17985,L,297.8,307.5,1321,46.5,82,0,0,0,0,0,0
7987,H17986,H,297.7,307.6,1483,36.2,84,0,0,0,0,0,0
7988,H17987,H,297.7,307.6,1454,45.3,89,0,0,0,0,0,0
7989,M17988,M,297.7,307.5,1498,38.4,94,0,0,0,0,0,0
7990,H17989,H,297.6,307.6,1817,29.0,97,0,0,0,0,0,0
7991,M17990,M,297.7,307.7,1788,29.1,102,0,0,0,0,0,0
7992,H17991,H,297.6,307.6,1411,46.6,105,0,0,0,0,0,0
7993,L17992,L,297.6,307.4,1417,46.0,110,0,0,0,0,0,0
7994,H17993,H,297.5,307.4,1580,42.4,112,0,0,0,0,0,0
7995,L17994,L,297.6,307.3,1700,36.1,117,0,0,0,0,0,0
7996,L17995,L,297.6,307.3,1518,38.1,119,0,0,0,0,0,0
7997,L17996,L,297.6,307.4,1534,36.7,121,0,0,0,0,0,0
7998,L17997,L,297.7,307.4,1818,22.5,123,0,0,0,0,0,0
7999,L17998,L,297.6,307.3,1552,40.6,125,0,0,0,0,0,0
8000,H17999,H,297.6,307.1,1420,45.2,127,0,0,0,0,0,0
8001,M18000,M,297.6,307.1,1552,40.7,132,0,0,0,0,0,0
8002,H18001,H,297.5,307.0,1346,57.7,135,0,0,0,0,0,0
8003,L18002,L,297.5,307.0,1630,30.0,140,0,0,0,0,0,0
8004,L18003,L,297.5,307.1,1626,33.4,142,0,0,0,0,0,0
8005,M18004,M,297.5,307.0,1438,41.3,144,0,0,0,0,0,0
8006,M18005,M,297.6,307.1,1450,42.4,147,0,0,0,0,0,0
8007,M18006,M,297.6,307.0,1845,21.0,150,0,0,0,0,0,0
8008,H18007,H,297.6,307.1,1395,46.0,153,0,0,0,0,0,0
8009,H18008,H,297.6,307.1,1525,42.5,158,0,0,0,0,0,0
8010,M18009,M,297.5,307.0,1907,18.8,163,0,0,0,0,0,0
8011,H18010,H,297.5,307.0,1575,38.8,166,0,0,0,0,0,0
8012,M18011,M,297.6,307.1,1658,31.9,171,0,0,0,0,0,0
8013,M18012,M,297.6,307.2,1603,35.5,174,0,0,0,0,0,0
8014,L18013,L,297.7,307.3,1746,26.6,177,0,0,0,0,0,0
8015,L18014,L,297.7,307.3,1453,44.2,179,0,0,0,0,0,0
8016,L18015,L,297.7,307.4,1262,57.6,181,0,0,0,0,0,0
8017,M18016,M,297.7,307.2,1385,42.7,183,0,0,0,0,0,0
8018,M18017,M,297.8,307.3,1921,18.4,186,0,0,0,0,0,0
8019,L18018,L,297.8,307.4,1441,42.9,189,0,0,0,0,0,0
8020,M18019,M,297.8,307.5,1552,38.1,191,0,0,0,0,0,0
8021,L18020,L,297.8,307.5,1638,29.0,194,0,0,0,0,0,0
8022,L18021,L,297.9,307.5,1458,43.5,196,0,0,0,0,0,0
8023,H18022,H,298.0,307.6,1404,48.8,198,1,1,0,0,0,0
8024,L18023,L,297.9,307.5,1677,33.3,0,0,0,0,0,0,0
8025,L18024,L,297.9,307.6,1751,23.6,2,0,0,0,0,0,0
8026,L18025,L,297.9,307.7,1903,19.9,4,0,0,0,0,0,0
8027,L18026,L,297.9,307.6,1715,33.3,6,0,0,0,0,0,0
8028,M18027,M,298.0,307.7,1537,38.4,8,0,0,0,0,0,0
8029,H18028,H,297.9,307.8,1626,34.8,11,0,0,0,0,0,0
8030,M18029,M,297.9,307.8,1539,33.2,16,0,0,0,0,0,0
8031,M18030,M,297.9,307.9,1391,45.7,19,0,0,0,0,0,0
8032,L18031,L,297.9,307.8,1474,44.6,22,0,0,0,0,0,0
8033,M18032,M,297.9,307.9,1557,42.0,24,0,0,0,0,0,0
8034,L18033,L,298.0,308.0,1366,48.2,27,0,0,0,0,0,0
8035,L18034,L,297.9,307.9,1799,33.4,29,0,0,0,0,0,0
8036,H18035,H,297.9,307.9,1742,29.1,31,0,0,0,0,0,0
8037,L18036,L,297.8,307.8,1556,34.8,36,0,0,0,0,0,0
8038,L18037,L,297.8,307.9,1710,34.1,38,0,0,0,0,0,0
8039,L18038,L,297.9,307.9,1817,19.5,40,0,0,0,0,0,0
8040,H18039,H,297.8,307.9,1649,34.5,42,0,0,0,0,0,0
8041,L18040,L,297.8,307.8,1298,51.0,47,0,0,0,0,0,0
8042,L18041,L,297.8,307.7,1326,48.0,49,0,0,0,0,0,0
8043,H18042,H,297.7,307.8,1502,45.3,51,0,0,0,0,0,0
8044,L18043,L,297.6,307.8,1501,41.3,56,0,0,0,0,0,0
8045,H18044,H,297.6,307.8,1388,54.5,58,0,0,0,0,0,0
8046,L18045,L,297.6,307.8,1661,29.4,63,0,0,0,0,0,0
8047,M18046,M,297.6,307.7,1615,30.4,65,0,0,0,0,0,0
8048,H18047,H,297.6,307.8,1320,51.2,68,0,0,0,0,0,0
8049,M18048,M,297.6,307.7,1695,40.3,73,0,0,0,0,0,0
8050,M18049,M,297.5,307.6,1699,33.3,76,0,0,0,0,0,0
8051,L18050,L,297.5,307.6,1475,45.5,79,0,0,0,0,0,0
8052,M18051,M,297.5,307.7,1645,35.6,81,0,0,0,0,0,0
8053,H18052,H,297.4,307.5,1653,31.6,84,0,0,0,0,0,0
8054,M18053,M,297.4,307.6,1838,31.3,89,0,0,0,0,0,0
8055,H18054,H,297.4,307.7,1509,43.2,92,0,0,0,0,0,0
8056,M18055,M,297.5,307.7,1523,42.1,97,0,0,0,0,0,0
8057,M18056,M,297.5,307.8,1335,55.2,100,0,0,0,0,0,0
8058,L18057,L,297.5,307.8,1516,37.1,103,0,0,0,0,0,0
8059,M18058,M,297.5,307.7,1541,36.9,105,0,0,0,0,0,0
8060,H18059,H,297.6,307.9,1279,54.4,108,0,0,0,0,0,0
8061,M18060,M,297.5,307.8,1426,49.9,113,0,0,0,0,0,0
8062,L18061,L,297.6,308.0,1441,41.4,116,0,0,0,0,0,0
8063,M18062,M,297.5,308.0,1800,24.4,118,0,0,0,0,0,0
8064,M18063,M,297.4,307.8,1664,31.9,121,0,0,0,0,0,0
8065,H18064,H,297.4,307.9,1629,29.5,124,0,0,0,0,0,0
8066,L18065,L,297.5,307.9,1503,40.4,129,0,0,0,0,0,0
8067,L18066,L,297.5,308.0,1655,34.9,131,0,0,0,0,0,0
8068,L18067,L,297.5,307.8,1183,56.0,133,0,0,0,0,0,0
8069,L18068,L,297.5,307.9,1884,24.3,135,0,0,0,0,0,0
8070,H18069,H,297.5,307.9,1762,28.4,137,0,0,0,0,0,0
8071,L18070,L,297.5,307.9,1516,42.4,142,0,0,0,0,0,0
8072,M18071,M,297.5,307.8,1450,45.2,144,0,0,0,0,0,0
8073,L18072,L,297.5,307.8,1917,14.1,147,1,0,0,1,0,0
8074,L18073,L,297.5,307.9,1797,22.6,149,0,0,0,0,0,0
8075,H18074,H,297.5,307.8,1603,37.4,151,0,0,0,0,0,0
8076,L18075,L,297.5,307.7,1271,53.6,156,0,0,0,0,0,0
8077,L18076,L,297.5,307.7,1228,58.9,158,0,0,0,0,0,0
8078,L18077,L,297.5,307.7,1558,35.9,160,0,0,0,0,0,0
8079,H18078,H,297.5,307.7,1592,38.3,162,0,0,0,0,0,0
8080,H18079,H,297.5,307.7,1710,31.6,167,0,0,0,0,0,0
8081,L18080,L,297.5,307.6,1339,46.3,172,0,0,0,0,0,0
8082,M18081,M,297.5,307.5,1282,55.3,174,0,0,0,0,0,0
8083,L18082,L,297.5,307.6,1239,52.6,177,0,0,0,0,0,0
8084,M18083,M,297.5,307.6,1439,39.7,179,0,0,0,0,0,0
8085,L18084,L,297.5,307.7,1647,31.6,182,0,0,0,0,0,0
8086,H18085,H,297.5,307.7,1693,40.1,184,0,0,0,0,0,0
8087,H18086,H,297.5,307.7,1347,53.8,189,0,0,0,0,0,0
8088,L18087,L,297.4,307.7,1684,36.0,194,0,0,0,0,0,0
8089,L18088,L,297.4,307.7,1881,21.8,196,0,0,0,0,0,0
8090,L18089,L,297.4,307.7,1611,36.4,198,0,0,0,0,0,0
8091,L18090,L,297.4,307.8,1635,37.2,200,0,0,0,0,0,0
8092,L18091,L,297.5,307.8,1812,21.8,202,0,0,0,0,0,0
8093,L18092,L,297.5,307.8,1525,42.3,204,0,0,0,0,0,0
8094,H18093,H,297.4,307.9,1518,45.1,206,0,0,0,0,0,0
8095,L18094,L,297.5,307.8,1261,58.6,211,1,0,0,0,1,0
8096,H18095,H,297.4,307.8,1834,26.7,213,0,0,0,0,0,0
8097,L18096,L,297.4,307.9,1424,47.3,218,0,0,0,0,0,0
8098,M18097,M,297.5,308.0,1468,49.7,220,0,0,0,0,0,0
8099,L18098,L,297.5,307.9,1438,45.2,223,0,0,0,0,0,0
8100,H18099,H,297.5,307.9,1828,29.9,225,0,0,0,0,0,0
8101,L18100,L,297.4,307.9,1751,29.4,230,0,0,0,0,0,0
8102,L18101,L,297.5,307.9,1500,41.0,232,0,0,0,0,0,0
8103,M18102,M,297.5,307.9,1457,40.9,234,0,0,0,0,0,0
8104,M18103,M,297.4,307.9,1588,34.4,237,1,1,0,0,0,0
8105,M18104,M,297.4,307.9,1265,52.9,0,0,0,0,0,0,0
8106,L18105,L,297.4,307.9,1601,36.0,3,0,0,0,0,0,0
8107,L18106,L,297.4,308.1,1789,21.1,5,0,0,0,0,0,0
8108,H18107,H,297.4,308.0,1648,37.8,7,0,0,0,0,0,0
8109,M18108,M,297.4,308.1,1463,44.8,12,0,0,0,0,0,0
8110,M18109,M,297.4,308.0,1484,43.4,15,0,0,0,0,0,0
8111,L18110,L,297.5,308.1,1416,43.3,18,0,0,0,0,0,0
8112,L18111,L,297.5,308.1,1241,54.9,20,0,0,0,0,0,0
8113,H18112,H,297.5,308.1,1603,28.9,22,0,0,0,0,0,0
8114,M18113,M,297.5,308.1,1700,35.8,27,0,0,0,0,0,0
8115,L18114,L,297.5,308.0,1196,55.5,30,0,0,0,0,0,0
8116,H18115,H,297.6,308.1,1798,20.3,32,0,0,0,0,0,0
8117,M18116,M,297.6,308.0,1626,39.5,37,0,0,0,0,0,0
8118,L18117,L,297.5,307.9,1351,52.3,40,0,0,0,0,0,0
8119,L18118,L,297.6,307.9,1338,52.1,42,0,0,0,0,0,0
8120,M18119,M,297.6,307.9,1445,46.6,44,0,0,0,0,0,0
8121,L18120,L,297.5,307.8,1475,46.9,47,0,0,0,0,0,0
8122,M18121,M,297.5,307.7,1721,29.6,49,0,0,0,0,0,0
8123,M18122,M,297.5,307.8,1218,53.7,52,0,0,0,0,0,0
8124,L18123,L,297.5,307.7,1783,28.0,55,0,0,0,0,0,0
8125,H18124,H,297.5,307.7,1756,28.6,57,0,0,0,0,0,0
8126,L18125,L,297.4,307.6,1538,43.9,62,0,0,0,0,0,0
8127,L18126,L,297.3,307.5,1552,35.1,64,0,0,0,0,0,0
8128,M18127,M,297.4,307.5,1462,42.1,66,0,0,0,0,0,0
8129,M18128,M,297.4,307.6,1487,44.3,69,0,0,0,0,0,0
8130,L18129,L,297.4,307.5,1183,57.8,72,0,0,0,0,0,0
8131,M18130,M,297.4,307.5,1333,44.3,74,0,0,0,0,0,0
8132,H18131,H,297.6,307.7,1654,33.8,77,0,0,0,0,0,0
8133,H18132,H,297.6,307.7,1473,46.8,82,0,0,0,0,0,0
8134,H18133,H,297.6,307.6,1672,31.7,87,0,0,0,0,0,0
8135,L18134,L,297.6,307.5,1413,49.1,92,0,0,0,0,0,0
8136,L18135,L,297.6,307.5,1550,40.6,94,0,0,0,0,0,0
8137,M18136,M,297.6,307.5,1470,44.0,96,0,0,0,0,0,0
8138,L18137,L,297.7,307.6,1848,22.2,99,0,0,0,0,0,0
8139,M18138,M,297.6,307.5,1996,17.5,101,0,0,0,0,0,0
8140,L18139,L,297.6,307.6,1739,25.0,104,0,0,0,0,0,0
8141,L18140,L,297.5,307.5,1284,57.5,106,0,0,0,0,0,0
8142,L18141,L,297.5,307.6,1667,28.5,108,0,0,0,0,0,0
8143,L18142,L,297.5,307.7,1369,47.3,110,0,0,0,0,0,0
8144,L18143,L,297.5,307.7,1714,33.6,112,0,0,0,0,0,0
8145,M18144,M,297.6,307.9,1511,37.6,114,0,0,0,0,0,0
8146,M18145,M,297.6,307.8,1532,39.6,117,0,0,0,0,0,0
8147,L18146,L,297.6,307.7,1390,56.4,120,0,0,0,0,0,0
8148,L18147,L,297.7,307.8,1496,45.8,122,0,0,0,0,0,0
8149,H18148,H,297.7,307.9,1431,43.9,124,0,0,0,0,0,0
8150,L18149,L,297.7,307.9,1286,53.0,129,0,0,0,0,0,0
8151,M18150,M,297.7,307.9,1636,33.7,131,0,0,0,0,0,0
8152,M18151,M,297.6,307.7,1430,50.7,134,0,0,0,0,0,0
8153,M18152,M,297.6,307.8,1329,49.0,137,0,0,0,0,0,0
8154,H18153,H,297.5,307.6,1327,48.9,140,0,0,0,0,0,0
8155,M18154,M,297.4,307.6,1604,38.4,145,0,0,0,0,0,0
8156,H18155,H,297.4,307.5,1518,35.6,148,0,0,0,0,0,0
8157,H18156,H,297.4,307.5,1635,31.3,153,0,0,0,0,0,0
8158,L18157,L,297.5,307.6,1671,31.9,158,0,0,0,0,0,0
8159,L18158,L,297.5,307.6,1692,30.8,160,0,0,0,0,0,0
8160,L18159,L,297.5,307.6,1399,43.7,162,0,0,0,0,0,0
8161,L18160,L,297.5,307.6,1597,37.7,164,0,0,0,0,0,0
8162,M18161,M,297.7,307.8,1496,44.3,166,0,0,0,0,0,0
8163,L18162,L,297.7,307.8,1418,44.9,169,0,0,0,0,0,0
8164,L18163,L,297.7,307.8,1811,29.4,171,0,0,0,0,0,0
8165,L18164,L,297.6,307.7,1742,29.1,173,0,0,0,0,0,0
8166,M18165,M,297.7,307.6,1521,37.7,175,0,0,0,0,0,0
8167,M18166,M,297.7,307.6,1760,32.2,178,0,0,0,0,0,0
8168,H18167,H,297.7,307.6,1658,31.2,181,0,0,0,0,0,0
8169,L18168,L,297.7,307.6,1260,57.0,186,0,0,0,0,0,0
8170,L18169,L,297.7,307.7,1772,24.7,188,0,0,0,0,0,0
8171,H18170,H,297.7,307.6,1229,60.2,190,0,0,0,0,0,0
8172,M18171,M,297.7,307.6,1462,42.9,195,0,0,0,0,0,0
8173,M18172,M,297.7,307.6,1347,49.9,198,0,0,0,0,0,0
8174,M18173,M,297.7,307.6,1381,48.7,201,0,0,0,0,0,0
8175,L18174,L,297.8,307.8,1405,46.2,204,0,0,0,0,0,0
8176,H18175,H,297.7,307.7,1315,56.6,206,0,0,0,0,0,0
8177,M18176,M,297.7,307.5,1652,29.2,211,0,0,0,0,0,0
8178,M18177,M,297.6,307.5,1563,38.4,214,0,0,0,0,0,0
8179,M18178,M,297.7,307.6,1688,31.5,217,0,0,0,0,0,0
8180,L18179,L,297.7,307.6,1819,23.0,0,0,0,0,0,0,0
8181,L18180,L,297.7,307.6,1705,33.4,2,0,0,0,0,0,0
8182,M18181,M,297.7,307.6,1136,58.7,4,0,0,0,0,0,0
8183,M18182,M,297.6,307.6,1599,38.3,7,0,0,0,0,0,0
8184,L18183,L,297.7,307.6,1131,59.8,10,0,0,0,0,0,0
8185,L18184,L,297.6,307.5,1155,60.9,12,0,0,0,0,0,0
8186,H18185,H,297.6,307.5,1100,70.0,14,0,0,0,0,0,0
8187,L18186,L,297.6,307.6,1195,59.1,19,0,0,0,0,0,0
8188,L18187,L,297.6,307.7,1105,63.6,21,0,0,0,0,0,0
8189,M18188,M,297.8,307.8,1574,43.3,23,0,0,0,0,0,0
8190,H18189,H,297.7,307.7,1513,42.3,26,0,0,0,0,0,0
8191,M18190,M,297.7,307.6,1512,42.9,31,0,0,0,0,0,0
8192,H18191,H,297.7,307.7,1476,40.0,34,0,0,0,0,0,0
8193,L18192,L,297.7,307.6,1554,41.5,39,0,0,0,0,0,0
8194,H18193,H,297.7,307.7,1502,47.5,41,0,0,0,0,0,0
8195,H18194,H,297.7,307.7,1666,35.3,46,0,0,0,0,0,0
8196,M18195,M,297.7,307.7,1699,26.2,51,0,0,0,0,0,0
8197,M18196,M,297.7,307.6,1450,43.6,54,0,0,0,0,0,0
8198,L18197,L,297.6,307.5,1662,33.1,57,0,0,0,0,0,0
8199,L18198,L,297.7,307.5,1606,34.1,59,0,0,0,0,0,0
8200,L18199,L,297.7,307.6,1704,38.6,61,0,0,0,0,0,0
8201,L18200,L,297.7,307.6,1574,36.3,63,0,0,0,0,0,0
8202,H18201,H,297.7,307.3,1347,51.1,65,0,0,0,0,0,0
8203,L18202,L,297.6,307.2,1533,38.3,70,0,0,0,0,0,0
8204,M18203,M,297.6,307.3,1354,51.6,72,0,0,0,0,0,0
8205,L18204,L,297.7,307.4,1580,42.1,75,0,0,0,0,0,0
8206,L18205,L,297.6,307.2,1559,39.1,77,0,0,0,0,0,0
8207,L18206,L,297.6,307.2,1499,41.6,79,0,0,0,0,0,0
8208,L18207,L,297.6,307.1,1698,27.1,81,0,0,0,0,0,0
8209,M18208,M,297.8,307.2,1548,43.4,83,0,0,0,0,0,0
8210,H18209,H,297.8,307.2,1386,48.5,86,0,0,0,0,0,0
8211,L18210,L,297.7,307.2,1359,49.9,91,0,0,0,0,0,0
8212,H18211,H,297.6,307.1,1637,26.5,93,0,0,0,0,0,0
8213,M18212,M,297.7,307.3,1789,24.8,98,0,0,0,0,0,0
8214,M18213,M,297.7,307.2,1607,34.6,101,0,0,0,0,0,0
8215,L18214,L,297.7,307.2,1200,53.8,104,0,0,0,0,0,0
8216,L18215,L,297.7,307.3,1556,42.2,106,0,0,0,0,0,0
8217,H18216,H,297.7,307.2,1640,32.3,108,0,0,0,0,0,0
8218,M18217,M,297.8,307.2,1891,25.5,113,0,0,0,0,0,0
8219,L18218,L,297.8,307.1,1733,33.2,116,0,0,0,0,0,0
8220,H18219,H,297.8,307.0,1626,32.5,118,0,0,0,0,0,0
8221,L18220,L,297.8,307.1,1455,49.4,123,0,0,0,0,0,0
8222,M18221,M,297.9,307.2,1456,50.1,125,0,0,0,0,0,0
8223,L18222,L,297.9,307.2,1685,29.5,128,0,0,0,0,0,0
8224,H18223,H,298.0,307.3,1352,47.5,130,0,0,0,0,0,0
8225,L18224,L,297.9,307.2,1307,46.5,135,0,0,0,0,0,0
8226,L18225,L,298.0,307.3,1760,28.2,137,0,0,0,0,0,0
8227,M18226,M,298.0,307.3,1498,39.2,139,0,0,0,0,0,0
8228,L18227,L,298.0,307.3,1503,43.4,142,0,0,0,0,0,0
8229,H18228,H,297.9,307.3,1479,41.6,144,0,0,0,0,0,0
8230,M18229,M,298.0,307.4,1785,22.9,149,0,0,0,0,0,0
8231,L18230,L,298.0,307.5,1484,41.3,152,0,0,0,0,0,0
8232,L18231,L,298.0,307.5,1357,46.4,154,0,0,0,0,0,0
8233,H18232,H,298.0,307.4,1238,55.8,156,0,0,0,0,0,0
8234,M18233,M,298.0,307.4,1611,33.3,161,0,0,0,0,0,0
8235,H18234,H,298.0,307.4,1630,34.5,164,0,0,0,0,0,0
8236,L18235,L,297.9,307.3,1579,37.9,169,0,0,0,0,0,0
8237,H18236,H,298.0,307.4,1429,42.9,171,0,0,0,0,0,0
8238,M18237,M,298.1,307.5,1583,41.0,176,0,0,0,0,0,0
8239,M18238,M,298.0,307.5,1426,46.0,179,0,0,0,0,0,0
8240,L18239,L,297.9,307.4,1813,28.7,182,0,0,0,0,0,0
8241,L18240,L,297.9,307.4,1484,44.0,184,0,0,0,0,0,0
8242,H18241,H,297.9,307.4,1668,32.6,186,0,0,0,0,0,0
8243,H18242,H,297.9,307.3,1535,38.6,191,0,0,0,0,0,0
8244,L18243,L,297.8,307.3,1282,57.1,196,1,0,0,0,1,0
8245,H18244,H,297.7,307.1,1778,26.0,198,0,0,0,0,0,0
8246,L18245,L,297.8,307.2,1634,37.2,203,0,0,0,0,0,0
8247,L18246,L,297.7,307.0,1844,27.3,205,0,0,0,0,0,0
8248,L18247,L,297.7,307.1,1471,41.5,207,1,1,0,0,0,0
8249,L18248,L,297.7,307.0,1394,50.5,0,0,0,0,0,0,0
8250,L18249,L,297.7,307.1,1542,41.7,2,0,0,0,0,0,0
8251,L18250,L,297.7,307.1,1583,38.8,4,0,0,0,0,0,0
8252,L18251,L,297.7,307.1,1288,53.3,6,0,0,0,0,0,0
8253,M18252,M,297.7,307.1,1459,43.3,8,0,0,0,0,0,0
8254,H18253,H,297.7,307.1,1366,48.2,11,0,0,0,0,0,0
8255,M18254,M,297.8,307.1,1383,47.2,16,0,0,0,0,0,0
8256,L18255,L,297.8,307.1,1980,11.2,19,1,0,0,1,0,0
8257,M18256,M,297.8,307.3,1545,39.2,21,0,0,0,0,0,0
8258,L18257,L,297.8,307.3,1679,29.2,24,0,0,0,0,0,0
8259,M18258,M,297.8,307.3,1703,31.7,26,0,0,0,0,0,0
8260,M18259,M,297.7,307.2,1290,54.7,29,0,0,0,0,0,0
8261,L18260,L,297.7,307.2,1611,36.3,32,0,0,0,0,0,0
8262,L18261,L,297.6,307.1,1201,58.9,34,0,0,0,0,0,0
8263,H18262,H,297.5,307.1,1781,25.9,36,0,0,0,0,0,0
8264,H18263,H,297.5,307.0,1708,29.2,41,0,0,0,0,0,0
8265,M18264,M,297.6,307.2,1452,47.6,46,0,0,0,0,0,0
8266,H18265,H,297.5,307.1,1571,36.6,49,0,0,0,0,0,0
8267,H18266,H,297.6,307.1,1507,43.1,54,0,0,0,0,0,0
8268,L18267,L,297.6,307.1,1484,38.9,59,0,0,0,0,0,0
8269,M18268,M,297.7,307.2,1602,38.6,61,0,0,0,0,0,0
8270,L18269,L,297.7,307.3,1558,37.0,64,0,0,0,0,0,0
8271,L18270,L,297.7,307.3,1456,41.8,66,0,0,0,0,0,0
8272,L18271,L,297.7,307.3,1365,46.4,68,0,0,0,0,0,0
8273,H18272,H,297.8,307.2,1195,56.1,70,0,0,0,0,0,0
8274,M18273,M,297.7,307.3,1546,38.0,75,0,0,0,0,0,0
8275,L18274,L,297.7,307.2,1689,36.1,78,0,0,0,0,0,0
8276,L18275,L,297.7,307.3,1591,34.8,80,0,0,0,0,0,0
8277,L18276,L,297.7,307.5,1165,54.7,82,0,0,0,0,0,0
8278,M18277,M,297.6,307.5,1441,46.9,84,0,0,0,0,0,0
8279,H18278,H,297.6,307.5,1799,21.0,87,0,0,0,0,0,0
8280,L18279,L,297.6,307.5,1914,20.6,92,0,0,0,0,0,0
8281,L18280,L,297.7,307.6,1656,31.7,94,0,0,0,0,0,0
8282,M18281,M,297.7,307.5,1484,42.3,96,0,0,0,0,0,0
8283,L18282,L,297.7,307.5,1611,39.7,99,0,0,0,0,0,0
8284,M18283,M,297.7,307.6,1485,45.1,101,0,0,0,0,0,0
8285,L18284,L,297.7,307.5,1498,38.2,104,0,0,0,0,0,0
8286,L18285,L,297.8,307.6,1239,54.0,106,0,0,0,0,0,0
8287,L18286,L,297.7,307.5,1307,47.7,108,0,0,0,0,0,0
8288,H18287,H,297.7,307.5,1670,40.8,110,0,0,0,0,0,0
8289,L18288,L,297.7,307.5,1295,51.5,115,0,0,0,0,0,0
8290,L18289,L,297.6,307.4,1884,23.5,117,0,0,0,0,0,0
8291,M18290,M,297.6,307.4,1523,39.1,119,0,0,0,0,0,0
8292,H18291,H,297.6,307.4,1454,41.4,122,0,0,0,0,0,0
8293,L18292,L,297.5,307.4,1437,46.0,127,0,0,0,0,0,0
8294,L18293,L,297.5,307.4,1811,22.8,129,0,0,0,0,0,0
8295,M18294,M,297.6,307.4,1627,37.4,131,0,0,0,0,0,0
8296,L18295,L,297.6,307.5,1515,44.0,134,0,0,0,0,0,0
8297,M18296,M,297.6,307.6,1424,44.8,136,0,0,0,0,0,0
8298,L18297,L,297.7,307.7,1256,51.9,139,0,0,0,0,0,0
8299,L18298,L,297.8,307.6,1342,47.6,141,0,0,0,0,0,0
8300,L18299,L,297.8,307.6,1421,39.4,143,0,0,0,0,0,0
8301,M18300,M,297.8,307.8,1408,46.7,145,0,0,0,0,0,0
8302,L18301,L,297.9,307.8,1572,38.0,148,0,0,0,0,0,0
8303,L18302,L,297.9,307.8,1449,41.5,150,0,0,0,0,0,0
8304,L18303,L,297.9,307.8,1332,47.9,152,0,0,0,0,0,0
8305,M18304,M,297.9,307.8,1545,39.5,154,0,0,0,0,0,0
8306,L18305,L,297.9,307.9,1441,43.6,157,0,0,0,0,0,0
8307,M18306,M,297.9,307.7,1363,49.6,159,0,0,0,0,0,0
8308,M18307,M,297.9,307.7,1396,47.1,162,0,0,0,0,0,0
8309,L18308,L,298.0,307.7,1342,52.3,165,0,0,0,0,0,0
8310,H18309,H,298.0,307.7,1110,63.3,167,0,0,0,0,0,0
8311,H18310,H,298.0,307.8,1391,47.0,172,0,0,0,0,0,0
8312,L18311,L,298.1,308.0,1511,35.4,177,0,0,0,0,0,0
8313,L18312,L,298.2,308.0,1448,45.1,179,0,0,0,0,0,0
8314,L18313,L,298.1,307.8,1463,44.7,181,0,0,0,0,0,0
8315,L18314,L,298.0,307.7,1424,46.1,183,0,0,0,0,0,0
8316,M18315,M,298.1,307.8,1391,55.0,185,0,0,0,0,0,0
8317,H18316,H,298.0,307.7,1833,23.2,188,0,0,0,0,0,0
8318,H18317,H,298.0,307.6,1272,55.1,193,0,0,0,0,0,0
8319,L18318,L,297.9,307.5,1251,58.5,198,1,0,0,0,1,0
8320,L18319,L,297.9,307.5,1559,45.7,200,0,0,0,0,0,0
8321,L18320,L,297.8,307.5,1451,45.9,202,0,0,0,0,0,0
8322,M18321,M,297.8,307.6,1455,37.6,204,0,0,0,0,0,0
8323,L18322,L,297.8,307.7,1561,40.1,207,0,0,0,0,0,0
8324,H18323,H,297.8,307.5,1370,47.0,209,0,0,0,0,0,0
8325,H18324,H,297.8,307.5,1323,46.3,214,0,0,0,0,0,0
8326,L18325,L,297.8,307.5,1510,47.2,219,0,0,0,0,0,0
8327,M18326,M,297.7,307.3,1514,46.3,221,0,0,0,0,0,0
8328,M18327,M,297.7,307.3,1335,49.0,224,0,0,0,0,0,0
8329,H18328,H,297.7,307.3,1354,47.9,227,0,0,0,0,0,0
8330,L18329,L,297.7,307.2,1721,29.8,232,0,0,0,0,0,0
8331,L18330,L,297.7,307.3,1347,48.3,234,1,0,0,0,1,0
8332,M18331,M,297.7,307.2,1214,58.6,236,1,0,0,0,1,0
8333,L18332,L,297.7,307.2,1503,39.7,0,0,0,0,0,0,0
8334,M18333,M,297.7,307.0,1261,55.0,2,0,0,0,0,0,0
8335,L18334,L,297.6,307.0,1615,30.8,5,0,0,0,0,0,0
8336,M18335,M,297.6,307.0,1589,39.7,7,0,0,0,0,0,0
8337,H18336,H,297.7,307.1,1714,33.6,10,0,0,0,0,0,0
8338,L18337,L,297.6,307.0,1298,53.8,15,0,0,0,0,0,0
8339,L18338,L,297.6,307.1,1257,56.4,17,0,0,0,0,0,0
8340,M18339,M,297.7,307.2,1590,39.0,19,0,0,0,0,0,0
8341,L18340,L,297.7,307.2,1339,51.7,22,0,0,0,0,0,0
8342,M18341,M,297.7,307.3,1354,56.5,24,0,0,0,0,0,0
8343,M18342,M,297.7,307.2,1470,39.7,27,0,0,0,0,0,0
8344,L18343,L,297.7,307.2,1564,41.3,30,0,0,0,0,0,0
8345,H18344,H,297.8,307.1,1407,47.3,32,0,0,0,0,0,0
8346,M18345,M,297.9,307.3,1619,31.6,37,0,0,0,0,0,0
8347,M18346,M,297.9,307.4,1645,41.1,40,0,0,0,0,0,0
8348,L18347,L,297.9,307.5,1307,61.4,43,0,0,0,0,0,0
8349,L18348,L,298.0,307.5,1611,35.0,45,0,0,0,0,0,0
8350,L18349,L,298.0,307.6,1418,48.5,47,0,0,0,0,0,0
8351,H18350,H,298.0,307.5,1423,45.2,49,0,0,0,0,0,0
8352,H18351,H,298.1,307.4,1549,38.4,54,0,0,0,0,0,0
8353,H18352,H,298.0,307.4,1437,42.2,59,0,0,0,0,0,0
8354,L18353,L,298.1,307.5,1168,57.5,64,0,0,0,0,0,0
8355,M18354,M,298.1,307.5,1547,45.5,66,0,0,0,0,0,0
8356,M18355,M,298.1,307.6,1415,47.1,69,0,0,0,0,0,0
8357,M18356,M,298.0,307.5,1269,56.0,72,0,0,0,0,0,0
8358,L18357,L,298.0,307.5,1542,37.1,75,0,0,0,0,0,0
8359,H18358,H,298.0,307.5,1727,29.5,77,0,0,0,0,0,0
8360,L18359,L,298.0,307.5,1153,57.7,82,0,0,0,0,0,0
8361,L18360,L,298.0,307.5,1472,41.4,84,0,0,0,0,0,0
8362,H18361,H,298.0,307.5,1319,48.9,86,0,0,0,0,0,0
8363,L18362,L,298.0,307.6,1740,32.4,91,0,0,0,0,0,0
8364,L18363,L,298.0,307.6,1380,43.9,93,0,0,0,0,0,0
8365,M18364,M,298.1,307.7,1659,29.0,95,0,0,0,0,0,0
8366,H18365,H,298.0,307.7,1413,40.6,98,0,0,0,0,0,0
8367,L18366,L,298.0,307.7,1598,33.5,103,0,0,0,0,0,0
8368,M18367,M,298.0,307.6,1662,31.2,105,0,0,0,0,0,0
8369,L18368,L,298.0,307.7,1644,37.0,108,0,0,0,0,0,0
8370,L18369,L,298.1,307.8,1916,17.1,110,1,0,0,1,0,0
8371,L18370,L,298.1,307.8,1712,28.4,112,0,0,0,0,0,0
8372,M18371,M,298.1,307.8,1422,47.8,114,0,0,0,0,0,0
8373,L18372,L,298.1,307.8,1454,43.5,117,0,0,0,0,0,0
8374,L18373,L,298.2,307.9,1855,29.3,119,0,0,0,0,0,0
8375,M18374,M,298.1,307.7,1412,45.5,121,0,0,0,0,0,0
8376,M18375,M,298.0,307.7,1710,31.2,124,0,0,0,0,0,0
8377,M18376,M,298.0,307.7,1461,47.2,127,0,0,0,0,0,0
8378,H18377,H,298.0,307.8,1523,38.8,130,0,0,0,0,0,0
8379,L18378,L,298.1,307.8,1603,36.7,135,0,0,0,0,0,0
8380,L18379,L,298.2,307.9,1525,39.1,137,0,0,0,0,0,0
8381,L18380,L,298.1,307.9,1118,65.6,139,0,0,0,0,0,0
8382,M18381,M,298.1,307.9,1673,32.4,141,0,0,0,0,0,0
8383,L18382,L,298.1,307.9,1492,42.3,144,0,0,0,0,0,0
8384,L18383,L,298.1,307.9,1341,47.8,146,0,0,0,0,0,0
8385,L18384,L,298.1,307.7,1806,30.4,148,0,0,0,0,0,0
8386,L18385,L,298.1,307.8,1842,24.1,150,0,0,0,0,0,0
8387,H18386,H,298.1,307.7,1551,34.0,152,0,0,0,0,0,0
8388,M18387,M,298.2,307.8,1385,47.6,157,0,0,0,0,0,0
8389,L18388,L,298.2,307.7,1508,36.6,160,0,0,0,0,0,0
8390,M18389,M,298.1,307.6,1620,37.7,162,0,0,0,0,0,0
8391,M18390,M,298.1,307.6,1382,49.1,165,0,0,0,0,0,0
8392,L18391,L,298.2,307.7,1675,31.9,168,0,0,0,0,0,0
8393,L18392,L,298.2,307.6,1506,39.1,170,0,0,0,0,0,0
8394,M18393,M,298.2,307.7,1778,24.9,172,0,0,0,0,0,0
8395,L18394,L,298.3,307.8,1527,43.2,175,0,0,0,0,0,0
8396,M18395,M,298.2,307.7,1558,42.3,177,0,0,0,0,0,0
8397,M18396,M,298.3,307.8,1450,48.0,180,0,0,0,0,0,0
8398,M18397,M,298.2,307.6,1646,28.5,183,0,0,0,0,0,0
8399,H18398,H,298.2,307.7,1560,38.1,186,0,0,0,0,0,0
8400,M18399,M,298.3,307.8,1770,27.2,191,0,0,0,0,0,0
8401,M18400,M,298.3,307.7,1539,37.5,194,0,0,0,0,0,0
8402,L18401,L,298.3,307.7,1193,54.8,197,0,0,0,0,0,0
8403,M18402,M,298.3,307.8,1521,36.8,199,0,0,0,0,0,0
8404,H18403,H,298.3,307.9,1854,26.3,202,0,0,0,0,0,0
8405,H18404,H,298.4,308.0,1587,33.2,207,0,0,0,0,0,0
8406,H18405,H,298.4,307.9,1815,23.9,212,0,0,0,0,0,0
8407,L18406,L,298.4,308.0,1750,27.0,217,0,0,0,0,0,0
8408,M18407,M,298.4,308.0,1415,46.7,219,1,1,0,0,0,0
8409,H18408,H,298.3,307.8,1766,25.5,0,0,0,0,0,0,0
8410,M18409,M,298.3,307.8,1529,43.1,5,0,0,0,0,0,0
8411,M18410,M,298.3,307.8,1536,40.3,8,0,0,0,0,0,0
8412,M18411,M,298.3,307.7,1593,34.7,11,0,0,0,0,0,0
8413,M18412,M,298.2,307.7,1502,42.3,14,0,0,0,0,0,0
8414,L18413,L,298.2,307.6,1626,30.6,17,0,0,0,0,0,0
8415,L18414,L,298.2,307.6,1422,48.4,19,0,0,0,0,0,0
8416,H18415,H,298.1,307.6,1619,33.0,21,0,0,0,0,0,0
8417,H18416,H,298.1,307.6,1569,36.1,26,0,0,0,0,0,0
8418,H18417,H,298.1,307.7,1653,34.9,31,0,0,0,0,0,0
8419,L18418,L,298.1,307.7,1398,46.9,36,0,0,0,0,0,0
8420,L18419,L,298.2,307.8,1426,45.4,38,0,0,0,0,0,0
8421,L18420,L,298.2,307.8,2049,13.8,40,1,0,0,1,0,0
8422,H18421,H,298.1,307.7,1440,42.5,42,0,0,0,0,0,0
8423,M18422,M,298.2,307.8,1863,22.6,47,0,0,0,0,0,0
8424,H18423,H,298.2,307.8,1649,36.6,50,0,0,0,0,0,0
8425,L18424,L,298.1,307.8,1622,38.9,55,0,0,0,0,0,0
8426,M18425,M,298.1,307.8,1720,36.5,57,0,0,0,0,0,0
8427,M18426,M,298.2,307.9,1417,45.0,60,0,0,0,0,0,0
8428,L18427,L,298.1,307.8,1367,47.2,63,0,0,0,0,0,0
8429,H18428,H,298.2,307.8,1715,32.3,65,0,0,0,0,0,0
8430,M18429,M,298.2,307.9,1728,31.9,70,0,0,0,0,0,0
8431,L18430,L,298.3,308.2,1500,39.6,73,0,0,0,0,0,0
8432,L18431,L,298.4,308.1,1828,24.6,75,0,0,0,0,0,0
8433,H18432,H,298.4,308.2,1771,35.2,77,0,0,0,0,0,0
8434,M18433,M,298.4,308.1,1315,53.5,82,0,0,0,0,0,0
8435,M18434,M,298.4,308.0,1846,24.9,85,0,0,0,0,0,0
8436,M18435,M,298.4,308.0,1684,36.6,88,0,0,0,0,0,0
8437,L18436,L,298.4,308.1,1779,34.1,91,0,0,0,0,0,0
8438,M18437,M,298.4,308.0,1211,60.1,93,0,0,0,0,0,0
8439,H18438,H,298.4,307.9,1699,34.6,96,0,0,0,0,0,0
8440,L18439,L,298.3,307.8,1576,35.2,101,0,0,0,0,0,0
8441,M18440,M,298.3,307.9,1715,29.7,103,0,0,0,0,0,0
8442,L18441,L,298.3,307.9,1511,40.1,106,0,0,0,0,0,0
8443,L18442,L,298.3,307.9,1387,42.7,108,0,0,0,0,0,0
8444,L18443,L,298.3,308.1,1599,31.1,110,0,0,0,0,0,0
8445,H18444,H,298.3,308.0,1394,49.9,112,0,0,0,0,0,0
8446,L18445,L,298.3,308.0,1517,42.7,117,0,0,0,0,0,0
8447,L18446,L,298.2,308.0,1335,48.5,119,0,0,0,0,0,0
8448,M18447,M,298.3,308.0,1681,36.7,121,0,0,0,0,0,0
8449,L18448,L,298.3,307.9,1435,42.4,124,0,0,0,0,0,0
8450,M18449,M,298.3,307.8,1589,37.9,126,0,0,0,0,0,0
8451,H18450,H,298.2,307.7,1267,54.6,129,0,0,0,0,0,0
8452,L18451,L,298.2,307.7,1524,41.2,134,0,0,0,0,0,0
8453,L18452,L,298.2,307.7,1587,40.1,136,0,0,0,0,0,0
8454,H18453,H,298.2,307.6,1658,35.4,138,0,0,0,0,0,0
8455,L18454,L,298.1,307.6,1665,34.8,143,0,0,0,0,0,0
8456,L18455,L,298.1,307.6,1530,42.4,145,0,0,0,0,0,0
8457,H18456,H,298.1,307.5,1327,48.2,147,0,0,0,0,0,0
8458,H18457,H,298.1,307.6,1718,33.2,152,0,0,0,0,0,0
8459,M18458,M,298.0,307.6,1457,41.3,157,0,0,0,0,0,0
8460,M18459,M,298.0,307.6,1501,41.8,160,0,0,0,0,0,0
8461,H18460,H,298.1,307.6,1457,43.6,163,0,0,0,0,0,0
8462,M18461,M,298.0,307.7,1848,22.9,168,0,0,0,0,0,0
8463,M18462,M,298.0,307.6,1668,30.8,171,0,0,0,0,0,0
8464,H18463,H,297.9,307.6,1761,26.3,174,0,0,0,0,0,0
8465,M18464,M,298.0,307.6,1623,40.3,179,0,0,0,0,0,0
8466,M18465,M,298.0,307.6,1619,31.0,182,0,0,0,0,0,0
8467,L18466,L,297.9,307.5,1622,35.0,185,0,0,0,0,0,0
8468,M18467,M,297.9,307.4,1679,28.1,187,0,0,0,0,0,0
8469,M18468,M,298.0,307.6,1644,36.0,190,0,0,0,0,0,0
8470,L18469,L,298.0,307.6,1689,28.8,193,0,0,0,0,0,0
8471,L18470,L,298.0,307.7,1411,47.6,195,0,0,0,0,0,0
8472,H18471,H,297.9,307.5,1382,44.8,197,0,0,0,0,0,0
8473,L18472,L,297.8,307.3,1585,41.5,202,0,0,0,0,0,0
8474,L18473,L,297.8,307.5,1593,37.0,204,0,0,0,0,0,0
8475,L18474,L,297.8,307.4,1892,19.6,206,0,0,0,0,0,0
8476,L18475,L,297.8,307.5,1662,35.4,208,0,0,0,0,0,0
8477,M18476,M,297.9,307.6,1598,32.4,210,0,0,0,0,0,0
8478,L18477,L,298.0,307.7,1462,42.5,213,0,0,0,0,0,0
8479,L18478,L,297.9,307.5,1442,46.2,215,0,0,0,0,0,0
8480,H18479,H,297.9,307.5,1384,43.2,217,0,0,0,0,0,0
8481,L18480,L,297.9,307.6,1231,52.6,222,1,0,0,0,1,0
8482,L18481,L,298.0,307.7,1589,34.3,224,0,0,0,0,0,0
8483,H18482,H,298.0,307.6,1578,33.9,226,0,0,0,0,0,0
8484,M18483,M,298.0,307.6,1342,50.4,231,0,0,0,0,0,0
8485,M18484,M,298.0,307.7,1539,41.7,0,0,0,0,0,0,0
8486,H18485,H,298.1,307.8,1622,37.5,3,0,0,0,0,0,0
8487,H18486,H,298.1,307.7,1325,58.5,8,0,0,0,0,0,0
8488,L18487,L,298.1,307.8,1438,45.8,13,0,0,0,0,0,0
8489,M18488,M,298.1,307.8,1579,38.1,15,0,0,0,0,0,0
8490,M18489,M,298.1,307.9,1653,33.1,18,0,0,0,0,0,0
8491,L18490,L,298.2,307.9,1330,53.3,21,0,0,0,0,0,0
8492,H18491,H,298.2,307.8,1525,42.1,23,0,0,0,0,0,0
8493,L18492,L,298.3,307.8,1585,40.2,28,0,0,0,0,0,0
8494,H18493,H,298.2,307.7,1474,46.8,30,0,0,0,0,0,0
8495,M18494,M,298.2,307.7,1417,48.8,35,0,0,0,0,0,0
8496,M18495,M,298.2,307.7,1529,45.5,38,0,0,0,0,0,0
8497,L18496,L,298.2,307.7,1389,48.8,41,0,0,0,0,0,0
8498,H18497,H,298.2,307.8,1427,44.5,43,0,0,0,0,0,0
8499,M18498,M,298.3,307.9,1419,45.5,48,0,0,0,0,0,0
8500,L18499,L,298.2,307.8,1656,32.7,51,0,0,0,0,0,0
8501,L18500,L,298.2,307.9,1170,58.1,53,0,0,0,0,0,0
8502,M18501,M,298.3,307.9,1714,27.7,55,0,0,0,0,0,0
8503,L18502,L,298.3,307.9,1422,43.1,58,0,0,0,0,0,0
8504,M18503,M,298.2,307.8,1785,26.6,60,0,0,0,0,0,0
8505,M18504,M,298.3,308.0,1574,39.0,63,0,0,0,0,0,0
8506,L18505,L,298.3,308.0,1536,34.3,66,0,0,0,0,0,0
8507,M18506,M,298.4,308.1,1478,41.4,68,0,0,0,0,0,0
8508,L18507,L,298.4,308.1,1582,43.4,71,0,0,0,0,0,0
8509,H18508,H,298.4,308.1,1736,30.4,73,0,0,0,0,0,0
8510,H18509,H,298.4,308.0,1568,39.7,78,0,0,0,0,0,0
8511,L18510,L,298.4,307.9,1264,53.9,83,0,0,0,0,0,0
8512,M18511,M,298.4,307.9,1777,26.9,85,0,0,0,0,0,0
8513,M18512,M,298.4,307.9,1682,31.5,88,0,0,0,0,0,0
8514,H18513,H,298.5,307.9,1347,48.6,91,0,0,0,0,0,0
8515,L18514,L,298.5,307.9,1497,40.8,96,0,0,0,0,0,0
8516,M18515,M,298.5,307.9,1486,41.5,98,0,0,0,0,0,0
8517,H18516,H,298.5,307.9,1281,50.2,101,0,0,0,0,0,0
8518,L18517,L,298.6,307.9,1599,32.1,106,0,0,0,0,0,0
8519,M18518,M,298.5,307.8,1615,34.8,108,0,0,0,0,0,0
8520,L18519,L,298.5,307.7,1600,33.6,111,0,0,0,0,0,0
8521,M18520,M,298.4,307.8,1580,36.5,113,0,0,0,0,0,0
8522,L18521,L,298.4,307.8,1220,53.4,116,0,0,0,0,0,0
8523,H18522,H,298.5,307.8,1872,23.0,118,0,0,0,0,0,0
8524,L18523,L,298.5,307.9,1857,28.1,123,0,0,0,0,0,0
8525,L18524,L,298.5,307.8,1828,26.3,125,0,0,0,0,0,0
8526,H18525,H,298.5,307.8,1363,54.0,127,0,0,0,0,0,0
8527,H18526,H,298.4,307.6,1677,33.9,132,0,0,0,0,0,0
8528,M18527,M,298.5,307.6,1608,36.7,137,0,0,0,0,0,0
8529,M18528,M,298.6,307.8,1817,23.9,140,0,0,0,0,0,0
8530,L18529,L,298.5,307.7,1532,37.4,143,0,0,0,0,0,0
8531,M18530,M,298.5,307.7,1429,48.7,145,0,0,0,0,0,0
8532,L18531,L,298.5,307.7,1530,42.5,148,0,0,0,0,0,0
8533,L18532,L,298.5,307.6,1530,38.9,150,0,0,0,0,0,0
8534,H18533,H,298.5,307.6,1834,24.4,152,0,0,0,0,0,0
8535,M18534,M,298.5,307.6,1555,36.7,157,0,0,0,0,0,0
8536,L18535,L,298.5,307.7,1478,41.5,160,0,0,0,0,0,0
8537,L18536,L,298.5,307.7,1750,30.1,162,0,0,0,0,0,0
8538,H18537,H,298.5,307.6,1451,46.5,164,0,0,0,0,0,0
8539,L18538,L,298.6,307.7,1375,48.9,169,0,0,0,0,0,0
8540,L18539,L,298.5,307.6,1608,34.7,171,0,0,0,0,0,0
8541,L18540,L,298.5,307.6,1424,47.3,173,0,0,0,0,0,0
8542,L18541,L,298.5,307.7,1454,38.9,175,0,0,0,0,0,0
8543,L18542,L,298.5,307.8,1301,51.5,177,0,0,0,0,0,0
8544,H18543,H,298.5,307.8,1121,60.3,179,0,0,0,0,0,0
8545,L18544,L,298.4,307.8,1725,29.1,184,0,0,0,0,0,0
8546,M18545,M,298.5,307.8,1468,47.7,186,0,0,0,0,0,0
8547,M18546,M,298.5,307.8,1343,53.0,189,0,0,0,0,0,0
8548,M18547,M,298.6,307.8,1674,30.3,192,0,0,0,0,0,0
8549,M18548,M,298.5,307.6,1596,34.2,195,0,0,0,0,0,0
8550,M18549,M,298.5,307.7,1596,34.1,198,0,0,0,0,0,0
8551,M18550,M,298.4,307.5,1672,38.7,201,0,0,0,0,0,0
8552,M18551,M,298.4,307.6,1602,36.4,204,0,0,0,0,0,0
8553,M18552,M,298.4,307.6,1583,38.0,207,0,0,0,0,0,0
8554,M18553,M,298.4,307.6,1278,48.4,210,0,0,0,0,0,0
8555,M18554,M,298.4,307.4,1794,21.0,213,0,0,0,0,0,0
8556,L18555,L,298.4,307.4,1701,30.3,216,0,0,0,0,0,0
8557,M18556,M,298.3,307.2,1396,46.7,218,0,0,0,0,0,0
8558,M18557,M,298.3,307.3,1451,45.5,221,0,0,0,0,0,0
8559,L18558,L,298.3,307.1,1725,29.4,224,0,0,0,0,0,0
8560,H18559,H,298.3,307.1,1476,45.6,226,0,0,0,0,0,0
8561,L18560,L,298.4,307.1,1208,53.3,0,0,0,0,0,0,0
8562,L18561,L,298.3,307.0,1485,39.5,2,0,0,0,0,0,0
8563,H18562,H,298.3,306.9,1704,29.9,4,0,0,0,0,0,0
8564,L18563,L,298.3,306.9,1353,48.7,9,0,0,0,0,0,0
8565,L18564,L,298.3,307.0,1228,57.2,11,0,0,0,0,0,0
8566,L18565,L,298.3,307.1,1695,31.1,13,0,0,0,0,0,0
8567,H18566,H,298.3,306.9,1490,40.4,15,0,0,0,0,0,0
8568,L18567,L,298.3,307.1,1363,50.9,20,0,0,0,0,0,0
8569,M18568,M,298.3,307.0,1549,41.2,22,0,0,0,0,0,0
8570,M18569,M,298.3,307.0,1839,22.5,25,0,0,0,0,0,0
8571,M18570,M,298.3,307.0,1503,44.4,28,0,0,0,0,0,0
8572,H18571,H,298.2,307.0,1583,30.2,31,0,0,0,0,0,0
8573,H18572,H,298.3,307.1,1721,27.3,36,0,0,0,0,0,0
8574,L18573,L,298.3,307.1,1882,22.7,41,0,0,0,0,0,0
8575,H18574,H,298.3,307.1,1287,51.9,43,0,0,0,0,0,0
8576,M18575,M,298.2,307.0,1624,31.7,48,0,0,0,0,0,0
8577,L18576,L,298.3,307.1,1474,43.3,51,0,0,0,0,0,0
8578,L18577,L,298.2,307.1,1439,45.8,53,0,0,0,0,0,0
8579,M18578,M,298.2,307.1,1481,41.6,55,0,0,0,0,0,0
8580,L18579,L,298.2,307.2,1591,43.0,58,0,0,0,0,0,0
8581,M18580,M,298.1,307.1,1489,43.8,60,0,0,0,0,0,0
8582,L18581,L,298.1,307.1,1464,41.4,63,0,0,0,0,0,0
8583,M18582,M,298.1,307.1,1587,32.4,65,0,0,0,0,0,0
8584,L18583,L,298.2,307.2,1705,31.5,68,0,0,0,0,0,0
8585,H18584,H,298.2,307.2,1504,39.0,70,0,0,0,0,0,0
8586,L18585,L,298.1,307.1,1680,38.7,75,0,0,0,0,0,0
8587,L18586,L,298.1,307.2,1489,44.3,77,0,0,0,0,0,0
8588,L18587,L,298.0,307.1,1382,51.0,79,0,0,0,0,0,0
8589,L18588,L,298.0,307.1,1493,43.4,81,0,0,0,0,0,0
8590,M18589,M,298.0,307.0,1739,31.9,83,0,0,0,0,0,0
8591,M18590,M,298.0,306.9,1775,18.2,86,1,0,0,1,0,0
8592,L18591,L,297.9,306.8,1602,32.3,89,0,0,0,0,0,0
8593,H18592,H,297.9,306.8,1824,26.6,91,0,0,0,0,0,0
8594,L18593,L,297.9,306.8,1746,32.7,96,0,0,0,0,0,0
8595,L18594,L,297.9,306.7,1428,42.4,98,0,0,0,0,0,0
8596,M18595,M,297.9,306.8,1422,40.8,100,0,0,0,0,0,0
8597,M18596,M,297.9,306.7,1231,58.6,103,0,0,0,0,0,0
8598,M18597,M,297.9,306.6,1483,44.8,106,0,0,0,0,0,0
8599,L18598,L,297.9,306.7,1222,59.1,109,0,0,0,0,0,0
8600,L18599,L,297.9,306.6,1413,47.2,111,0,0,0,0,0,0
8601,M18600,M,297.9,306.7,1250,50.9,113,0,0,0,0,0,0
8602,L18601,L,298.0,306.8,1578,36.4,116,0,0,0,0,0,0
8603,L18602,L,297.9,306.8,1708,29.3,118,0,0,0,0,0,0
8604,H18603,H,297.9,306.9,1584,35.5,120,0,0,0,0,0,0
8605,M18604,M,297.9,306.8,1433,39.9,125,0,0,0,0,0,0
8606,L18605,L,297.8,306.7,1678,33.7,128,0,0,0,0,0,0
8607,L18606,L,297.8,306.7,1757,30.0,130,0,0,0,0,0,0
8608,M18607,M,297.8,306.7,1423,44.2,132,0,0,0,0,0,0
8609,L18608,L,297.8,306.8,1699,29.9,135,0,0,0,0,0,0
8610,L18609,L,297.7,306.5,1771,24.7,137,0,0,0,0,0,0
8611,L18610,L,297.7,306.5,1702,28.8,139,0,0,0,0,0,0
8612,M18611,M,297.7,306.5,1605,37.7,141,0,0,0,0,0,0
8613,M18612,M,297.7,306.5,1735,30.1,144,0,0,0,0,0,0
8614,L18613,L,297.7,306.5,1637,37.7,147,0,0,0,0,0,0
8615,L18614,L,297.7,306.5,1495,46.0,149,0,0,0,0,0,0
8616,M18615,M,297.7,306.4,1431,45.7,151,0,0,0,0,0,0
8617,M18616,M,297.7,306.3,1809,33.4,154,0,0,0,0,0,0
8618,M18617,M,297.7,306.3,1846,27.0,157,0,0,0,0,0,0
8619,L18618,L,297.7,306.3,1599,34.2,160,0,0,0,0,0,0
8620,M18619,M,297.8,306.4,1434,46.6,162,0,0,0,0,0,0
8621,H18620,H,297.7,306.4,1276,48.9,165,0,0,0,0,0,0
8622,M18621,M,297.7,306.3,1480,43.5,170,0,0,0,0,0,0
8623,L18622,L,297.7,306.4,1427,52.0,173,0,0,0,0,0,0
8624,M18623,M,297.6,306.4,1399,57.3,175,0,0,0,0,0,0
8625,L18624,L,297.6,306.3,1613,35.2,178,0,0,0,0,0,0
8626,L18625,L,297.6,306.2,1304,54.9,180,0,0,0,0,0,0
8627,L18626,L,297.6,306.4,1616,37.4,182,0,0,0,0,0,0
8628,H18627,H,297.6,306.3,1475,50.2,184,0,0,0,0,0,0
8629,L18628,L,297.6,306.4,1363,47.1,189,0,0,0,0,0,0
8630,H18629,H,297.6,306.5,2023,20.2,191,0,0,0,0,0,0
8631,M18630,M,297.6,306.6,1685,30.3,196,0,0,0,0,0,0
8632,M18631,M,297.6,306.4,1680,27.8,199,0,0,0,0,0,0
8633,L18632,L,297.6,306.4,1823,22.2,202,0,0,0,0,0,0
8634,M18633,M,297.6,306.4,1343,48.8,204,0,0,0,0,0,0
8635,L18634,L,297.6,306.5,1210,60.7,207,1,0,0,0,1,0
8636,L18635,L,297.6,306.6,1489,37.4,209,0,0,0,0,0,0
8637,L18636,L,297.7,306.7,1401,48.5,211,0,0,0,0,0,0
8638,L18637,L,297.7,306.8,1323,54.8,213,1,0,0,0,1,0
8639,M18638,M,297.7,306.7,1585,42.1,215,0,0,0,0,0,0
8640,L18639,L,297.8,306.7,1580,39.7,218,0,0,0,0,0,0
8641,L18640,L,297.9,306.7,1659,37.5,220,0,0,0,0,0,0
8642,H18641,H,297.8,306.6,1413,45.4,222,0,0,0,0,0,0
8643,L18642,L,297.7,306.6,1411,48.7,0,0,0,0,0,0,0
8644,L18643,L,297.8,306.6,1335,44.6,2,0,0,0,0,0,0
8645,L18644,L,297.8,306.7,1459,44.3,4,0,0,0,0,0,0
8646,L18645,L,297.9,306.8,1568,39.5,6,0,0,0,0,0,0
8647,M18646,M,297.9,306.9,1836,24.1,8,0,0,0,0,0,0
8648,L18647,L,297.9,307.0,1297,49.0,11,0,0,0,0,0,0
8649,L18648,L,298.0,307.0,1735,27.2,13,0,0,0,0,0,0
8650,M18649,M,298.0,307.0,1419,46.2,15,0,0,0,0,0,0
8651,L18650,L,298.0,307.1,1386,47.6,18,0,0,0,0,0,0
8652,H18651,H,298.0,307.1,1772,28.6,20,0,0,0,0,0,0
8653,H18652,H,298.0,307.1,1629,33.9,25,0,0,0,0,0,0
8654,L18653,L,298.1,307.1,1183,61.2,30,0,0,0,0,0,0
8655,L18654,L,298.1,307.1,1524,39.2,32,0,0,0,0,0,0
8656,L18655,L,298.0,307.2,1805,27.8,34,0,0,0,0,0,0
8657,L18656,L,298.0,307.1,1465,48.0,36,0,0,0,0,0,0
8658,L18657,L,298.0,307.2,1652,32.3,38,0,0,0,0,0,0
8659,M18658,M,298.1,307.3,2024,20.8,40,0,0,0,0,0,0
8660,L18659,L,298.2,307.4,1407,45.2,43,0,0,0,0,0,0
8661,L18660,L,298.2,307.4,1750,30.8,45,0,0,0,0,0,0
8662,L18661,L,298.2,307.3,1430,43.2,47,0,0,0,0,0,0
8663,H18662,H,298.2,307.1,1719,31.9,49,0,0,0,0,0,0
8664,H18663,H,298.2,307.2,1457,47.1,54,0,0,0,0,0,0
8665,L18664,L,298.2,307.2,1450,41.8,59,0,0,0,0,0,0
8666,M18665,M,298.2,307.2,1971,14.1,61,1,0,0,1,0,0
8667,L18666,L,298.1,307.1,1577,43.8,64,0,0,0,0,0,0
8668,M18667,M,298.1,307.1,1542,37.1,66,0,0,0,0,0,0
8669,M18668,M,298.1,307.1,1320,54.2,69,0,0,0,0,0,0
8670,H18669,H,298.1,307.2,1490,44.0,72,0,0,0,0,0,0
8671,L18670,L,298.2,307.2,1407,47.6,77,0,0,0,0,0,0
8672,L18671,L,298.2,307.2,1562,32.9,79,0,0,0,0,0,0
8673,H18672,H,298.1,307.2,1719,32.1,81,0,0,0,0,0,0
8674,L18673,L,298.2,307.4,1543,39.7,86,0,0,0,0,0,0
8675,L18674,L,298.2,307.3,1661,36.4,88,0,0,0,0,0,0
8676,M18675,M,298.1,307.3,1323,53.4,90,0,0,0,0,0,0
8677,M18676,M,298.1,307.3,1568,38.5,93,0,0,0,0,0,0
8678,M18677,M,298.1,307.4,1767,27.8,96,0,0,0,0,0,0
8679,M18678,M,298.1,307.4,1624,31.7,99,0,0,0,0,0,0
8680,M18679,M,298.1,307.4,1461,49.7,102,0,0,0,0,0,0
8681,L18680,L,298.1,307.4,1545,38.3,105,0,0,0,0,0,0
8682,M18681,M,298.1,307.4,1555,37.8,107,0,0,0,0,0,0
8683,M18682,M,298.1,307.4,1430,50.6,110,0,0,0,0,0,0
8684,H18683,H,298.1,307.4,1707,30.9,113,0,0,0,0,0,0
8685,L18684,L,298.1,307.4,1905,17.6,118,0,0,0,0,0,0
8686,L18685,L,298.1,307.3,1706,31.5,120,0,0,0,0,0,0
8687,M18686,M,298.1,307.3,1532,42.4,122,0,0,0,0,0,0
8688,L18687,L,298.0,307.2,1574,37.5,125,0,0,0,0,0,0
8689,L18688,L,298.0,307.2,1855,24.4,127,0,0,0,0,0,0
8690,H18689,H,298.1,307.1,1294,50.2,129,0,0,0,0,0,0
8691,M18690,M,298.1,307.3,1525,41.6,134,0,0,0,0,0,0
8692,L18691,L,298.2,307.2,1517,43.9,137,0,0,0,0,0,0
8693,L18692,L,298.2,307.2,1501,44.2,139,0,0,0,0,0,0
8694,L18693,L,298.2,307.3,1634,27.0,141,0,0,0,0,0,0
8695,M18694,M,298.2,307.3,1479,43.0,143,0,0,0,0,0,0
8696,L18695,L,298.2,307.3,1316,49.1,146,0,0,0,0,0,0
8697,L18696,L,298.1,307.3,1416,51.4,148,0,0,0,0,0,0
8698,L18697,L,298.1,307.2,1394,47.2,150,0,0,0,0,0,0
8699,L18698,L,298.2,307.3,1516,45.1,152,0,0,0,0,0,0
8700,L18699,L,298.1,307.1,1765,22.6,154,0,0,0,0,0,0
8701,L18700,L,298.1,307.1,1562,39.9,156,0,0,0,0,0,0
8702,M18701,M,298.2,307.1,1701,30.4,158,0,0,0,0,0,0
8703,L18702,L,298.2,307.1,1474,52.8,161,0,0,0,0,0,0
8704,L18703,L,298.1,307.0,1412,51.3,163,0,0,0,0,0,0
8705,L18704,L,298.1,307.1,1762,30.5,165,0,0,0,0,0,0
8706,L18705,L,298.1,306.9,1659,39.5,167,0,0,0,0,0,0
8707,L18706,L,298.1,307.0,1512,42.5,169,0,0,0,0,0,0
8708,L18707,L,298.0,307.0,1379,49.0,171,0,0,0,0,0,0
8709,L18708,L,298.0,306.9,1811,23.2,173,0,0,0,0,0,0
8710,L18709,L,298.0,307.0,1932,17.9,175,0,0,0,0,0,0
8711,M18710,M,298.0,307.0,1377,40.4,177,0,0,0,0,0,0
8712,L18711,L,298.0,307.0,1969,14.7,180,1,0,0,1,0,0
8713,M18712,M,298.0,307.0,1524,41.6,182,0,0,0,0,0,0
8714,M18713,M,298.0,307.0,1429,45.9,185,0,0,0,0,0,0
8715,L18714,L,297.9,306.9,1242,52.4,188,0,0,0,0,0,0
8716,L18715,L,297.9,306.9,1635,33.8,190,0,0,0,0,0,0
8717,L18716,L,298.0,306.8,1425,41.6,192,0,0,0,0,0,0
8718,L18717,L,298.0,306.9,1526,46.5,194,0,0,0,0,0,0
8719,M18718,M,298.0,306.9,1724,28.2,196,0,0,0,0,0,0
8720,L18719,L,298.0,306.9,1267,49.2,199,0,0,0,0,0,0
8721,H18720,H,298.1,307.0,1480,42.7,201,0,0,0,0,0,0
8722,L18721,L,298.0,307.0,1691,33.9,206,0,0,0,0,0,0
8723,M18722,M,298.0,307.0,1524,41.4,208,1,1,0,0,0,0
8724,M18723,M,297.9,306.8,1511,38.6,0,0,0,0,0,0,0
8725,M18724,M,297.9,306.8,1367,47.8,3,0,0,0,0,0,0
8726,H18725,H,297.9,306.9,1583,36.4,6,0,0,0,0,0,0
8727,H18726,H,297.9,306.9,1475,42.3,11,0,0,0,0,0,0
8728,L18727,L,297.8,306.8,1573,33.8,16,0,0,0,0,0,0
8729,L18728,L,297.8,306.9,1694,30.6,18,0,0,0,0,0,0
8730,L18729,L,297.9,307.0,1434,41.7,20,0,0,0,0,0,0
8731,L18730,L,297.8,307.0,1744,31.0,22,0,0,0,0,0,0
8732,M18731,M,297.8,306.9,1462,48.0,24,0,0,0,0,0,0
8733,L18732,L,297.8,307.0,1381,45.9,27,0,0,0,0,0,0
8734,L18733,L,297.8,307.0,1628,32.3,29,0,0,0,0,0,0
8735,M18734,M,297.8,306.9,1478,42.1,31,0,0,0,0,0,0
8736,L18735,L,297.7,307.0,1667,32.3,34,0,0,0,0,0,0
8737,M18736,M,297.6,307.0,1825,24.0,36,0,0,0,0,0,0
8738,L18737,L,297.7,307.0,1665,34.0,39,0,0,0,0,0,0
8739,M18738,M,297.8,307.0,1571,39.5,41,0,0,0,0,0,0
8740,M18739,M,297.8,307.0,1536,45.2,44,0,0,0,0,0,0
8741,L18740,L,297.8,307.2,1516,41.5,47,0,0,0,0,0,0
8742,M18741,M,297.8,307.1,1311,49.1,49,0,0,0,0,0,0
8743,L18742,L,297.8,307.1,1615,30.2,52,0,0,0,0,0,0
8744,M18743,M,297.8,307.1,1693,36.2,54,0,0,0,0,0,0
8745,M18744,M,297.7,306.9,1287,56.4,57,0,0,0,0,0,0
8746,L18745,L,297.7,306.9,1878,20.7,60,0,0,0,0,0,0
8747,M18746,M,297.7,306.9,1640,35.5,62,0,0,0,0,0,0
8748,H18747,H,297.7,306.8,1729,29.3,65,0,0,0,0,0,0
8749,M18748,M,297.5,306.6,1595,38.0,70,0,0,0,0,0,0
8750,M18749,M,297.4,306.5,1591,35.7,73,0,0,0,0,0,0
8751,M18750,M,297.5,306.5,1495,46.0,76,0,0,0,0,0,0
8752,L18751,L,297.4,306.4,1465,42.6,79,0,0,0,0,0,0
8753,M18752,M,297.5,306.4,1710,26.9,81,0,0,0,0,0,0
8754,H18753,H,297.5,306.6,1544,34.1,84,0,0,0,0,0,0
8755,L18754,L,297.5,306.6,1525,40.0,89,0,0,0,0,0,0
8756,L18755,L,297.5,306.6,1483,47.4,91,0,0,0,0,0,0
8757,L18756,L,297.5,306.6,1100,64.3,93,0,0,0,0,0,0
8758,L18757,L,297.5,306.5,1341,47.0,95,0,0,0,0,0,0
8759,L18758,L,297.4,306.5,1726,29.9,97,0,0,0,0,0,0
8760,L18759,L,297.4,306.5,1518,39.1,99,0,0,0,0,0,0
8761,M18760,M,297.3,306.4,1594,41.8,101,0,0,0,0,0,0
8762,L18761,L,297.3,306.4,1686,34.8,104,0,0,0,0,0,0
8763,L18762,L,297.2,306.3,1387,44.7,106,0,0,0,0,0,0
8764,M18763,M,297.3,306.4,1915,17.3,108,1,0,0,1,0,0
8765,L18764,L,297.3,306.4,1402,45.5,111,0,0,0,0,0,0
8766,L18765,L,297.3,306.4,1554,35.2,113,0,0,0,0,0,0
8767,M18766,M,297.3,306.4,1554,38.9,115,0,0,0,0,0,0
8768,H18767,H,297.3,306.4,1334,54.7,118,0,0,0,0,0,0
8769,M18768,M,297.4,306.6,1748,27.4,123,0,0,0,0,0,0
8770,L18769,L,297.4,306.6,1463,42.7,126,0,0,0,0,0,0
8771,L18770,L,297.4,306.6,1280,47.9,128,0,0,0,0,0,0
8772,H18771,H,297.4,306.6,1472,41.7,130,0,0,0,0,0,0
8773,M18772,M,297.4,306.5,1843,23.9,135,0,0,0,0,0,0
8774,M18773,M,297.4,306.5,1233,53.5,138,0,0,0,0,0,0
8775,M18774,M,297.4,306.5,1646,37.9,141,0,0,0,0,0,0
8776,L18775,L,297.4,306.5,1595,34.7,144,0,0,0,0,0,0
8777,L18776,L,297.4,306.6,1602,36.9,146,0,0,0,0,0,0
8778,M18777,M,297.4,306.5,1581,36.2,148,0,0,0,0,0,0
8779,H18778,H,297.4,306.6,1675,28.1,151,0,0,0,0,0,0
8780,L18779,L,297.5,306.6,1535,41.6,156,0,0,0,0,0,0
8781,M18780,M,297.6,306.7,1606,34.0,158,0,0,0,0,0,0
8782,L18781,L,297.6,306.7,1377,46.7,161,0,0,0,0,0,0
8783,H18782,H,297.6,306.6,1317,45.2,163,0,0,0,0,0,0
8784,L18783,L,297.5,306.5,1334,56.3,168,0,0,0,0,0,0
8785,M18784,M,297.4,306.4,1574,37.9,170,0,0,0,0,0,0
8786,L18785,L,297.5,306.4,1736,32.0,173,0,0,0,0,0,0
8787,M18786,M,297.4,306.3,1823,25.3,175,0,0,0,0,0,0
8788,M18787,M,297.3,306.2,1227,61.9,178,0,0,0,0,0,0
8789,L18788,L,297.3,306.3,1394,46.6,181,0,0,0,0,0,0
8790,H18789,H,297.4,306.3,1579,33.1,183,0,0,0,0,0,0
8791,H18790,H,297.3,306.2,1293,56.9,188,0,0,0,0,0,0
8792,H18791,H,297.4,306.3,1315,53.6,193,0,0,0,0,0,0
8793,L18792,L,297.3,306.2,1742,26.5,198,0,0,0,0,0,0
8794,M18793,M,297.3,306.3,1708,32.5,200,0,0,0,0,0,0
8795,M18794,M,297.3,306.2,1578,38.7,203,0,0,0,0,0,0
8796,M18795,M,297.3,306.3,1756,29.3,206,0,0,0,0,0,0
8797,L18796,L,297.3,306.3,1497,39.0,209,0,0,0,0,0,0
8798,M18797,M,297.3,306.3,1472,47.1,0,0,0,0,0,0,0
8799,L18798,L,297.3,306.2,1771,26.3,3,0,0,0,0,0,0
8800,L18799,L,297.2,306.2,1549,42.9,5,0,0,0,0,0,0
8801,L18800,L,297.2,306.1,1393,51.7,7,0,0,0,0,0,0
8802,L18801,L,297.2,306.1,1508,44.0,9,0,0,0,0,0,0
8803,L18802,L,297.3,306.1,1545,39.2,11,0,0,0,0,0,0
8804,L18803,L,297.4,306.2,1691,33.3,13,0,0,0,0,0,0
8805,M18804,M,297.4,306.3,1459,48.3,15,0,0,0,0,0,0
8806,M18805,M,297.4,306.3,1772,28.2,18,1,0,0,0,0,1
8807,L18806,L,297.4,306.3,1508,42.4,21,0,0,0,0,0,0
8808,M18807,M,297.3,306.1,1573,40.3,23,0,0,0,0,0,0
8809,H18808,H,297.3,306.1,1317,51.3,26,0,0,0,0,0,0
8810,H18809,H,297.3,306.1,1722,34.2,31,0,0,0,0,0,0
8811,H18810,H,297.2,306.0,1529,35.0,36,0,0,0,0,0,0
8812,H18811,H,297.2,305.9,1751,27.6,41,0,0,0,0,0,0
8813,M18812,M,297.2,306.0,1441,44.4,46,0,0,0,0,0,0
8814,H18813,H,297.2,306.0,1574,35.8,49,0,0,0,0,0,0
8815,H18814,H,297.2,306.1,1702,31.4,54,0,0,0,0,0,0
8816,L18815,L,297.1,306.0,1605,32.3,59,0,0,0,0,0,0
8817,H18816,H,297.1,306.0,1567,45.4,61,0,0,0,0,0,0
8818,M18817,M,297.1,305.9,1650,29.0,66,0,0,0,0,0,0
8819,M18818,M,297.1,305.9,1657,29.9,69,0,0,0,0,0,0
8820,H18819,H,297.0,305.8,1327,49.0,72,0,0,0,0,0,0
8821,L18820,L,297.0,305.9,1577,38.3,77,0,0,0,0,0,0
8822,L18821,L,297.0,305.9,1432,49.6,79,0,0,0,0,0,0
8823,M18822,M,296.9,305.8,1629,36.4,81,0,0,0,0,0,0
8824,M18823,M,296.9,305.8,1620,40.0,84,0,0,0,0,0,0
8825,H18824,H,296.9,305.8,1465,41.6,87,0,0,0,0,0,0
8826,H18825,H,296.9,305.9,1339,53.9,92,0,0,0,0,0,0
8827,M18826,M,296.9,305.9,1299,53.1,97,0,0,0,0,0,0
8828,H18827,H,296.9,305.9,1355,51.5,100,0,0,0,0,0,0
8829,L18828,L,296.8,305.7,1707,33.7,105,0,0,0,0,0,0
8830,H18829,H,296.8,305.7,1611,30.1,107,0,0,0,0,0,0
8831,L18830,L,296.8,305.7,1520,47.6,112,0,0,0,0,0,0
8832,M18831,M,296.8,305.7,1296,53.8,114,0,0,0,0,0,0
8833,L18832,L,296.8,305.7,1250,51.6,117,0,0,0,0,0,0
8834,M18833,M,296.8,305.6,1497,40.1,119,0,0,0,0,0,0
8835,L18834,L,296.8,305.6,1420,47.3,122,0,0,0,0,0,0
8836,L18835,L,296.8,305.7,1373,47.5,124,0,0,0,0,0,0
8837,M18836,M,296.8,305.7,1398,41.5,126,0,0,0,0,0,0
8838,M18837,M,296.7,305.7,1511,41.9,129,0,0,0,0,0,0
8839,L18838,L,296.7,305.7,1481,41.0,132,0,0,0,0,0,0
8840,M18839,M,296.7,305.7,1708,32.1,134,0,0,0,0,0,0
8841,L18840,L,296.7,305.8,1595,33.1,137,0,0,0,0,0,0
8842,L18841,L,296.7,305.7,1784,33.0,139,0,0,0,0,0,0
8843,L18842,L,296.7,305.6,1839,24.0,141,0,0,0,0,0,0
8844,M18843,M,296.7,305.6,1525,41.4,143,0,0,0,0,0,0
8845,M18844,M,296.6,305.5,1580,39.6,146,0,0,0,0,0,0
8846,M18845,M,296.7,305.6,1307,47.6,149,0,0,0,0,0,0
8847,H18846,H,296.7,305.5,1296,52.6,152,0,0,0,0,0,0
8848,M18847,M,296.7,305.5,1412,53.2,157,0,0,0,0,0,0
8849,M18848,M,296.7,305.6,1279,54.2,160,0,0,0,0,0,0
8850,H18849,H,296.7,305.7,1663,32.4,163,0,0,0,0,0,0
8851,L18850,L,296.8,305.7,1755,25.7,168,0,0,0,0,0,0
8852,L18851,L,296.7,305.7,1462,49.3,170,0,0,0,0,0,0
8853,L18852,L,296.7,305.6,1289,53.8,172,0,0,0,0,0,0
8854,M18853,M,296.8,305.7,1203,55.6,174,0,0,0,0,0,0
8855,M18854,M,296.8,305.8,1600,44.8,177,0,0,0,0,0,0
8856,L18855,L,296.8,305.7,1801,20.0,180,0,0,0,0,0,0
8857,H18856,H,296.8,305.7,1470,43.7,182,0,0,0,0,0,0
8858,H18857,H,296.8,305.7,1396,45.6,187,0,0,0,0,0,0
8859,L18858,L,296.8,305.6,1286,52.5,192,0,0,0,0,0,0
8860,L18859,L,296.8,305.6,1236,54.3,194,0,0,0,0,0,0
8861,L18860,L,296.8,305.6,1353,49.1,196,0,0,0,0,0,0
8862,L18861,L,296.7,305.4,1693,34.1,198,0,0,0,0,0,0
8863,H18862,H,296.8,305.4,1607,29.7,200,0,0,0,0,0,0
8864,M18863,M,296.8,305.4,1518,45.3,205,0,0,0,0,0,0
8865,L18864,L,296.8,305.5,1734,32.1,208,0,0,0,0,0,0
8866,L18865,L,296.8,305.4,1316,54.8,210,1,0,0,0,1,0
8867,L18866,L,296.8,305.4,1835,23.0,212,0,0,0,0,0,0
8868,L18867,L,296.8,305.5,1457,45.7,214,0,0,0,0,0,0
8869,L18868,L,296.8,305.5,1563,43.2,216,0,0,0,0,0,0
8870,M18869,M,296.8,305.6,1476,37.9,218,0,0,0,0,0,0
8871,M18870,M,296.8,305.6,1736,30.7,0,0,0,0,0,0,0
8872,H18871,H,296.9,305.6,1847,19.4,3,0,0,0,0,0,0
8873,L18872,L,297.0,305.6,1675,34.7,8,0,0,0,0,0,0
8874,M18873,M,297.0,305.6,1591,34.9,10,0,0,0,0,0,0
8875,L18874,L,297.0,305.7,1388,51.1,13,0,0,0,0,0,0
8876,L18875,L,297.0,305.7,1585,32.2,15,0,0,0,0,0,0
8877,H18876,H,297.0,305.7,1366,44.5,17,0,0,0,0,0,0
8878,M18877,M,297.0,305.6,1751,27.1,22,0,0,0,0,0,0
8879,L18878,L,297.0,305.7,1537,44.8,25,0,0,0,0,0,0
8880,L18879,L,296.9,305.5,1948,17.6,27,0,0,0,0,0,0
8881,M18880,M,297.0,305.5,1211,61.0,29,1,0,1,0,0,0
8882,H18881,H,297.0,305.5,1610,38.6,32,0,0,0,0,0,0
8883,M18882,M,297.1,305.7,1991,12.1,37,1,0,0,1,0,0
8884,L18883,L,297.2,305.7,1694,32.8,40,0,0,0,0,0,0
8885,L18884,L,297.2,305.6,1655,31.2,42,0,0,0,0,0,0
8886,L18885,L,297.2,305.6,1632,33.4,44,0,0,0,0,0,0
8887,L18886,L,297.2,305.6,1589,36.4,46,0,0,0,0,0,0
8888,M18887,M,297.2,305.5,1620,33.4,48,0,0,0,0,0,0
8889,M18888,M,297.2,305.4,1673,31.8,51,0,0,0,0,0,0
8890,L18889,L,297.2,305.4,1721,28.4,54,0,0,0,0,0,0
8891,M18890,M,297.2,305.4,1359,48.2,56,1,0,1,0,0,0
8892,M18891,M,297.2,305.4,1326,52.0,59,1,0,1,0,0,0
8893,M18892,M,297.1,305.4,1590,37.5,62,0,0,0,0,0,0
8894,L18893,L,297.1,305.3,1480,39.8,65,0,0,0,0,0,0
8895,L18894,L,297.1,305.4,1753,28.7,67,0,0,0,0,0,0
8896,L18895,L,297.1,305.5,1498,40.7,69,0,0,0,0,0,0
8897,L18896,L,297.1,305.5,1510,42.3,71,0,0,0,0,0,0
8898,L18897,L,297.1,305.4,1538,37.8,73,0,0,0,0,0,0
8899,L18898,L,297.1,305.4,1529,44.0,75,0,0,0,0,0,0
8900,L18899,L,297.1,305.2,1539,43.1,77,0,0,0,0,0,0
8901,L18900,L,297.0,305.2,1659,29.5,79,0,0,0,0,0,0
8902,H18901,H,297.0,305.3,1364,51.9,81,1,0,1,0,0,0
8903,M18902,M,297.1,305.4,1654,37.9,86,0,0,0,0,0,0
8904,L18903,L,297.1,305.4,1200,56.8,89,1,0,1,0,0,0
8905,H18904,H,297.1,305.6,1418,44.2,91,0,0,0,0,0,0
8906,L18905,L,297.1,305.6,1244,59.7,96,1,0,1,0,0,0
8907,L18906,L,297.1,305.5,1265,51.8,98,1,0,1,0,0,0
8908,H18907,H,297.0,305.3,1456,42.3,100,0,0,0,0,0,0
8909,L18908,L,297.1,305.4,1604,32.8,105,0,0,0,0,0,0
8910,L18909,L,297.1,305.3,1699,33.0,107,0,0,0,0,0,0
8911,L18910,L,297.0,305.3,1409,45.3,109,0,0,0,0,0,0
8912,M18911,M,297.0,305.3,1498,41.4,111,0,0,0,0,0,0
8913,M18912,M,297.0,305.2,1596,34.1,114,0,0,0,0,0,0
8914,L18913,L,297.1,305.3,1461,48.3,117,0,0,0,0,0,0
8915,L18914,L,297.0,305.3,1483,40.4,119,0,0,0,0,0,0
8916,L18915,L,297.0,305.2,1317,48.4,121,1,0,1,0,0,0
8917,M18916,M,297.1,305.3,1623,30.2,123,0,0,0,0,0,0
8918,L18917,L,297.0,305.2,1407,50.0,126,0,0,0,0,0,0
8919,H18918,H,296.9,305.0,1496,45.0,128,0,0,0,0,0,0
8920,M18919,M,296.9,305.1,1404,52.0,133,0,0,0,0,0,0
8921,L18920,L,296.9,305.1,1301,49.8,136,1,0,1,0,0,0
8922,M18921,M,297.0,305.1,1540,39.2,138,0,0,0,0,0,0
8923,L18922,L,297.0,305.2,1702,38.3,141,0,0,0,0,0,0
8924,L18923,L,297.1,305.3,1218,57.8,143,1,0,1,0,0,0
8925,L18924,L,297.0,305.3,1556,37.1,145,0,0,0,0,0,0
8926,L18925,L,297.1,305.3,1410,47.5,147,0,0,0,0,0,0
8927,M18926,M,297.0,305.3,1632,36.2,149,0,0,0,0,0,0
8928,H18927,H,297.1,305.3,1883,21.4,152,0,0,0,0,0,0
8929,L18928,L,297.1,305.4,1712,27.7,157,0,0,0,0,0,0
8930,L18929,L,297.1,305.4,1436,44.1,159,0,0,0,0,0,0
8931,M18930,M,297.2,305.4,1402,47.0,161,0,0,0,0,0,0
8932,L18931,L,297.2,305.4,1428,44.1,164,0,0,0,0,0,0
8933,L18932,L,297.3,305.5,1274,51.5,166,1,0,1,0,0,0
8934,H18933,H,297.3,305.6,1573,43.9,168,0,0,0,0,0,0
8935,H18934,H,297.3,305.5,1647,32.2,173,0,0,0,0,0,0
8936,H18935,H,297.3,305.5,1417,45.9,178,0,0,0,0,0,0
8937,L18936,L,297.3,305.5,1491,41.7,183,0,0,0,0,0,0
8938,L18937,L,297.3,305.5,1631,34.2,185,0,0,0,0,0,0
8939,L18938,L,297.3,305.5,1482,44.7,187,0,0,0,0,0,0
8940,H18939,H,297.3,305.5,1499,40.8,189,0,0,0,0,0,0
8941,L18940,L,297.2,305.5,1705,33.9,194,0,0,0,0,0,0
8942,L18941,L,297.2,305.5,1602,38.2,196,0,0,0,0,0,0
8943,L18942,L,297.1,305.5,1287,54.1,198,1,0,1,0,0,0
8944,M18943,M,297.2,305.6,1266,53.8,200,1,0,1,0,0,0
8945,M18944,M,297.2,305.6,1567,41.9,203,0,0,0,0,0,0
8946,M18945,M,297.2,305.6,1519,40.6,206,0,0,0,0,0,0
8947,L18946,L,297.2,305.7,1712,25.7,209,0,0,0,0,0,0
8948,M18947,M,297.2,305.7,1303,57.2,211,1,0,1,0,1,0
8949,L18948,L,297.2,305.6,1321,50.4,214,1,0,1,0,0,0
8950,L18949,L,297.2,305.6,1459,47.5,216,0,0,0,0,0,0
8951,L18950,L,297.1,305.6,1784,17.3,218,1,0,0,1,0,0
8952,M18951,M,297.1,305.6,1510,40.4,220,0,0,0,0,0,0
8953,L18952,L,297.1,305.6,1624,38.7,223,0,0,0,0,0,0
8954,H18953,H,297.2,305.7,1422,46.8,225,0,0,0,0,0,0
8955,L18954,L,297.2,305.7,1648,35.5,0,0,0,0,0,0,0
8956,L18955,L,297.3,305.8,1527,37.7,2,0,0,0,0,0,0
8957,M18956,M,297.2,305.6,1452,46.2,4,0,0,0,0,0,0
8958,M18957,M,297.3,305.8,1670,32.3,7,0,0,0,0,0,0
8959,L18958,L,297.2,305.8,1649,34.3,10,0,0,0,0,0,0
8960,M18959,M,297.2,305.8,1619,41.9,12,0,0,0,0,0,0
8961,L18960,L,297.1,305.6,1383,53.4,15,0,0,0,0,0,0
8962,L18961,L,297.2,305.5,1445,48.1,17,0,0,0,0,0,0
8963,M18962,M,297.2,305.6,1400,50.8,19,0,0,0,0,0,0
8964,M18963,M,297.2,305.5,1476,40.6,22,0,0,0,0,0,0
8965,L18964,L,297.2,305.5,1257,55.0,25,1,0,1,0,0,0
8966,L18965,L,297.3,305.6,1748,22.6,27,0,0,0,0,0,0
8967,M18966,M,297.2,305.6,1123,60.2,29,1,0,1,0,0,0
8968,L18967,L,297.2,305.5,1123,61.5,32,1,0,1,0,0,0
8969,H18968,H,297.2,305.5,1459,44.6,34,0,0,0,0,0,0
8970,M18969,M,297.2,305.6,1328,48.3,39,1,0,1,0,0,0
8971,H18970,H,297.2,305.4,1542,39.6,42,0,0,0,0,0,0
8972,L18971,L,297.3,305.5,1565,37.9,47,0,0,0,0,0,0
8973,H18972,H,297.3,305.6,1578,33.9,49,0,0,0,0,0,0
8974,L18973,L,297.3,305.6,1632,39.5,54,0,0,0,0,0,0
8975,L18974,L,297.3,305.6,1369,45.6,56,1,0,1,0,0,0
8976,L18975,L,297.2,305.6,1529,44.2,58,0,0,0,0,0,0
8977,L18976,L,297.2,305.7,1100,59.9,60,1,0,1,0,0,0
8978,H18977,H,297.3,305.8,1513,41.0,62,0,0,0,0,0,0
8979,M18978,M,297.3,305.8,1724,25.1,67,0,0,0,0,0,0
8980,M18979,M,297.4,305.8,1222,56.4,70,1,0,1,0,0,0
8981,M18980,M,297.4,305.9,1847,27.8,73,0,0,0,0,0,0
8982,M18981,M,297.4,305.9,1614,34.4,76,0,0,0,0,0,0
8983,M18982,M,297.4,305.9,1430,42.7,79,0,0,0,0,0,0
8984,H18983,H,297.4,305.9,1494,44.2,82,0,0,0,0,0,0
8985,M18984,M,297.4,305.9,1764,25.5,87,0,0,0,0,0,0
8986,M18985,M,297.4,305.9,1673,32.5,90,0,0,0,0,0,0
8987,L18986,L,297.4,306.0,1739,25.2,93,0,0,0,0,0,0
8988,H18987,H,297.4,306.1,1384,46.2,95,0,0,0,0,0,0
8989,L18988,L,297.4,306.0,1293,51.8,100,0,0,0,0,0,0
8990,L18989,L,297.3,305.9,1790,27.8,102,0,0,0,0,0,0
8991,H18990,H,297.4,305.9,1356,50.0,104,1,0,1,0,0,0
8992,L18991,L,297.5,306.0,1321,49.3,109,1,0,1,0,0,0
8993,L18992,L,297.5,306.0,1659,33.4,111,0,0,0,0,0,0
8994,L18993,L,297.5,306.0,1880,20.2,113,0,0,0,0,0,0
8995,L18994,L,297.4,306.0,1752,29.3,115,0,0,0,0,0,0
8996,H18995,H,297.3,305.8,1612,34.0,117,0,0,0,0,0,0
8997,H18996,H,297.2,305.6,1272,55.4,122,1,0,1,0,0,0
8998,L18997,L,297.2,305.6,1582,38.8,127,0,0,0,0,0,0
8999,H18998,H,297.2,305.5,1653,29.9,129,0,0,0,0,0,0
9000,M18999,M,297.2,305.5,1562,41.5,134,0,0,0,0,0,0
9001,H19000,H,297.1,305.4,1759,27.0,137,0,0,0,0,0,0
9002,L19001,L,297.1,305.5,1389,45.1,142,0,0,0,0,0,0
9003,L19002,L,297.1,305.5,1642,30.2,144,0,0,0,0,0,0
9004,L19003,L,297.1,305.6,1674,31.7,146,0,0,0,0,0,0
9005,L19004,L,297.0,305.5,1443,43.8,148,0,0,0,0,0,0
9006,M19005,M,296.9,305.4,1283,57.5,150,1,0,1,0,0,0
9007,L19006,L,297.0,305.4,1148,62.0,153,1,0,1,0,0,0
9008,M19007,M,297.0,305.4,1732,29.6,155,0,0,0,0,0,0
9009,M19008,M,297.0,305.4,1592,34.0,158,0,0,0,0,0,0
9010,L19009,L,297.0,305.5,1449,45.2,161,0,0,0,0,0,0
9011,L19010,L,296.9,305.5,1413,51.7,163,0,0,0,0,0,0
9012,M19011,M,296.9,305.5,1898,18.4,165,0,0,0,0,0,0
9013,H19012,H,296.9,305.5,1492,40.9,168,0,0,0,0,0,0
9014,L19013,L,296.9,305.5,1573,35.1,173,0,0,0,0,0,0
9015,H19014,H,296.9,305.6,1864,20.8,175,0,0,0,0,0,0
9016,H19015,H,297.0,305.8,1844,26.6,180,0,0,0,0,0,0
9017,M19016,M,296.9,305.7,1558,34.3,185,0,0,0,0,0,0
9018,L19017,L,296.9,305.7,1525,40.6,188,0,0,0,0,0,0
9019,M19018,M,296.9,305.8,1271,50.1,190,0,0,0,0,0,0
9020,H19019,H,297.0,305.9,1455,43.5,193,0,0,0,0,0,0
9021,L19020,L,297.0,306.0,1392,49.5,198,0,0,0,0,0,0
9022,H19021,H,297.0,306.1,1445,40.3,200,1,1,0,0,0,0
9023,H19022,H,297.0,306.2,1633,33.0,0,0,0,0,0,0,0
9024,L19023,L,296.9,306.1,1585,38.2,5,0,0,0,0,0,0
9025,M19024,M,296.9,306.1,1427,47.0,7,0,0,0,0,0,0
9026,M19025,M,296.8,306.1,1381,50.3,10,0,0,0,0,0,0
9027,M19026,M,296.8,306.1,1509,38.5,13,0,0,0,0,0,0
9028,H19027,H,296.8,306.1,1712,30.7,16,0,0,0,0,0,0
9029,L19028,L,296.7,306.1,1447,43.4,21,0,0,0,0,0,0
9030,L19029,L,296.6,306.0,1497,44.8,23,0,0,0,0,0,0
9031,L19030,L,296.6,305.9,1199,52.3,25,0,0,0,0,0,0
9032,H19031,H,296.7,306.0,1637,33.2,27,0,0,0,0,0,0
9033,L19032,L,296.7,306.0,1657,33.3,32,0,0,0,0,0,0
9034,H19033,H,296.7,306.0,1485,47.6,34,0,0,0,0,0,0
9035,L19034,L,296.8,306.1,1612,35.9,39,0,0,0,0,0,0
9036,L19035,L,296.8,306.1,1625,35.5,41,0,0,0,0,0,0
9037,H19036,H,296.8,306.1,1346,52.5,43,0,0,0,0,0,0
9038,M19037,M,296.8,306.2,1841,26.3,48,0,0,0,0,0,0
9039,L19038,L,296.9,306.4,1167,60.6,51,0,0,0,0,0,0
9040,L19039,L,296.8,306.2,1564,33.9,53,0,0,0,0,0,0
9041,L19040,L,296.8,306.2,1301,48.7,55,0,0,0,0,0,0
9042,L19041,L,296.8,306.1,1594,38.9,57,0,0,0,0,0,0
9043,L19042,L,296.8,306.0,1504,42.7,59,0,0,0,0,0,0
9044,M19043,M,296.8,306.0,1568,37.4,61,0,0,0,0,0,0
9045,L19044,L,296.8,306.1,1360,48.6,64,0,0,0,0,0,0
9046,L19045,L,296.8,306.2,1607,36.5,66,0,0,0,0,0,0
9047,L19046,L,296.8,306.3,1647,34.3,68,0,0,0,0,0,0
9048,L19047,L,296.8,306.2,1256,58.1,70,0,0,0,0,0,0
9049,H19048,H,296.7,306.0,1471,40.3,72,0,0,0,0,0,0
9050,L19049,L,296.7,306.0,1554,33.2,77,0,0,0,0,0,0
9051,L19050,L,296.6,305.8,1740,25.1,79,0,0,0,0,0,0
9052,M19051,M,296.6,305.8,1145,58.7,81,0,0,0,0,0,0
9053,H19052,H,296.6,305.8,1553,34.5,84,0,0,0,0,0,0
9054,M19053,M,296.6,305.6,1275,60.6,89,0,0,0,0,0,0
9055,H19054,H,296.5,305.5,1343,44.0,92,0,0,0,0,0,0
9056,H19055,H,296.5,305.5,1540,41.4,97,0,0,0,0,0,0
9057,M19056,M,296.6,305.5,1560,41.7,102,0,0,0,0,0,0
9058,H19057,H,296.6,305.5,1216,62.2,105,0,0,0,0,0,0
9059,L19058,L,296.6,305.6,1926,18.1,110,0,0,0,0,0,0
9060,H19059,H,296.6,305.6,1575,42.1,112,0,0,0,0,0,0
9061,H19060,H,296.6,305.6,1683,37.3,117,0,0,0,0,0,0
9062,H19061,H,296.6,305.5,1557,37.9,122,0,0,0,0,0,0
9063,L19062,L,296.6,305.5,1538,41.5,127,0,0,0,0,0,0
9064,M19063,M,296.6,305.5,1655,37.3,129,0,0,0,0,0,0
9065,L19064,L,296.6,305.6,1458,41.9,132,0,0,0,0,0,0
9066,M19065,M,296.6,305.8,1528,39.8,134,0,0,0,0,0,0
9067,L19066,L,296.7,305.9,1726,26.9,137,0,0,0,0,0,0
9068,M19067,M,296.7,306.2,1499,43.8,139,0,0,0,0,0,0
9069,M19068,M,296.7,306.1,1310,47.2,142,0,0,0,0,0,0
9070,L19069,L,296.7,306.1,1710,34.6,145,0,0,0,0,0,0
9071,L19070,L,296.8,306.1,1250,58.7,147,0,0,0,0,0,0
9072,L19071,L,296.8,306.1,1344,53.4,149,0,0,0,0,0,0
9073,M19072,M,296.7,306.0,1262,48.4,151,0,0,0,0,0,0
9074,M19073,M,296.7,306.1,1338,48.3,154,0,0,0,0,0,0
9075,M19074,M,296.7,306.1,1616,40.3,157,0,0,0,0,0,0
9076,L19075,L,296.7,306.1,1334,51.4,160,0,0,0,0,0,0
9077,H19076,H,296.8,306.1,1175,55.7,162,0,0,0,0,0,0
9078,M19077,M,296.8,306.1,1413,48.1,167,0,0,0,0,0,0
9079,L19078,L,296.8,306.2,1673,34.3,170,0,0,0,0,0,0
9080,L19079,L,296.7,306.2,1574,39.6,172,0,0,0,0,0,0
9081,L19080,L,296.7,306.0,1432,45.7,174,0,0,0,0,0,0
9082,L19081,L,296.7,306.1,1459,48.4,176,0,0,0,0,0,0
9083,L19082,L,296.8,306.2,1512,39.2,178,0,0,0,0,0,0
9084,L19083,L,296.8,306.2,1665,34.3,180,0,0,0,0,0,0
9085,L19084,L,296.9,306.3,1276,55.8,182,0,0,0,0,0,0
9086,L19085,L,296.8,306.3,1713,29.3,184,0,0,0,0,0,0
9087,L19086,L,296.9,306.3,1677,30.6,186,0,0,0,0,0,0
9088,H19087,H,296.8,306.3,1744,26.7,188,0,0,0,0,0,0
9089,M19088,M,296.8,306.3,1700,30.6,193,0,0,0,0,0,0
9090,L19089,L,296.8,306.3,1310,52.5,196,0,0,0,0,0,0
9091,M19090,M,296.8,306.5,1361,52.8,198,0,0,0,0,0,0
9092,M19091,M,296.8,306.4,1521,39.3,201,0,0,0,0,0,0
9093,L19092,L,296.7,306.3,1541,45.0,204,0,0,0,0,0,0
9094,L19093,L,296.6,306.3,1507,39.9,206,0,0,0,0,0,0
9095,L19094,L,296.7,306.3,1792,28.1,208,0,0,0,0,0,0
9096,M19095,M,296.7,306.3,1215,62.2,0,0,0,0,0,0,0
9097,L19096,L,296.6,306.2,1313,53.7,3,0,0,0,0,0,0
9098,L19097,L,296.6,306.1,1482,43.5,5,0,0,0,0,0,0
9099,M19098,M,296.6,306.1,1643,31.4,7,0,0,0,0,0,0
9100,H19099,H,296.6,306.0,1547,37.8,10,0,0,0,0,0,0
9101,L19100,L,296.7,306.1,1668,33.1,15,0,0,0,0,0,0
9102,M19101,M,296.7,306.1,1519,41.0,17,0,0,0,0,0,0
9103,L19102,L,296.7,306.1,1551,43.1,20,0,0,0,0,0,0
9104,M19103,M,296.7,306.2,1571,36.6,22,0,0,0,0,0,0
9105,M19104,M,296.7,306.1,1763,25.5,25,0,0,0,0,0,0
9106,M19105,M,296.7,306.1,1100,61.3,28,0,0,0,0,0,0
9107,L19106,L,296.7,306.0,1534,42.4,31,0,0,0,0,0,0
9108,L19107,L,296.6,305.9,1491,44.6,33,0,0,0,0,0,0
9109,H19108,H,296.6,305.8,1664,35.8,35,0,0,0,0,0,0
9110,L19109,L,296.6,305.7,1861,24.4,40,0,0,0,0,0,0
9111,H19110,H,296.6,305.7,1596,39.2,42,0,0,0,0,0,0
9112,L19111,L,296.5,305.6,1639,36.8,47,0,0,0,0,0,0
9113,L19112,L,296.6,305.6,1451,47.1,49,0,0,0,0,0,0
9114,L19113,L,296.5,305.6,1427,49.1,51,0,0,0,0,0,0
9115,L19114,L,296.5,305.5,1305,47.7,53,0,0,0,0,0,0
9116,H19115,H,296.6,305.6,1308,49.9,55,0,0,0,0,0,0
9117,L19116,L,296.6,305.7,1161,58.0,60,0,0,0,0,0,0
9118,M19117,M,296.6,305.6,1543,43.9,62,0,0,0,0,0,0
9119,M19118,M,296.6,305.6,1307,51.0,65,0,0,0,0,0,0
9120,H19119,H,296.7,305.6,1419,44.9,68,0,0,0,0,0,0
9121,M19120,M,296.6,305.6,1861,21.0,73,0,0,0,0,0,0
9122,H19121,H,296.7,305.6,1495,38.5,76,0,0,0,0,0,0
9123,H19122,H,296.8,305.6,1707,31.3,81,0,0,0,0,0,0
9124,L19123,L,296.9,305.8,1380,42.3,86,0,0,0,0,0,0
9125,H19124,H,296.8,305.7,1607,32.1,88,0,0,0,0,0,0
9126,H19125,H,296.8,305.8,1446,46.1,93,0,0,0,0,0,0
9127,L19126,L,296.7,305.8,1302,49.8,98,0,0,0,0,0,0
9128,M19127,M,296.8,305.9,1406,52.0,100,0,0,0,0,0,0
9129,L19128,L,296.8,305.9,1265,56.2,103,0,0,0,0,0,0
9130,M19129,M,296.8,306.0,1886,23.2,105,0,0,0,0,0,0
9131,L19130,L,296.9,306.0,1762,28.0,108,0,0,0,0,0,0
9132,M19131,M,296.9,306.2,1100,69.3,110,0,0,0,0,0,0
9133,L19132,L,297.0,306.2,1311,50.1,113,0,0,0,0,0,0
9134,M19133,M,296.9,306.2,1552,42.2,115,0,0,0,0,0,0
9135,L19134,L,297.0,306.3,1557,40.3,118,0,0,0,0,0,0
9136,M19135,M,297.0,306.4,1664,39.4,120,0,0,0,0,0,0
9137,L19136,L,296.9,306.3,1913,20.7,123,0,0,0,0,0,0
9138,M19137,M,297.0,306.4,1647,32.3,125,0,0,0,0,0,0
9139,L19138,L,297.1,306.5,1573,38.9,128,0,0,0,0,0,0
9140,L19139,L,297.1,306.5,1683,32.8,130,0,0,0,0,0,0
9141,L19140,L,297.1,306.5,1703,34.1,132,0,0,0,0,0,0
9142,H19141,H,297.1,306.6,1177,65.6,134,0,0,0,0,0,0
9143,L19142,L,297.0,306.3,1572,37.5,139,0,0,0,0,0,0
9144,M19143,M,297.0,306.3,1423,42.8,141,0,0,0,0,0,0
9145,L19144,L,297.0,306.3,1393,42.4,144,0,0,0,0,0,0
9146,M19145,M,297.1,306.4,1374,45.9,146,0,0,0,0,0,0
9147,L19146,L,297.1,306.3,1586,35.2,149,0,0,0,0,0,0
9148,L19147,L,297.2,306.4,1410,52.5,151,0,0,0,0,0,0
9149,L19148,L,297.2,306.4,1548,44.4,153,0,0,0,0,0,0
9150,L19149,L,297.2,306.4,1811,27.1,155,0,0,0,0,0,0
9151,L19150,L,297.2,306.5,1625,38.9,157,0,0,0,0,0,0
9152,L19151,L,297.3,306.5,1528,38.3,159,0,0,0,0,0,0
9153,M19152,M,297.2,306.5,1490,37.8,161,0,0,0,0,0,0
9154,H19153,H,297.2,306.5,1395,45.1,164,0,0,0,0,0,0
9155,L19154,L,297.2,306.4,1316,46.3,169,0,0,0,0,0,0
9156,H19155,H,297.1,306.3,1388,45.2,171,0,0,0,0,0,0
9157,L19156,L,297.2,306.4,1452,43.4,176,0,0,0,0,0,0
9158,L19157,L,297.2,306.3,1533,40.9,178,0,0,0,0,0,0
9159,L19158,L,297.2,306.3,1911,18.5,180,0,0,0,0,0,0
9160,L19159,L,297.1,306.4,1367,47.8,182,0,0,0,0,0,0
9161,L19160,L,297.2,306.3,1487,44.9,184,0,0,0,0,0,0
9162,H19161,H,297.1,306.3,1668,30.2,186,0,0,0,0,0,0
9163,M19162,M,297.1,306.3,1491,42.8,191,0,0,0,0,0,0
9164,M19163,M,297.1,306.4,1366,46.5,194,0,0,0,0,0,0
9165,L19164,L,297.2,306.4,1400,51.7,197,0,0,0,0,0,0
9166,L19165,L,297.2,306.4,1452,45.1,199,0,0,0,0,0,0
9167,M19166,M,297.3,306.4,1521,43.2,201,0,0,0,0,0,0
9168,L19167,L,297.3,306.4,1309,49.5,0,0,0,0,0,0,0
9169,L19168,L,297.2,306.4,1600,36.9,2,0,0,0,0,0,0
9170,L19169,L,297.2,306.3,1500,44.1,4,0,0,0,0,0,0
9171,L19170,L,297.2,306.2,1529,33.8,6,0,0,0,0,0,0
9172,M19171,M,297.1,306.2,1414,51.1,8,0,0,0,0,0,0
9173,L19172,L,297.1,306.2,1742,23.9,11,0,0,0,0,0,0
9174,L19173,L,297.2,306.4,1411,48.2,13,0,0,0,0,0,0
9175,H19174,H,297.2,306.3,1635,40.2,15,0,0,0,0,0,0
9176,H19175,H,297.2,306.4,1427,49.7,20,0,0,0,0,0,0
9177,L19176,L,297.2,306.3,1587,32.2,25,0,0,0,0,0,0
9178,L19177,L,297.2,306.3,1513,40.9,27,0,0,0,0,0,0
9179,M19178,M,297.2,306.3,1597,40.6,29,0,0,0,0,0,0
9180,L19179,L,297.2,306.2,1419,44.3,32,0,0,0,0,0,0
9181,L19180,L,297.2,306.2,1696,29.5,34,0,0,0,0,0,0
9182,L19181,L,297.1,306.2,1408,46.4,36,0,0,0,0,0,0
9183,L19182,L,297.1,306.2,1884,21.5,38,0,0,0,0,0,0
9184,H19183,H,297.1,306.1,1566,33.3,40,0,0,0,0,0,0
9185,M19184,M,297.1,306.0,1839,24.4,45,0,0,0,0,0,0
9186,H19185,H,297.2,306.2,1362,48.3,48,0,0,0,0,0,0
9187,M19186,M,297.2,306.2,1469,44.0,53,0,0,0,0,0,0
9188,M19187,M,297.2,306.2,1448,44.6,56,0,0,0,0,0,0
9189,M19188,M,297.2,306.2,1321,54.7,59,0,0,0,0,0,0
9190,M19189,M,297.3,306.4,1591,36.8,62,0,0,0,0,0,0
9191,L19190,L,297.3,306.5,1515,46.1,65,0,0,0,0,0,0
9192,L19191,L,297.4,306.5,1582,40.7,67,0,0,0,0,0,0
9193,M19192,M,297.3,306.4,1508,39.1,69,0,0,0,0,0,0
9194,L19193,L,297.2,306.4,1392,53.1,72,0,0,0,0,0,0
9195,L19194,L,297.2,306.2,1202,60.8,74,0,0,0,0,0,0
9196,L19195,L,297.2,306.2,1621,35.7,76,0,0,0,0,0,0
9197,M19196,M,297.2,306.2,1444,48.3,78,0,0,0,0,0,0
9198,L19197,L,297.2,306.1,1426,43.2,81,0,0,0,0,0,0
9199,L19198,L,297.2,306.2,1405,43.3,83,0,0,0,0,0,0
9200,L19199,L,297.3,306.2,1497,42.5,85,0,0,0,0,0,0
9201,L19200,L,297.3,306.3,1561,36.7,87,0,0,0,0,0,0
9202,H19201,H,297.3,306.3,2264,4.2,89,1,0,0,1,0,0
9203,L19202,L,297.2,306.3,1234,55.3,94,0,0,0,0,0,0
9204,L19203,L,297.3,306.4,1658,33.1,96,0,0,0,0,0,0
9205,L19204,L,297.3,306.4,1590,37.6,98,0,0,0,0,0,0
9206,H19205,H,297.3,306.6,1644,37.8,100,0,0,0,0,0,0
9207,M19206,M,297.3,306.6,1616,32.2,105,0,0,0,0,0,0
9208,L19207,L,297.4,306.9,1407,42.4,108,0,0,0,0,0,0
9209,L19208,L,297.4,306.9,1623,39.6,110,0,0,0,0,0,0
9210,M19209,M,297.4,306.9,1664,32.8,112,0,0,0,0,0,0
9211,H19210,H,297.4,306.9,1558,41.5,115,0,0,0,0,0,0
9212,L19211,L,297.4,306.9,1592,39.7,120,0,0,0,0,0,0
9213,L19212,L,297.4,306.8,1438,49.3,122,0,0,0,0,0,0
9214,L19213,L,297.4,306.9,1745,26.6,124,0,0,0,0,0,0
9215,L19214,L,297.4,306.9,1639,31.9,126,0,0,0,0,0,0
9216,M19215,M,297.4,307.0,1303,47.3,128,0,0,0,0,0,0
9217,H19216,H,297.4,306.9,1591,33.6,131,0,0,0,0,0,0
9218,H19217,H,297.3,306.8,1695,31.0,136,0,0,0,0,0,0
9219,M19218,M,297.2,306.7,1599,34.1,141,0,0,0,0,0,0
9220,L19219,L,297.2,306.6,1491,39.0,144,0,0,0,0,0,0
9221,H19220,H,297.2,306.6,1557,39.0,146,0,0,0,0,0,0
9222,L19221,L,297.2,306.6,1649,37.9,151,0,0,0,0,0,0
9223,L19222,L,297.2,306.6,1710,29.7,153,0,0,0,0,0,0
9224,M19223,M,297.2,306.6,1343,47.7,155,0,0,0,0,0,0
9225,L19224,L,297.3,306.6,1384,53.3,158,0,0,0,0,0,0
9226,H19225,H,297.2,306.4,1820,20.9,160,0,0,0,0,0,0
9227,H19226,H,297.2,306.3,1885,24.5,165,0,0,0,0,0,0
9228,M19227,M,297.2,306.4,1353,50.0,170,0,0,0,0,0,0
9229,M19228,M,297.4,306.6,1277,55.7,173,0,0,0,0,0,0
9230,L19229,L,297.4,306.6,1987,18.7,176,0,0,0,0,0,0
9231,L19230,L,297.4,306.7,1324,48.2,178,0,0,0,0,0,0
9232,M19231,M,297.4,306.6,1201,56.4,180,0,0,0,0,0,0
9233,M19232,M,297.3,306.4,1666,31.4,183,0,0,0,0,0,0
9234,H19233,H,297.3,306.4,1262,55.8,186,0,0,0,0,0,0
9235,L19234,L,297.3,306.3,1716,38.2,191,0,0,0,0,0,0
9236,L19235,L,297.4,306.3,1435,43.1,193,0,0,0,0,0,0
9237,L19236,L,297.3,306.3,1587,32.8,195,0,0,0,0,0,0
9238,M19237,M,297.3,306.2,1315,50.0,197,0,0,0,0,0,0
9239,M19238,M,297.3,306.3,1409,48.3,200,0,0,0,0,0,0
9240,H19239,H,297.3,306.3,1272,57.2,203,0,0,0,0,0,0
9241,L19240,L,297.3,306.2,1254,54.4,208,1,1,0,0,1,0
9242,L19241,L,297.3,306.2,1541,39.9,0,0,0,0,0,0,0
9243,L19242,L,297.3,306.1,1118,71.1,2,0,0,0,0,0,0
9244,L19243,L,297.3,306.1,1310,53.5,4,0,0,0,0,0,0
9245,L19244,L,297.3,306.1,1464,45.4,6,0,0,0,0,0,0
9246,M19245,M,297.4,306.2,1813,30.0,8,0,0,0,0,0,0
9247,L19246,L,297.3,306.1,1759,24.7,11,0,0,0,0,0,0
9248,L19247,L,297.2,306.0,1741,25.5,13,0,0,0,0,0,0
9249,M19248,M,297.2,305.9,1671,30.7,15,0,0,0,0,0,0
9250,H19249,H,297.2,305.9,1274,53.8,18,0,0,0,0,0,0
9251,L19250,L,297.2,306.1,1353,44.9,23,0,0,0,0,0,0
9252,L19251,L,297.1,306.1,1650,33.9,25,0,0,0,0,0,0
9253,M19252,M,297.2,306.1,1573,38.6,27,0,0,0,0,0,0
9254,M19253,M,297.2,306.1,1571,37.4,30,0,0,0,0,0,0
9255,H19254,H,297.2,306.1,1416,48.0,33,0,0,0,0,0,0
9256,L19255,L,297.2,306.1,1702,31.2,38,0,0,0,0,0,0
9257,M19256,M,297.2,306.1,1405,43.5,40,0,0,0,0,0,0
9258,H19257,H,297.2,306.2,1503,43.0,43,0,0,0,0,0,0
9259,L19258,L,297.1,306.2,1714,31.5,48,0,0,0,0,0,0
9260,L19259,L,297.1,306.2,1179,55.9,50,0,0,0,0,0,0
9261,H19260,H,297.1,306.2,1670,37.0,52,0,0,0,0,0,0
9262,L19261,L,297.1,306.2,1638,30.1,57,0,0,0,0,0,0
9263,M19262,M,297.2,306.3,1329,48.5,59,0,0,0,0,0,0
9264,H19263,H,297.2,306.3,1540,40.5,62,0,0,0,0,0,0
9265,L19264,L,297.2,306.3,1498,44.1,67,0,0,0,0,0,0
9266,M19265,M,297.3,306.4,1783,28.2,69,0,0,0,0,0,0
9267,L19266,L,297.3,306.4,1431,48.1,72,0,0,0,0,0,0
9268,H19267,H,297.3,306.4,1140,61.7,74,0,0,0,0,0,0
9269,H19268,H,297.3,306.4,1759,27.4,79,0,0,0,0,0,0
9270,H19269,H,297.3,306.4,1460,43.5,84,0,0,0,0,0,0
9271,L19270,L,297.3,306.3,1681,32.1,89,0,0,0,0,0,0
9272,M19271,M,297.2,306.2,1100,66.9,91,0,0,0,0,0,0
9273,H19272,H,297.3,306.2,1299,52.4,94,0,0,0,0,0,0
9274,M19273,M,297.3,306.2,1471,42.8,99,0,0,0,0,0,0
9275,M19274,M,297.3,306.2,1643,27.7,102,0,0,0,0,0,0
9276,L19275,L,297.3,306.2,1752,30.1,105,0,0,0,0,0,0
9277,H19276,H,297.3,306.2,1428,47.5,107,0,0,0,0,0,0
9278,L19277,L,297.3,306.4,1641,26.4,112,0,0,0,0,0,0
9279,L19278,L,297.3,306.4,1809,26.7,114,0,0,0,0,0,0
9280,H19279,H,297.3,306.4,1534,40.1,116,0,0,0,0,0,0
9281,H19280,H,297.3,306.4,1463,41.3,121,0,0,0,0,0,0
9282,H19281,H,297.3,306.5,1416,43.8,126,0,0,0,0,0,0
9283,L19282,L,297.3,306.6,1574,35.6,131,0,0,0,0,0,0
9284,L19283,L,297.4,306.7,1329,49.2,133,0,0,0,0,0,0
9285,L19284,L,297.3,306.6,1640,31.4,135,0,0,0,0,0,0
9286,L19285,L,297.4,306.6,1526,46.3,137,0,0,0,0,0,0
9287,H19286,H,297.4,306.6,1522,42.1,139,0,0,0,0,0,0
9288,M19287,M,297.3,306.6,1550,46.0,144,0,0,0,0,0,0
9289,L19288,L,297.3,306.5,1350,51.8,147,0,0,0,0,0,0
9290,L19289,L,297.3,306.5,1648,35.4,149,0,0,0,0,0,0
9291,L19290,L,297.3,306.5,1601,33.4,151,0,0,0,0,0,0
9292,H19291,H,297.3,306.7,1816,23.1,153,0,0,0,0,0,0
9293,M19292,M,297.4,306.8,1877,19.8,158,0,0,0,0,0,0
9294,L19293,L,297.4,306.9,1603,38.2,161,0,0,0,0,0,0
9295,L19294,L,297.5,306.9,1554,38.9,163,0,0,0,0,0,0
9296,L19295,L,297.5,306.8,1742,29.1,165,0,0,0,0,0,0
9297,L19296,L,297.5,306.9,1704,31.3,167,0,0,0,0,0,0
9298,H19297,H,297.5,307.0,1262,55.2,169,0,0,0,0,0,0
9299,M19298,M,297.4,307.0,1366,48.8,174,0,0,0,0,0,0
9300,L19299,L,297.4,306.9,1715,27.4,177,0,0,0,0,0,0
9301,M19300,M,297.4,307.0,1674,35.6,179,0,0,0,0,0,0
9302,L19301,L,297.3,306.9,1452,44.1,182,0,0,0,0,0,0
9303,L19302,L,297.2,306.8,1663,33.7,184,0,0,0,0,0,0
9304,M19303,M,297.3,306.9,1667,31.9,186,0,0,0,0,0,0
9305,L19304,L,297.3,306.9,1655,36.6,189,0,0,0,0,0,0
9306,L19305,L,297.3,306.9,1241,50.9,191,0,0,0,0,0,0
9307,H19306,H,297.3,306.9,1354,51.8,193,0,0,0,0,0,0
9308,H19307,H,297.4,307.0,1593,32.6,198,0,0,0,0,0,0
9309,L19308,L,297.4,307.0,1482,44.6,203,0,0,0,0,0,0
9310,M19309,M,297.2,306.9,1531,39.9,205,0,0,0,0,0,0
9311,L19310,L,297.3,306.8,1627,29.9,208,0,0,0,0,0,0
9312,M19311,M,297.2,306.8,1607,37.0,210,0,0,0,0,0,0
9313,L19312,L,297.2,306.7,1766,27.4,213,0,0,0,0,0,0
9314,M19313,M,297.2,306.6,1327,51.6,215,0,0,0,0,0,0
9315,L19314,L,297.3,306.7,1268,55.5,218,1,0,0,0,1,0
9316,H19315,H,297.1,306.5,1617,35.9,220,0,0,0,0,0,0
9317,H19316,H,297.2,306.5,1714,33.5,225,1,1,0,0,0,0
9318,L19317,L,297.2,306.6,1341,50.5,0,0,0,0,0,0,0
9319,M19318,M,297.2,306.6,1388,52.2,2,0,0,0,0,0,0
9320,L19319,L,297.2,306.4,1725,28.9,5,0,0,0,0,0,0
9321,M19320,M,297.2,306.6,1636,38.5,7,0,0,0,0,0,0
9322,L19321,L,297.3,306.8,1535,39.4,10,0,0,0,0,0,0
9323,L19322,L,297.3,306.8,1632,32.3,12,0,0,0,0,0,0
9324,M19323,M,297.4,306.9,1411,43.9,14,0,0,0,0,0,0
9325,L19324,L,297.4,306.9,1655,33.0,17,0,0,0,0,0,0
9326,M19325,M,297.4,306.8,1586,34.6,19,0,0,0,0,0,0
9327,M19326,M,297.5,306.9,1634,39.0,22,0,0,0,0,0,0
9328,L19327,L,297.5,307.0,1743,25.1,25,0,0,0,0,0,0
9329,L19328,L,297.5,306.9,1849,19.4,27,0,0,0,0,0,0
9330,M19329,M,297.5,306.9,1414,49.2,29,0,0,0,0,0,0
9331,M19330,M,297.5,306.9,1730,32.6,32,0,0,0,0,0,0
9332,L19331,L,297.6,306.9,1216,61.3,35,0,0,0,0,0,0
9333,L19332,L,297.6,306.9,1262,59.7,37,0,0,0,0,0,0
9334,M19333,M,297.6,306.9,1620,34.9,39,0,0,0,0,0,0
9335,M19334,M,297.6,306.9,1137,63.4,42,0,0,0,0,0,0
9336,H19335,H,297.7,306.9,1491,49.4,45,0,0,0,0,0,0
9337,L19336,L,297.6,306.9,1742,33.5,50,0,0,0,0,0,0
9338,M19337,M,297.6,306.8,2017,14.2,52,1,0,0,1,0,0
9339,M19338,M,297.5,306.9,1483,46.9,55,0,0,0,0,0,0
9340,L19339,L,297.6,306.9,1581,40.3,58,0,0,0,0,0,0
9341,L19340,L,297.6,307.1,1397,44.3,60,0,0,0,0,0,0
9342,L19341,L,297.6,307.0,1575,37.7,62,0,0,0,0,0,0
9343,H19342,H,297.6,307.0,1816,28.6,64,0,0,0,0,0,0
9344,L19343,L,297.6,306.9,1651,35.7,69,0,0,0,0,0,0
9345,M19344,M,297.6,307.0,1414,47.1,71,0,0,0,0,0,0
9346,M19345,M,297.6,306.9,1683,36.5,74,0,0,0,0,0,0
9347,L19346,L,297.6,306.9,1620,36.4,77,0,0,0,0,0,0
9348,H19347,H,297.7,307.0,1839,24.8,79,0,0,0,0,0,0
9349,M19348,M,297.6,306.9,1543,40.9,84,0,0,0,0,0,0
9350,L19349,L,297.5,306.8,1757,28.9,87,0,0,0,0,0,0
9351,M19350,M,297.6,306.9,1416,49.2,89,0,0,0,0,0,0
9352,M19351,M,297.6,306.9,1735,32.7,92,0,0,0,0,0,0
9353,L19352,L,297.6,307.0,1668,37.0,95,0,0,0,0,0,0
9354,M19353,M,297.6,307.0,1145,61.6,97,0,0,0,0,0,0
9355,M19354,M,297.6,306.9,1610,36.9,100,0,0,0,0,0,0
9356,L19355,L,297.5,306.9,1684,35.6,103,0,0,0,0,0,0
9357,H19356,H,297.5,307.0,1431,45.9,105,0,0,0,0,0,0
9358,M19357,M,297.5,307.0,1768,22.1,110,0,0,0,0,0,0
9359,M19358,M,297.6,307.0,1275,52.5,113,0,0,0,0,0,0
9360,L19359,L,297.6,307.1,1322,49.9,116,0,0,0,0,0,0
9361,L19360,L,297.5,307.1,1423,45.2,118,0,0,0,0,0,0
9362,L19361,L,297.5,307.1,2071,6.2,120,1,0,0,1,0,0
9363,M19362,M,297.5,307.0,1640,37.4,122,0,0,0,0,0,0
9364,M19363,M,297.5,307.1,1739,27.3,125,0,0,0,0,0,0
9365,M19364,M,297.5,307.1,1417,51.2,128,0,0,0,0,0,0
9366,L19365,L,297.4,307.2,1296,50.5,131,0,0,0,0,0,0
9367,M19366,M,297.5,307.3,1452,43.9,133,0,0,0,0,0,0
9368,H19367,H,297.5,307.3,1748,28.0,136,0,0,0,0,0,0
9369,M19368,M,297.5,307.2,1329,54.9,141,0,0,0,0,0,0
9370,M19369,M,297.5,307.3,1647,37.4,144,0,0,0,0,0,0
9371,H19370,H,297.5,307.3,1201,58.1,147,0,0,0,0,0,0
9372,L19371,L,297.5,307.3,1548,42.7,152,0,0,0,0,0,0
9373,M19372,M,297.4,307.2,1358,45.1,154,0,0,0,0,0,0
9374,H19373,H,297.3,307.1,1665,35.4,157,0,0,0,0,0,0
9375,M19374,M,297.3,307.2,1224,54.1,162,0,0,0,0,0,0
9376,L19375,L,297.3,307.0,1459,46.1,165,0,0,0,0,0,0
9377,H19376,H,297.3,307.0,1356,54.4,167,0,0,0,0,0,0
9378,L19377,L,297.2,307.0,1557,41.8,172,0,0,0,0,0,0
9379,L19378,L,297.2,306.9,1454,39.5,174,0,0,0,0,0,0
9380,L19379,L,297.3,307.1,1412,46.0,176,0,0,0,0,0,0
9381,L19380,L,297.2,307.1,1333,54.4,178,0,0,0,0,0,0
9382,L19381,L,297.3,307.2,1404,50.2,180,0,0,0,0,0,0
9383,L19382,L,297.3,307.2,1530,41.4,182,0,0,0,0,0,0
9384,H19383,H,297.3,307.2,1731,21.4,184,0,0,0,0,0,0
9385,L19384,L,297.2,307.1,1467,48.1,189,0,0,0,0,0,0
9386,M19385,M,297.2,307.2,1860,25.6,191,0,0,0,0,0,0
9387,H19386,H,297.1,307.1,1541,40.4,194,0,0,0,0,0,0
9388,H19387,H,297.1,307.0,1570,38.8,199,0,0,0,0,0,0
9389,L19388,L,297.2,307.1,1807,25.8,0,0,0,0,0,0,0
9390,L19389,L,297.1,307.0,1556,43.7,2,0,0,0,0,0,0
9391,M19390,M,297.2,307.1,1186,61.5,4,0,0,0,0,0,0
9392,H19391,H,297.2,307.0,1580,36.9,7,0,0,0,0,0,0
9393,M19392,M,297.2,307.0,1429,47.7,12,0,0,0,0,0,0
9394,L19393,L,297.2,307.0,1137,63.6,15,0,0,0,0,0,0
9395,M19394,M,297.1,307.0,1391,48.6,17,0,0,0,0,0,0
9396,M19395,M,297.2,307.1,1549,33.6,20,0,0,0,0,0,0
9397,M19396,M,297.2,307.1,1527,42.4,23,0,0,0,0,0,0
9398,H19397,H,297.2,307.1,1522,44.8,26,0,0,0,0,0,0
9399,M19398,M,297.2,307.2,1351,54.3,31,0,0,0,0,0,0
9400,M19399,M,297.2,307.2,1385,52.1,34,0,0,0,0,0,0
9401,M19400,M,297.3,307.3,2006,12.3,37,1,0,0,1,0,0
9402,M19401,M,297.2,307.2,1692,31.4,40,0,0,0,0,0,0
9403,M19402,M,297.2,307.2,1616,39.3,43,0,0,0,0,0,0
9404,L19403,L,297.2,307.4,1759,29.8,46,0,0,0,0,0,0
9405,M19404,M,297.3,307.4,2250,3.0,48,1,0,0,1,0,0
9406,M19405,M,297.3,307.5,1624,32.7,51,0,0,0,0,0,0
9407,L19406,L,297.4,307.5,1501,40.0,54,0,0,0,0,0,0
9408,L19407,L,297.4,307.4,1609,34.7,56,0,0,0,0,0,0
9409,M19408,M,297.4,307.5,1655,30.0,58,0,0,0,0,0,0
9410,M19409,M,297.4,307.6,1457,40.4,61,0,0,0,0,0,0
9411,L19410,L,297.4,307.6,1506,43.4,64,0,0,0,0,0,0
9412,L19411,L,297.4,307.5,1640,35.3,66,0,0,0,0,0,0
9413,L19412,L,297.4,307.5,1318,53.7,68,0,0,0,0,0,0
9414,H19413,H,297.4,307.5,1548,40.6,70,0,0,0,0,0,0
9415,H19414,H,297.5,307.6,1604,31.3,75,0,0,0,0,0,0
9416,M19415,M,297.4,307.6,1702,28.8,80,0,0,0,0,0,0
9417,L19416,L,297.5,307.7,1558,37.9,83,0,0,0,0,0,0
9418,M19417,M,297.6,307.7,1351,51.1,85,0,0,0,0,0,0
9419,M19418,M,297.5,307.5,1596,31.8,88,0,0,0,0,0,0
9420,H19419,H,297.6,307.6,1385,46.0,91,0,0,0,0,0,0
9421,L19420,L,297.6,307.6,1498,40.9,96,0,0,0,0,0,0
9422,L19421,L,297.5,307.4,1258,59.9,98,0,0,0,0,0,0
9423,M19422,M,297.4,307.3,1486,43.9,100,0,0,0,0,0,0
9424,L19423,L,297.4,307.3,1714,33.0,103,0,0,0,0,0,0
9425,M19424,M,297.4,307.3,1406,47.4,105,0,0,0,0,0,0
9426,M19425,M,297.4,307.3,1407,47.7,108,0,0,0,0,0,0
9427,L19426,L,297.4,307.4,1633,36.0,111,0,0,0,0,0,0
9428,L19427,L,297.4,307.4,1726,28.4,113,0,0,0,0,0,0
9429,M19428,M,297.4,307.3,1412,45.4,115,0,0,0,0,0,0
9430,H19429,H,297.4,307.3,1444,40.6,118,0,0,0,0,0,0
9431,L19430,L,297.4,307.4,1762,24.8,123,0,0,0,0,0,0
9432,L19431,L,297.3,307.3,1541,42.5,125,0,0,0,0,0,0
9433,M19432,M,297.3,307.3,1717,33.6,127,0,0,0,0,0,0
9434,L19433,L,297.4,307.4,1753,24.8,130,0,0,0,0,0,0
9435,M19434,M,297.4,307.4,1501,36.5,132,0,0,0,0,0,0
9436,M19435,M,297.4,307.4,1372,52.8,135,0,0,0,0,0,0
9437,L19436,L,297.4,307.5,1336,52.1,138,0,0,0,0,0,0
9438,M19437,M,297.3,307.3,1302,49.5,140,0,0,0,0,0,0
9439,M19438,M,297.4,307.4,1318,42.7,143,0,0,0,0,0,0
9440,L19439,L,297.3,307.4,1383,46.0,146,0,0,0,0,0,0
9441,M19440,M,297.3,307.4,1495,41.0,148,0,0,0,0,0,0
9442,H19441,H,297.3,307.4,1662,28.9,151,0,0,0,0,0,0
9443,M19442,M,297.3,307.4,1731,30.9,156,0,0,0,0,0,0
9444,L19443,L,297.3,307.5,1596,33.9,159,0,0,0,0,0,0
9445,M19444,M,297.3,307.5,1300,54.0,161,0,0,0,0,0,0
9446,L19445,L,297.2,307.4,1488,50.8,164,0,0,0,0,0,0
9447,M19446,M,297.2,307.4,1728,29.2,166,0,0,0,0,0,0
9448,M19447,M,297.2,307.5,1522,40.5,169,0,0,0,0,0,0
9449,L19448,L,297.1,307.4,1601,36.0,172,0,0,0,0,0,0
9450,L19449,L,297.2,307.5,1602,38.4,174,0,0,0,0,0,0
9451,H19450,H,297.2,307.4,1660,34.6,176,0,0,0,0,0,0
9452,L19451,L,297.1,307.3,1243,54.1,181,0,0,0,0,0,0
9453,H19452,H,297.2,307.4,1518,39.8,183,0,0,0,0,0,0
9454,M19453,M,297.1,307.3,1464,42.2,188,0,0,0,0,0,0
9455,M19454,M,297.1,307.4,1484,42.2,191,0,0,0,0,0,0
9456,L19455,L,297.2,307.5,1815,29.7,194,0,0,0,0,0,0
9457,L19456,L,297.2,307.4,1554,41.1,196,0,0,0,0,0,0
9458,L19457,L,297.1,307.3,1353,50.6,198,0,0,0,0,0,0
9459,M19458,M,297.1,307.3,1357,54.7,200,0,0,0,0,0,0
9460,H19459,H,297.1,307.2,1744,28.5,203,0,0,0,0,0,0
9461,H19460,H,297.1,307.3,1705,24.8,208,0,0,0,0,0,0
9462,L19461,L,297.1,307.4,1620,40.6,213,0,0,0,0,0,0
9463,L19462,L,297.0,307.3,1341,51.1,215,0,0,0,0,0,0
9464,L19463,L,297.0,307.3,1351,43.6,217,0,0,0,0,0,0
9465,H19464,H,296.9,307.2,1333,46.8,219,0,0,0,0,0,0
9466,L19465,L,297.0,307.2,1832,26.4,224,0,0,0,0,0,0
9467,L19466,L,297.0,307.3,1547,34.3,226,0,0,0,0,0,0
9468,M19467,M,296.9,307.3,1987,18.0,228,0,0,0,0,0,0
9469,M19468,M,297.0,307.3,1567,38.6,0,0,0,0,0,0,0
9470,L19469,L,297.0,307.2,1946,18.4,3,0,0,0,0,0,0
9471,M19470,M,296.9,307.1,1297,53.3,5,0,0,0,0,0,0
9472,L19471,L,297.0,307.0,1303,55.5,8,0,0,0,0,0,0
9473,L19472,L,297.0,306.9,1532,41.4,10,0,0,0,0,0,0
9474,L19473,L,296.9,306.7,1793,24.9,12,0,0,0,0,0,0
9475,L19474,L,296.9,306.7,1415,43.8,14,0,0,0,0,0,0
9476,H19475,H,296.8,306.7,1242,58.6,16,0,0,0,0,0,0
9477,M19476,M,296.9,306.9,1356,44.8,21,0,0,0,0,0,0
9478,M19477,M,296.9,306.8,1389,51.8,24,0,0,0,0,0,0
9479,L19478,L,296.9,306.8,1632,35.1,27,0,0,0,0,0,0
9480,M19479,M,296.8,306.7,1712,31.3,29,0,0,0,0,0,0
9481,H19480,H,296.8,306.6,1404,39.3,32,0,0,0,0,0,0
9482,L19481,L,296.8,306.7,1803,20.7,37,0,0,0,0,0,0
9483,H19482,H,296.9,306.7,1125,62.6,39,0,0,0,0,0,0
9484,M19483,M,296.9,306.7,1552,41.4,44,0,0,0,0,0,0
9485,M19484,M,296.9,306.8,1338,48.7,47,0,0,0,0,0,0
9486,L19485,L,296.9,306.6,1759,35.4,50,0,0,0,0,0,0
9487,M19486,M,296.9,306.6,1786,24.6,52,0,0,0,0,0,0
9488,M19487,M,297.0,306.7,1239,54.3,55,0,0,0,0,0,0
9489,H19488,H,296.9,306.6,1719,28.8,58,0,0,0,0,0,0
9490,H19489,H,296.9,306.5,1426,43.5,63,0,0,0,0,0,0
9491,L19490,L,296.9,306.4,1396,44.4,68,0,0,0,0,0,0
9492,H19491,H,296.9,306.4,1582,40.7,70,0,0,0,0,0,0
9493,H19492,H,296.9,306.4,1700,32.2,75,0,0,0,0,0,0
9494,M19493,M,296.9,306.4,1592,38.5,80,0,0,0,0,0,0
9495,L19494,L,297.0,306.5,1771,30.5,83,0,0,0,0,0,0
9496,L19495,L,297.0,306.5,1428,48.1,85,0,0,0,0,0,0
9497,L19496,L,297.1,306.6,1381,45.7,87,0,0,0,0,0,0
9498,L19497,L,297.0,306.5,1581,39.8,89,0,0,0,0,0,0
9499,H19498,H,297.1,306.6,1572,34.3,91,0,0,0,0,0,0
9500,L19499,L,297.1,306.5,1153,61.1,96,0,0,0,0,0,0
9501,M19500,M,297.1,306.4,1757,27.0,98,0,0,0,0,0,0
9502,M19501,M,297.1,306.4,1792,24.6,101,0,0,0,0,0,0
9503,M19502,M,297.1,306.4,1452,39.2,104,0,0,0,0,0,0
9504,L19503,L,297.2,306.6,1528,37.4,107,0,0,0,0,0,0
9505,M19504,M,297.1,306.6,1350,51.0,109,0,0,0,0,0,0
9506,M19505,M,297.1,306.5,1394,46.5,112,0,0,0,0,0,0
9507,M19506,M,297.1,306.5,1596,40.3,115,0,0,0,0,0,0
9508,L19507,L,297.2,306.5,1525,45.0,118,0,0,0,0,0,0
9509,M19508,M,297.3,306.6,1393,44.8,120,0,0,0,0,0,0
9510,L19509,L,297.3,306.6,1184,61.0,123,0,0,0,0,0,0
9511,M19510,M,297.3,306.5,1583,42.5,125,0,0,0,0,0,0
9512,L19511,L,297.3,306.5,1646,33.2,128,0,0,0,0,0,0
9513,L19512,L,297.4,306.5,1481,42.0,130,0,0,0,0,0,0
9514,H19513,H,297.3,306.4,2031,13.8,132,1,0,0,1,0,0
9515,L19514,L,297.3,306.3,1528,39.7,137,0,0,0,0,0,0
9516,H19515,H,297.3,306.3,1423,50.9,139,0,0,0,0,0,0
9517,H19516,H,297.2,306.3,1402,46.0,144,0,0,0,0,0,0
9518,L19517,L,297.2,306.4,1461,43.0,149,0,0,0,0,0,0
9519,L19518,L,297.3,306.5,1472,46.5,151,0,0,0,0,0,0
9520,L19519,L,297.4,306.6,1356,51.0,153,0,0,0,0,0,0
9521,H19520,H,297.4,306.6,1302,54.3,155,0,0,0,0,0,0
9522,M19521,M,297.4,306.5,1355,44.5,160,0,0,0,0,0,0
9523,L19522,L,297.5,306.6,1572,36.8,163,0,0,0,0,0,0
9524,M19523,M,297.5,306.6,1980,16.9,165,1,0,0,1,0,0
9525,L19524,L,297.5,306.8,1328,49.8,168,0,0,0,0,0,0
9526,M19525,M,297.6,306.9,1490,45.2,170,0,0,0,0,0,0
9527,M19526,M,297.6,306.8,1527,41.5,173,0,0,0,0,0,0
9528,L19527,L,297.5,306.8,1644,33.1,176,0,0,0,0,0,0
9529,H19528,H,297.6,306.8,1450,49.7,178,0,0,0,0,0,0
9530,L19529,L,297.6,306.8,1563,37.4,183,0,0,0,0,0,0
9531,M19530,M,297.5,306.6,1529,39.7,185,0,0,0,0,0,0
9532,M19531,M,297.5,306.5,1536,39.4,188,0,0,0,0,0,0
9533,H19532,H,297.5,306.5,1466,44.5,191,0,0,0,0,0,0
9534,L19533,L,297.6,306.5,1776,28.5,196,0,0,0,0,0,0
9535,H19534,H,297.6,306.6,1360,45.6,198,0,0,0,0,0,0
9536,L19535,L,297.6,306.4,1709,32.8,203,0,0,0,0,0,0
9537,H19536,H,297.6,306.4,1658,33.1,205,0,0,0,0,0,0
9538,L19537,L,297.5,306.4,1418,48.9,210,0,0,0,0,0,0
9539,M19538,M,297.5,306.2,1841,30.0,212,0,0,0,0,0,0
9540,L19539,L,297.5,306.1,1359,48.8,0,0,0,0,0,0,0
9541,H19540,H,297.4,306.2,1452,41.0,2,0,0,0,0,0,0
9542,H19541,H,297.3,306.0,1829,23.5,7,0,0,0,0,0,0
9543,L19542,L,297.3,305.9,1326,53.6,12,0,0,0,0,0,0
9544,M19543,M,297.3,306.0,1534,43.1,14,0,0,0,0,0,0
9545,M19544,M,297.3,306.0,1441,43.9,17,0,0,0,0,0,0
9546,L19545,L,297.3,306.1,1320,50.1,20,0,0,0,0,0,0
9547,M19546,M,297.3,306.2,1197,55.0,22,0,0,0,0,0,0
9548,M19547,M,297.3,306.1,1427,42.0,25,0,0,0,0,0,0
9549,M19548,M,297.3,306.2,1410,46.2,28,0,0,0,0,0,0
9550,L19549,L,297.3,306.2,1468,43.7,31,0,0,0,0,0,0
9551,H19550,H,297.4,306.2,1712,36.6,33,0,0,0,0,0,0
9552,L19551,L,297.4,306.1,1713,24.2,38,0,0,0,0,0,0
9553,M19552,M,297.4,306.3,1520,42.1,40,0,0,0,0,0,0
9554,L19553,L,297.3,306.4,1263,53.8,43,0,0,0,0,0,0
9555,L19554,L,297.3,306.5,1451,45.8,45,0,0,0,0,0,0
9556,L19555,L,297.3,306.3,1689,29.3,47,0,0,0,0,0,0
9557,L19556,L,297.3,306.3,1409,51.0,49,0,0,0,0,0,0
9558,M19557,M,297.3,306.3,1648,36.9,51,0,0,0,0,0,0
9559,M19558,M,297.3,306.3,1887,19.1,54,0,0,0,0,0,0
9560,M19559,M,297.3,306.3,1445,50.2,57,0,0,0,0,0,0
9561,M19560,M,297.2,306.3,1741,30.5,60,0,0,0,0,0,0
9562,L19561,L,297.2,306.3,1313,57.8,63,0,0,0,0,0,0
9563,L19562,L,297.1,306.2,1340,51.5,65,0,0,0,0,0,0
9564,M19563,M,297.1,306.2,1630,37.7,67,0,0,0,0,0,0
9565,M19564,M,297.2,306.3,1417,44.6,70,0,0,0,0,0,0
9566,M19565,M,297.1,306.3,1100,64.2,73,0,0,0,0,0,0
9567,L19566,L,297.2,306.4,1490,50.0,76,0,0,0,0,0,0
9568,H19567,H,297.1,306.3,1437,42.4,78,0,0,0,0,0,0
9569,L19568,L,297.1,306.4,1100,68.9,83,0,0,0,0,0,0
9570,M19569,M,297.2,306.4,1412,41.2,85,0,0,0,0,0,0
9571,L19570,L,297.2,306.5,1392,45.8,88,0,0,0,0,0,0
9572,M19571,M,297.2,306.6,1642,30.6,90,0,0,0,0,0,0
9573,L19572,L,297.2,306.5,1785,23.3,93,0,0,0,0,0,0
9574,M19573,M,297.2,306.6,1604,37.1,95,0,0,0,0,0,0
9575,L19574,L,297.2,306.5,1562,40.4,98,0,0,0,0,0,0
9576,M19575,M,297.2,306.3,1426,43.3,100,0,0,0,0,0,0
9577,L19576,L,297.1,306.3,1735,25.8,103,0,0,0,0,0,0
9578,M19577,M,297.0,306.2,1486,46.6,105,0,0,0,0,0,0
9579,L19578,L,297.0,306.2,1775,31.7,108,0,0,0,0,0,0
9580,L19579,L,297.0,306.3,1505,46.1,110,0,0,0,0,0,0
9581,M19580,M,296.9,306.2,1287,49.3,112,0,0,0,0,0,0
9582,L19581,L,296.9,306.2,1672,36.0,115,0,0,0,0,0,0
9583,L19582,L,297.0,306.3,1806,30.4,117,0,0,0,0,0,0
9584,H19583,H,296.9,306.2,1181,55.4,119,0,0,0,0,0,0
9585,H19584,H,296.9,306.2,1450,48.7,124,0,0,0,0,0,0
9586,H19585,H,296.9,306.1,1525,41.5,129,0,0,0,0,0,0
9587,L19586,L,296.9,306.1,1270,54.7,134,0,0,0,0,0,0
9588,M19587,M,296.9,306.1,1530,40.8,136,0,0,0,0,0,0
9589,M19588,M,296.9,306.1,1668,33.8,139,0,0,0,0,0,0
9590,L19589,L,296.9,306.2,1773,30.0,142,0,0,0,0,0,0
9591,M19590,M,296.9,306.1,1618,38.9,144,0,0,0,0,0,0
9592,L19591,L,296.9,306.1,1323,47.7,147,0,0,0,0,0,0
9593,H19592,H,296.9,306.1,1265,53.9,149,0,0,0,0,0,0
9594,M19593,M,296.9,306.1,1539,40.2,154,0,0,0,0,0,0
9595,L19594,L,297.0,306.2,1420,52.1,157,0,0,0,0,0,0
9596,L19595,L,297.0,306.2,1422,37.9,159,0,0,0,0,0,0
9597,L19596,L,297.0,306.3,1637,32.2,161,0,0,0,0,0,0
9598,L19597,L,296.9,306.2,1675,26.9,163,0,0,0,0,0,0
9599,M19598,M,296.9,306.1,1548,34.9,165,0,0,0,0,0,0
9600,M19599,M,296.9,306.2,1809,27.3,168,0,0,0,0,0,0
9601,M19600,M,296.9,306.1,1167,60.1,171,0,0,0,0,0,0
9602,L19601,L,296.9,306.3,1333,44.4,174,0,0,0,0,0,0
9603,M19602,M,296.9,306.2,1545,39.0,176,0,0,0,0,0,0
9604,L19603,L,297.0,306.3,1359,57.2,179,0,0,0,0,0,0
9605,L19604,L,296.9,306.4,1658,27.0,181,0,0,0,0,0,0
9606,H19605,H,297.0,306.3,1591,38.6,183,0,0,0,0,0,0
9607,M19606,M,297.0,306.3,1286,60.0,188,0,0,0,0,0,0
9608,M19607,M,297.0,306.4,1560,38.6,191,0,0,0,0,0,0
9609,H19608,H,297.0,306.4,1230,64.5,194,0,0,0,0,0,0
9610,L19609,L,297.0,306.5,1368,47.9,199,0,0,0,0,0,0
9611,H19610,H,297.1,306.5,1397,53.1,201,0,0,0,0,0,0
9612,M19611,M,297.0,306.5,1379,53.3,206,0,0,0,0,0,0
9613,M19612,M,297.1,306.7,1536,40.0,209,0,0,0,0,0,0
9614,L19613,L,297.1,306.7,1538,35.1,212,0,0,0,0,0,0
9615,L19614,L,297.0,306.6,1502,38.8,214,0,0,0,0,0,0
9616,L19615,L,297.1,306.5,1575,30.1,216,0,0,0,0,0,0
9617,L19616,L,297.0,306.6,1582,39.3,218,0,0,0,0,0,0
9618,L19617,L,297.0,306.6,1565,40.0,220,0,0,0,0,0,0
9619,M19618,M,297.0,306.6,1255,56.9,222,1,0,0,0,1,0
9620,M19619,M,297.0,306.5,1430,45.9,225,0,0,0,0,0,0
9621,L19620,L,297.0,306.6,1212,63.6,228,1,0,0,0,1,0
9622,M19621,M,297.0,306.4,1922,18.4,230,0,0,0,0,0,0
9623,H19622,H,297.0,306.5,1714,27.8,233,0,0,0,0,0,0
9624,M19623,M,297.0,306.6,1607,36.4,0,0,0,0,0,0,0
9625,M19624,M,297.0,306.5,1399,54.9,3,0,0,0,0,0,0
9626,M19625,M,297.1,306.5,1591,38.9,6,0,0,0,0,0,0
9627,L19626,L,297.0,306.5,1766,25.3,9,0,0,0,0,0,0
9628,L19627,L,297.0,306.5,1577,37.5,11,0,0,0,0,0,0
9629,H19628,H,297.0,306.5,1768,28.0,13,0,0,0,0,0,0
9630,M19629,M,297.0,306.4,1751,26.1,18,0,0,0,0,0,0
9631,M19630,M,297.0,306.5,1170,60.0,21,0,0,0,0,0,0
9632,H19631,H,297.0,306.5,1597,36.5,24,0,0,0,0,0,0
9633,L19632,L,297.0,306.6,1593,41.7,29,0,0,0,0,0,0
9634,L19633,L,296.9,306.4,1598,39.1,31,0,0,0,0,0,0
9635,M19634,M,296.9,306.4,1558,37.5,33,0,0,0,0,0,0
9636,L19635,L,296.9,306.4,1730,31.6,36,0,0,0,0,0,0
9637,M19636,M,297.0,306.4,1591,36.9,38,0,0,0,0,0,0
9638,H19637,H,297.0,306.3,1500,43.4,41,0,0,0,0,0,0
9639,M19638,M,297.0,306.3,1311,54.2,46,0,0,0,0,0,0
9640,L19639,L,297.1,306.4,1259,49.5,49,0,0,0,0,0,0
9641,M19640,M,297.1,306.4,1575,27.8,51,0,0,0,0,0,0
9642,L19641,L,297.1,306.3,1383,49.9,54,0,0,0,0,0,0
9643,H19642,H,297.2,306.3,1409,44.8,56,0,0,0,0,0,0
9644,L19643,L,297.2,306.4,1553,33.8,61,0,0,0,0,0,0
9645,H19644,H,297.2,306.4,1461,41.8,63,0,0,0,0,0,0
9646,L19645,L,297.3,306.4,1492,45.7,68,0,0,0,0,0,0
9647,L19646,L,297.3,306.5,1550,40.5,70,0,0,0,0,0,0
9648,M19647,M,297.4,306.6,1499,44.8,72,0,0,0,0,0,0
9649,L19648,L,297.4,306.7,1710,31.4,75,0,0,0,0,0,0
9650,L19649,L,297.5,306.7,1148,59.9,77,0,0,0,0,0,0
9651,H19650,H,297.4,306.7,1909,20.7,79,0,0,0,0,0,0
9652,H19651,H,297.4,306.7,1472,45.8,84,0,0,0,0,0,0
9653,L19652,L,297.4,306.5,1469,43.7,89,0,0,0,0,0,0
9654,M19653,M,297.5,306.6,1432,46.4,91,0,0,0,0,0,0
9655,H19654,H,297.4,306.5,1703,32.9,94,0,0,0,0,0,0
9656,H19655,H,297.4,306.5,1297,51.7,99,0,0,0,0,0,0
9657,L19656,L,297.4,306.5,1617,38.9,104,0,0,0,0,0,0
9658,L19657,L,297.4,306.4,1771,28.1,106,0,0,0,0,0,0
9659,H19658,H,297.4,306.4,1724,29.1,108,0,0,0,0,0,0
9660,L19659,L,297.4,306.4,1602,41.2,113,0,0,0,0,0,0
9661,L19660,L,297.5,306.4,1737,24.0,115,0,0,0,0,0,0
9662,M19661,M,297.6,306.4,1206,58.0,117,0,0,0,0,0,0
9663,L19662,L,297.7,306.5,1321,50.5,120,0,0,0,0,0,0
9664,H19663,H,297.6,306.4,1247,58.3,122,0,0,0,0,0,0
9665,L19664,L,297.6,306.4,1311,57.2,127,0,0,0,0,0,0
9666,M19665,M,297.5,306.4,1543,36.5,129,0,0,0,0,0,0
9667,H19666,H,297.6,306.4,1871,31.3,132,0,0,0,0,0,0
9668,H19667,H,297.5,306.2,1956,13.2,137,1,0,0,1,0,0
9669,H19668,H,297.6,306.4,1627,35.9,142,0,0,0,0,0,0
9670,H19669,H,297.7,306.4,1238,57.7,147,0,0,0,0,0,0
9671,L19670,L,297.6,306.4,1681,31.7,152,0,0,0,0,0,0
9672,H19671,H,297.6,306.3,1529,37.9,154,0,0,0,0,0,0
9673,H19672,H,297.6,306.4,1692,34.5,159,0,0,0,0,0,0
9674,M19673,M,297.6,306.4,1427,43.7,164,0,0,0,0,0,0
9675,L19674,L,297.7,306.5,1220,52.9,167,0,0,0,0,0,0
9676,L19675,L,297.6,306.4,1737,24.6,169,0,0,0,0,0,0
9677,M19676,M,297.6,306.5,1848,26.5,171,0,0,0,0,0,0
9678,M19677,M,297.7,306.4,1355,54.9,174,0,0,0,0,0,0
9679,L19678,L,297.6,306.4,1301,47.3,177,0,0,0,0,0,0
9680,L19679,L,297.5,306.3,1628,37.4,179,0,0,0,0,0,0
9681,M19680,M,297.5,306.3,1137,57.1,181,0,0,0,0,0,0
9682,L19681,L,297.5,306.4,1769,26.3,184,0,0,0,0,0,0
9683,H19682,H,297.5,306.4,1312,49.3,186,0,0,0,0,0,0
9684,L19683,L,297.6,306.5,1599,39.3,191,0,0,0,0,0,0
9685,L19684,L,297.5,306.4,1466,46.1,193,0,0,0,0,0,0
9686,L19685,L,297.6,306.6,1999,16.1,195,1,0,0,1,0,0
9687,H19686,H,297.6,306.6,1566,37.4,197,0,0,0,0,0,0
9688,H19687,H,297.6,306.6,1402,47.4,202,1,1,0,0,0,0
9689,L19688,L,297.7,306.7,1465,39.4,0,0,0,0,0,0,0
9690,L19689,L,297.6,306.6,1267,52.6,2,0,0,0,0,0,0
9691,L19690,L,297.6,306.6,1383,52.2,4,0,0,0,0,0,0
9692,L19691,L,297.6,306.6,1722,30.4,6,0,0,0,0,0,0
9693,M19692,M,297.6,306.6,1404,48.2,8,0,0,0,0,0,0
9694,L19693,L,297.6,306.7,1777,30.1,11,0,0,0,0,0,0
9695,M19694,M,297.6,306.6,1456,40.5,13,0,0,0,0,0,0
9696,L19695,L,297.6,306.6,1467,46.6,16,0,0,0,0,0,0
9697,L19696,L,297.6,306.5,1614,31.6,18,0,0,0,0,0,0
9698,L19697,L,297.6,306.5,1487,47.9,20,0,0,0,0,0,0
9699,L19698,L,297.7,306.6,1654,34.9,22,0,0,0,0,0,0
9700,L19699,L,297.7,306.8,1691,34.2,24,0,0,0,0,0,0
9701,L19700,L,297.7,306.7,1379,47.1,26,0,0,0,0,0,0
9702,L19701,L,297.6,306.6,1802,31.6,28,0,0,0,0,0,0
9703,H19702,H,297.6,306.6,1801,31.1,30,0,0,0,0,0,0
9704,L19703,L,297.6,306.6,1385,50.4,35,0,0,0,0,0,0
9705,L19704,L,297.6,306.6,1585,41.1,37,0,0,0,0,0,0
9706,L19705,L,297.6,306.5,1768,25.5,39,0,0,0,0,0,0
9707,M19706,M,297.6,306.6,1322,48.6,41,0,0,0,0,0,0
9708,H19707,H,297.5,306.5,1652,35.9,44,0,0,0,0,0,0
9709,M19708,M,297.5,306.4,1725,26.0,49,0,0,0,0,0,0
9710,M19709,M,297.3,306.3,2038,14.9,52,1,0,0,1,0,0
9711,H19710,H,297.3,306.2,1443,49.0,55,0,0,0,0,0,0
9712,L19711,L,297.4,306.2,1697,31.4,60,0,0,0,0,0,0
9713,H19712,H,297.4,306.2,1760,27.6,62,0,0,0,0,0,0
9714,M19713,M,297.4,306.2,1485,46.4,67,0,0,0,0,0,0
9715,L19714,L,297.5,306.3,1416,48.1,70,0,0,0,0,0,0
9716,L19715,L,297.5,306.4,1649,32.1,72,0,0,0,0,0,0
9717,L19716,L,297.6,306.5,1298,49.1,74,0,0,0,0,0,0
9718,L19717,L,297.6,306.5,1242,60.5,76,0,0,0,0,0,0
9719,H19718,H,297.6,306.5,1329,53.5,78,0,0,0,0,0,0
9720,L19719,L,297.6,306.5,1489,51.9,83,0,0,0,0,0,0
9721,M19720,M,297.6,306.4,1479,43.1,85,0,0,0,0,0,0
9722,H19721,H,297.6,306.5,1630,35.6,88,0,0,0,0,0,0
9723,L19722,L,297.7,306.5,1566,39.4,93,0,0,0,0,0,0
9724,L19723,L,297.7,306.6,1499,44.4,95,0,0,0,0,0,0
9725,M19724,M,297.6,306.5,1698,27.4,97,0,0,0,0,0,0
9726,H19725,H,297.6,306.4,1665,32.3,100,0,0,0,0,0,0
9727,L19726,L,297.6,306.3,1827,25.7,105,0,0,0,0,0,0
9728,L19727,L,297.6,306.4,1479,42.4,107,0,0,0,0,0,0
9729,M19728,M,297.5,306.2,1568,40.8,109,0,0,0,0,0,0
9730,H19729,H,297.5,306.2,1654,33.5,112,0,0,0,0,0,0
9731,L19730,L,297.5,306.3,1421,48.2,117,0,0,0,0,0,0
9732,L19731,L,297.5,306.2,1780,29.6,119,0,0,0,0,0,0
9733,H19732,H,297.5,306.1,1643,33.1,121,0,0,0,0,0,0
9734,L19733,L,297.5,306.1,1324,47.8,126,0,0,0,0,0,0
9735,L19734,L,297.5,306.1,1365,49.3,128,0,0,0,0,0,0
9736,M19735,M,297.5,306.1,1627,32.0,130,0,0,0,0,0,0
9737,L19736,L,297.5,306.1,1380,42.3,133,0,0,0,0,0,0
9738,L19737,L,297.5,306.2,1664,32.2,135,0,0,0,0,0,0
9739,M19738,M,297.4,306.2,1583,38.0,137,0,0,0,0,0,0
9740,M19739,M,297.5,306.2,1571,41.4,140,0,0,0,0,0,0
9741,M19740,M,297.4,306.1,1379,45.6,143,0,0,0,0,0,0
9742,L19741,L,297.3,306.1,1489,43.2,146,0,0,0,0,0,0
9743,M19742,M,297.4,306.2,1555,42.7,148,0,0,0,0,0,0
9744,M19743,M,297.4,306.3,1689,29.2,151,0,0,0,0,0,0
9745,H19744,H,297.4,306.2,1502,43.9,154,0,0,0,0,0,0
9746,M19745,M,297.5,306.3,1534,45.5,159,0,0,0,0,0,0
9747,M19746,M,297.4,306.2,1317,46.9,162,0,0,0,0,0,0
9748,H19747,H,297.4,306.2,1676,32.8,165,0,0,0,0,0,0
9749,H19748,H,297.4,306.2,1447,49.2,170,0,0,0,0,0,0
9750,L19749,L,297.4,306.1,1742,26.8,175,0,0,0,0,0,0
9751,H19750,H,297.5,306.1,1689,35.7,177,0,0,0,0,0,0
9752,H19751,H,297.5,306.2,1620,37.2,182,0,0,0,0,0,0
9753,L19752,L,297.6,306.3,1852,27.4,187,0,0,0,0,0,0
9754,L19753,L,297.7,306.5,1620,37.1,189,0,0,0,0,0,0
9755,M19754,M,297.6,306.5,1604,42.2,191,0,0,0,0,0,0
9756,L19755,L,297.6,306.6,1865,21.7,194,0,0,0,0,0,0
9757,M19756,M,297.7,306.7,1529,36.1,196,0,0,0,0,0,0
9758,M19757,M,297.6,306.6,1800,22.5,199,0,0,0,0,0,0
9759,L19758,L,297.6,306.5,1248,60.4,202,1,0,0,0,1,0
9760,L19759,L,297.5,306.3,1558,42.1,204,0,0,0,0,0,0
9761,H19760,H,297.5,306.4,1499,41.3,206,0,0,0,0,0,0
9762,L19761,L,297.5,306.4,1599,42.3,211,0,0,0,0,0,0
9763,M19762,M,297.4,306.4,1415,46.0,213,0,0,0,0,0,0
9764,L19763,L,297.4,306.3,1397,49.8,0,0,0,0,0,0,0
9765,L19764,L,297.4,306.4,1828,24.4,2,0,0,0,0,0,0
9766,M19765,M,297.4,306.3,1241,53.1,4,0,0,0,0,0,0
9767,L19766,L,297.4,306.3,1320,52.5,7,0,0,0,0,0,0
9768,M19767,M,297.4,306.2,1682,39.3,9,0,0,0,0,0,0
9769,M19768,M,297.4,306.2,1507,38.8,12,0,0,0,0,0,0
9770,L19769,L,297.5,306.3,2101,9.0,15,1,0,0,1,0,0
9771,L19770,L,297.5,306.4,1685,27.6,17,0,0,0,0,0,0
9772,M19771,M,297.5,306.4,1398,45.2,19,0,0,0,0,0,0
9773,M19772,M,297.5,306.4,1255,52.0,22,0,0,0,0,0,0
9774,M19773,M,297.5,306.2,1467,47.3,25,0,0,0,0,0,0
9775,M19774,M,297.5,306.2,1502,39.2,28,0,0,0,0,0,0
9776,L19775,L,297.5,306.2,1281,59.3,31,0,0,0,0,0,0
9777,L19776,L,297.5,306.2,1337,50.1,33,0,0,0,0,0,0
9778,M19777,M,297.5,306.1,1612,36.1,35,0,0,0,0,0,0
9779,M19778,M,297.5,306.1,1190,61.8,38,0,0,0,0,0,0
9780,H19779,H,297.5,306.1,1634,29.0,41,0,0,0,0,0,0
9781,L19780,L,297.5,306.1,1800,25.3,46,0,0,0,0,0,0
9782,M19781,M,297.6,306.1,1629,35.8,48,0,0,0,0,0,0
9783,M19782,M,297.6,306.1,1731,32.4,51,0,0,0,0,0,0
9784,L19783,L,297.6,306.1,1546,36.4,54,0,0,0,0,0,0
9785,M19784,M,297.6,306.2,1357,48.0,56,1,0,1,0,0,0
9786,M19785,M,297.5,306.2,1581,39.7,59,0,0,0,0,0,0
9787,L19786,L,297.5,306.1,1618,39.9,62,0,0,0,0,0,0
9788,L19787,L,297.5,306.2,1495,40.6,64,0,0,0,0,0,0
9789,L19788,L,297.4,306.1,1862,16.9,66,1,0,0,1,0,0
9790,H19789,H,297.5,306.1,1778,24.8,68,0,0,0,0,0,0
9791,L19790,L,297.5,306.1,1547,36.1,73,0,0,0,0,0,0
9792,L19791,L,297.5,306.2,1704,31.6,75,0,0,0,0,0,0
9793,L19792,L,297.6,306.4,1517,37.7,77,0,0,0,0,0,0
9794,L19793,L,297.5,306.4,1354,54.0,79,0,0,0,0,0,0
9795,L19794,L,297.5,306.4,1563,39.3,81,0,0,0,0,0,0
9796,M19795,M,297.6,306.5,1819,26.8,83,0,0,0,0,0,0
9797,L19796,L,297.6,306.5,1537,32.1,86,0,0,0,0,0,0
9798,L19797,L,297.5,306.5,1149,57.1,88,0,0,0,0,0,0
9799,L19798,L,297.6,306.6,1350,55.3,90,0,0,0,0,0,0
9800,L19799,L,297.6,306.7,1396,46.0,92,0,0,0,0,0,0
9801,L19800,L,297.6,306.6,1722,24.4,94,0,0,0,0,0,0
9802,M19801,M,297.6,306.6,1474,43.1,96,0,0,0,0,0,0
9803,M19802,M,297.6,306.6,1486,43.8,99,0,0,0,0,0,0
9804,M19803,M,297.6,306.6,1525,40.3,102,0,0,0,0,0,0
9805,L19804,L,297.7,306.6,1661,34.3,105,0,0,0,0,0,0
9806,H19805,H,297.6,306.4,1618,36.4,107,0,0,0,0,0,0
9807,M19806,M,297.6,306.4,1662,33.6,112,0,0,0,0,0,0
9808,L19807,L,297.5,306.3,1808,28.5,115,0,0,0,0,0,0
9809,L19808,L,297.6,306.5,1305,53.7,117,0,0,0,0,0,0
9810,M19809,M,297.7,306.5,1386,48.8,119,0,0,0,0,0,0
9811,L19810,L,297.6,306.5,1631,37.2,122,0,0,0,0,0,0
9812,L19811,L,297.7,306.6,1509,43.5,124,1,0,0,0,0,1
9813,M19812,M,297.6,306.5,1421,43.9,126,0,0,0,0,0,0
9814,L19813,L,297.5,306.4,1134,63.4,129,0,0,0,0,0,0
9815,H19814,H,297.5,306.5,1414,48.7,131,0,0,0,0,0,0
9816,L19815,L,297.5,306.4,1363,48.3,136,0,0,0,0,0,0
9817,L19816,L,297.5,306.4,1501,40.4,138,0,0,0,0,0,0
9818,L19817,L,297.4,306.3,1534,35.7,140,0,0,0,0,0,0
9819,L19818,L,297.4,306.4,1142,53.8,142,0,0,0,0,0,0
9820,H19819,H,297.4,306.3,1406,46.5,144,0,0,0,0,0,0
9821,H19820,H,297.4,306.4,1686,31.7,149,0,0,0,0,0,0
9822,H19821,H,297.4,306.3,1400,44.5,154,0,0,0,0,0,0
9823,M19822,M,297.3,306.3,1473,48.4,159,0,0,0,0,0,0
9824,L19823,L,297.2,306.2,1836,19.0,162,0,0,0,0,0,0
9825,L19824,L,297.2,306.2,1746,30.8,164,0,0,0,0,0,0
9826,L19825,L,297.2,306.2,1500,43.6,166,0,0,0,0,0,0
9827,H19826,H,297.2,306.2,1987,20.8,168,0,0,0,0,0,0
9828,L19827,L,297.3,306.3,1869,22.3,173,0,0,0,0,0,0
9829,L19828,L,297.3,306.4,1503,37.3,175,0,0,0,0,0,0
9830,M19829,M,297.3,306.3,1513,44.9,177,0,0,0,0,0,0
9831,M19830,M,297.4,306.5,1541,45.4,180,0,0,0,0,0,0
9832,L19831,L,297.4,306.5,1170,55.8,183,0,0,0,0,0,0
9833,M19832,M,297.5,306.6,1560,40.8,185,0,0,0,0,0,0
9834,M19833,M,297.6,306.8,1649,36.3,188,0,0,0,0,0,0
9835,H19834,H,297.5,306.7,1748,26.9,191,0,0,0,0,0,0
9836,L19835,L,297.5,306.8,1468,36.2,196,0,0,0,0,0,0
9837,L19836,L,297.4,306.7,1401,47.1,198,0,0,0,0,0,0
9838,L19837,L,297.4,306.6,1378,47.5,200,0,0,0,0,0,0
9839,H19838,H,297.3,306.6,1579,42.6,202,0,0,0,0,0,0
9840,H19839,H,297.3,306.6,1440,45.5,207,0,0,0,0,0,0
9841,M19840,M,297.3,306.5,1298,52.8,212,0,0,0,0,0,0
9842,L19841,L,297.3,306.6,1492,40.8,215,0,0,0,0,0,0
9843,L19842,L,297.3,306.7,1324,53.7,217,1,0,0,0,1,0
9844,M19843,M,297.4,306.6,1665,32.7,219,0,0,0,0,0,0
9845,L19844,L,297.3,306.6,1506,39.3,222,0,0,0,0,0,0
9846,M19845,M,297.3,306.6,1635,35.2,224,0,0,0,0,0,0
9847,H19846,H,297.3,306.8,1372,47.9,0,0,0,0,0,0,0
9848,L19847,L,297.3,306.8,1566,29.9,5,0,0,0,0,0,0
9849,L19848,L,297.3,306.9,1630,36.8,7,0,0,0,0,0,0
9850,L19849,L,297.3,306.8,1886,21.4,9,0,0,0,0,0,0
9851,L19850,L,297.3,307.0,1448,45.9,11,0,0,0,0,0,0
9852,M19851,M,297.2,307.0,1301,52.5,13,0,0,0,0,0,0
9853,L19852,L,297.3,307.1,1379,49.1,16,0,0,0,0,0,0
9854,L19853,L,297.2,307.0,1446,48.1,18,0,0,0,0,0,0
9855,L19854,L,297.2,306.9,1360,48.4,20,0,0,0,0,0,0
9856,L19855,L,297.2,306.9,1467,47.0,22,0,0,0,0,0,0
9857,M19856,M,297.2,306.7,1351,46.1,24,0,0,0,0,0,0
9858,M19857,M,297.1,306.7,1432,46.8,27,0,0,0,0,0,0
9859,M19858,M,297.1,306.7,1651,33.4,30,0,0,0,0,0,0
9860,M19859,M,297.1,306.7,1628,38.0,33,0,0,0,0,0,0
9861,L19860,L,297.1,306.7,1475,40.7,36,0,0,0,0,0,0
9862,M19861,M,297.0,306.6,1550,36.6,38,0,0,0,0,0,0
9863,L19862,L,297.1,306.7,1726,24.3,41,0,0,0,0,0,0
9864,H19863,H,297.1,306.7,1716,27.6,43,0,0,0,0,0,0
9865,L19864,L,297.0,306.6,1513,42.3,48,0,0,0,0,0,0
9866,L19865,L,296.9,306.6,1283,49.1,50,0,0,0,0,0,0
9867,L19866,L,297.0,306.7,1512,40.1,52,0,0,0,0,0,0
9868,M19867,M,296.9,306.7,1102,67.6,54,0,0,0,0,0,0
9869,L19868,L,297.0,306.8,1689,30.8,57,0,0,0,0,0,0
9870,H19869,H,297.1,307.0,1467,44.4,59,0,0,0,0,0,0
9871,L19870,L,297.1,307.0,1234,52.9,64,0,0,0,0,0,0
9872,H19871,H,297.2,307.0,1351,50.7,66,0,0,0,0,0,0
9873,M19872,M,297.1,306.8,1428,46.6,71,0,0,0,0,0,0
9874,L19873,L,297.1,306.9,1347,50.7,74,0,0,0,0,0,0
9875,L19874,L,297.1,307.0,1537,40.6,76,0,0,0,0,0,0
9876,L19875,L,297.1,307.0,1238,56.6,78,0,0,0,0,0,0
9877,H19876,H,297.1,307.0,1294,52.8,80,0,0,0,0,0,0
9878,H19877,H,297.1,307.0,1625,31.5,85,0,0,0,0,0,0
9879,L19878,L,297.0,307.0,1538,43.2,90,0,0,0,0,0,0
9880,L19879,L,297.1,307.1,1733,24.5,92,0,0,0,0,0,0
9881,L19880,L,297.0,307.2,1288,55.2,94,0,0,0,0,0,0
9882,L19881,L,297.0,307.2,1601,42.2,96,0,0,0,0,0,0
9883,M19882,M,297.1,307.1,1370,53.5,98,0,0,0,0,0,0
9884,L19883,L,297.1,307.2,1585,38.9,101,0,0,0,0,0,0
9885,L19884,L,297.0,307.2,1868,21.4,103,0,0,0,0,0,0
9886,H19885,H,297.0,307.1,1100,66.4,105,0,0,0,0,0,0
9887,M19886,M,297.0,307.1,1465,41.3,110,0,0,0,0,0,0
9888,M19887,M,297.0,307.0,1694,30.0,113,0,0,0,0,0,0
9889,L19888,L,297.0,307.1,1375,51.5,116,0,0,0,0,0,0
9890,H19889,H,297.0,307.1,1214,60.4,118,0,0,0,0,0,0
9891,M19890,M,297.0,307.2,1617,38.0,123,0,0,0,0,0,0
9892,M19891,M,297.0,307.2,1623,39.0,126,0,0,0,0,0,0
9893,L19892,L,297.0,307.1,1489,42.4,129,0,0,0,0,0,0
9894,H19893,H,297.0,307.0,1738,28.9,131,0,0,0,0,0,0
9895,M19894,M,297.0,307.0,1549,33.1,136,0,0,0,0,0,0
9896,H19895,H,297.0,307.0,1361,57.8,139,0,0,0,0,0,0
9897,M19896,M,297.1,307.0,1537,38.7,144,0,0,0,0,0,0
9898,M19897,M,297.1,307.0,1717,31.6,147,0,0,0,0,0,0
9899,M19898,M,297.1,307.1,1592,35.5,150,0,0,0,0,0,0
9900,H19899,H,297.3,307.2,1331,50.7,153,0,0,0,0,0,0
9901,L19900,L,297.2,307.2,1861,20.2,158,0,0,0,0,0,0
9902,L19901,L,297.3,307.2,1425,42.5,160,0,0,0,0,0,0
9903,M19902,M,297.3,307.2,1100,64.6,162,0,0,0,0,0,0
9904,M19903,M,297.3,307.2,1257,60.3,165,0,0,0,0,0,0
9905,M19904,M,297.3,307.3,1471,45.7,168,0,0,0,0,0,0
9906,M19905,M,297.3,307.3,1263,53.2,171,0,0,0,0,0,0
9907,M19906,M,297.3,307.3,1341,53.1,174,0,0,0,0,0,0
9908,M19907,M,297.2,307.3,1605,38.7,177,0,0,0,0,0,0
9909,L19908,L,297.2,307.4,1342,49.2,180,0,0,0,0,0,0
9910,H19909,H,297.1,307.3,1257,57.9,182,0,0,0,0,0,0
9911,L19910,L,297.1,307.3,1809,27.4,187,0,0,0,0,0,0
9912,M19911,M,297.1,307.3,1360,45.8,189,0,0,0,0,0,0
9913,H19912,H,297.1,307.4,1506,43.6,192,0,0,0,0,0,0
9914,L19913,L,297.1,307.4,1541,41.0,197,0,0,0,0,0,0
9915,L19914,L,297.1,307.4,1641,40.1,199,0,0,0,0,0,0
9916,L19915,L,297.1,307.4,1530,42.3,201,0,0,0,0,0,0
9917,M19916,M,297.1,307.4,1461,43.2,203,0,0,0,0,0,0
9918,L19917,L,297.1,307.3,1331,51.2,206,0,0,0,0,0,0
9919,L19918,L,297.2,307.3,1570,44.8,208,0,0,0,0,0,0
9920,H19919,H,297.2,307.2,1548,38.2,210,0,0,0,0,0,0
9921,L19920,L,297.1,307.0,1714,31.6,215,0,0,0,0,0,0
9922,M19921,M,297.0,307.1,1605,35.3,217,0,0,0,0,0,0
9923,M19922,M,297.0,307.0,1554,42.6,220,0,0,0,0,0,0
9924,L19923,L,297.0,307.0,1721,32.9,223,0,0,0,0,0,0
9925,L19924,L,297.0,306.9,1376,49.5,225,1,0,0,0,1,0
9926,H19925,H,297.1,307.0,1442,44.3,227,0,0,0,0,0,0
9927,M19926,M,297.0,306.9,1319,51.4,232,1,1,0,0,0,0
9928,L19927,L,297.1,306.9,1550,33.6,0,0,0,0,0,0,0
9929,M19928,M,297.0,306.9,1685,31.7,2,1,0,0,0,0,1
9930,M19929,M,297.0,307.0,1349,51.4,5,0,0,0,0,0,0
9931,L19930,L,297.0,306.9,1470,41.3,8,0,0,0,0,0,0
9932,M19931,M,296.9,306.9,1470,38.0,10,0,0,0,0,0,0
9933,L19932,L,297.0,307.0,1431,47.0,13,0,0,0,0,0,0
9934,L19933,L,296.9,306.9,1444,46.6,15,0,0,0,0,0,0
9935,H19934,H,296.9,306.9,1774,27.4,17,0,0,0,0,0,0
9936,L19935,L,296.9,307.1,1247,53.8,22,0,0,0,0,0,0
9937,L19936,L,296.9,307.1,1630,35.9,24,0,0,0,0,0,0
9938,L19937,L,296.9,307.1,1239,57.0,26,0,0,0,0,0,0
9939,M19938,M,296.9,306.9,1813,26.7,28,0,0,0,0,0,0
9940,M19939,M,296.9,306.9,1430,43.2,31,0,0,0,0,0,0
9941,H19940,H,297.0,307.0,1634,38.1,34,0,0,0,0,0,0
9942,L19941,L,297.0,307.1,1958,20.2,39,0,0,0,0,0,0
9943,M19942,M,297.0,306.9,1433,46.6,41,0,0,0,0,0,0
9944,M19943,M,297.0,307.0,1888,20.8,44,0,0,0,0,0,0
9945,L19944,L,297.0,306.9,1631,37.1,47,0,0,0,0,0,0
9946,L19945,L,296.9,306.9,1293,51.0,49,0,0,0,0,0,0
9947,H19946,H,297.0,306.9,1601,34.7,51,0,0,0,0,0,0
9948,L19947,L,297.0,306.8,1702,31.0,56,0,0,0,0,0,0
9949,M19948,M,297.0,306.9,1515,48.0,58,0,0,0,0,0,0
9950,M19949,M,296.9,306.7,1514,37.5,61,0,0,0,0,0,0
9951,L19950,L,297.0,306.9,1698,35.9,64,0,0,0,0,0,0
9952,H19951,H,297.0,306.9,1310,52.7,66,0,0,0,0,0,0
9953,H19952,H,296.9,306.7,1735,28.3,71,0,0,0,0,0,0
9954,L19953,L,296.8,306.8,1684,35.4,76,0,0,0,0,0,0
9955,M19954,M,296.9,306.8,1504,48.7,78,0,0,0,0,0,0
9956,L19955,L,296.9,306.7,1771,27.7,81,0,0,0,0,0,0
9957,M19956,M,296.9,306.8,1301,57.8,83,0,0,0,0,0,0
9958,L19957,L,296.9,306.7,1523,37.8,86,0,0,0,0,0,0
9959,L19958,L,296.9,306.7,1360,48.7,88,0,0,0,0,0,0
9960,L19959,L,297.0,306.8,1314,48.7,90,0,0,0,0,0,0
9961,L19960,L,296.9,306.7,1535,38.5,92,0,0,0,0,0,0
9962,L19961,L,296.9,306.7,1651,35.2,94,0,0,0,0,0,0
9963,L19962,L,297.0,306.7,1557,39.6,96,0,0,0,0,0,0
9964,H19963,H,297.0,306.7,1513,47.1,98,0,0,0,0,0,0
9965,L19964,L,297.0,306.6,1821,30.1,103,0,0,0,0,0,0
9966,L19965,L,297.0,306.6,1735,28.0,105,0,0,0,0,0,0
9967,L19966,L,297.0,306.8,1248,54.8,107,0,0,0,0,0,0
9968,M19967,M,297.1,306.8,1728,32.7,109,0,0,0,0,0,0
9969,L19968,L,297.1,306.8,1548,43.5,112,0,0,0,0,0,0
9970,M19969,M,297.1,306.8,1597,38.0,114,0,0,0,0,0,0
9971,M19970,M,297.1,306.8,1604,38.4,117,0,0,0,0,0,0
9972,L19971,L,297.2,306.9,1325,54.3,120,0,0,0,0,0,0
9973,H19972,H,297.2,306.8,1497,39.1,122,0,0,0,0,0,0
9974,L19973,L,297.2,306.8,1531,36.4,127,0,0,0,0,0,0
9975,M19974,M,297.2,306.8,1581,37.3,129,0,0,0,0,0,0
9976,L19975,L,297.2,306.8,1612,35.0,132,0,0,0,0,0,0
9977,M19976,M,297.2,306.8,1667,33.3,134,0,0,0,0,0,0
9978,H19977,H,297.2,306.9,1616,35.0,137,0,0,0,0,0,0
9979,L19978,L,297.3,306.9,1160,56.6,142,0,0,0,0,0,0
9980,L19979,L,297.3,306.9,1299,47.1,144,0,0,0,0,0,0
9981,L19980,L,297.3,306.9,1638,36.5,146,0,0,0,0,0,0
9982,L19981,L,297.4,307.0,1334,49.8,148,0,0,0,0,0,0
9983,H19982,H,297.4,307.1,1795,24.1,150,0,0,0,0,0,0
9984,M19983,M,297.4,307.2,1273,53.8,155,0,0,0,0,0,0
9985,M19984,M,297.5,307.3,1267,53.0,158,0,0,0,0,0,0
9986,H19985,H,297.3,307.1,1105,62.4,161,0,0,0,0,0,0
9987,H19986,H,297.3,307.0,1423,50.1,166,0,0,0,0,0,0
9988,H19987,H,297.3,307.0,1450,44.4,171,0,0,0,0,0,0
9989,L19988,L,297.3,307.0,1354,52.9,176,0,0,0,0,0,0
9990,L19989,L,297.3,306.9,1687,33.7,178,0,0,0,0,0,0
9991,L19990,L,297.3,306.9,1623,36.0,180,0,0,0,0,0,0
9992,L19991,L,297.3,306.9,1594,39.4,182,0,0,0,0,0,0
9993,L19992,L,297.4,306.9,1306,53.7,184,0,0,0,0,0,0
9994,L19993,L,297.3,306.9,1760,31.4,186,0,0,0,0,0,0
9995,L19994,L,297.4,307.0,1748,30.4,188,0,0,0,0,0,0
9996,L19995,L,297.3,306.9,1551,42.4,190,0,0,0,0,0,0
9997,L19996,L,297.3,307.0,1364,47.2,192,0,0,0,0,0,0
9998,L19997,L,297.3,306.8,1672,33.0,194,0,0,0,0,0,0
9999,L19998,L,297.4,306.8,1321,46.7,196,0,0,0,0,0,0
10000,L19999,L,297.4,306.8,1384,53.7,198,0,0,0,0,0,0
